2026-05-07 13:43:03 [main] INFO  c.example.backend.BackendApplication - Starting BackendApplication using Java 17.0.18 with PID 7636 (D:\DATN\VietnamPhoto\backend\target\classes started by Tuna in D:\DATN\VietnamPhoto)
2026-05-07 13:43:03 [main] DEBUG c.example.backend.BackendApplication - Running with Spring Boot v4.0.3, Spring v7.0.5
2026-05-07 13:43:03 [main] INFO  c.example.backend.BackendApplication - No active profile set, falling back to 1 default profile: "default"
2026-05-07 13:43:03 [background-preinit] INFO  o.h.validator.internal.util.Version - HV000001: Hibernate Validator 9.0.1.Final
2026-05-07 13:43:04 [main] INFO  o.s.d.r.c.RepositoryConfigurationDelegate - Bootstrapping Spring Data JPA repositories in DEFAULT mode.
2026-05-07 13:43:04 [main] INFO  o.s.d.r.c.RepositoryConfigurationDelegate - Finished Spring Data repository scanning in 55 ms. Found 7 JPA repository interfaces.
2026-05-07 13:43:04 [main] INFO  o.s.boot.tomcat.TomcatWebServer - Tomcat initialized with port 8081 (http)
2026-05-07 13:43:04 [main] INFO  o.a.coyote.http11.Http11NioProtocol - Initializing ProtocolHandler ["http-nio-8081"]
2026-05-07 13:43:04 [main] INFO  o.a.catalina.core.StandardService - Starting service [Tomcat]
2026-05-07 13:43:04 [main] INFO  o.a.catalina.core.StandardEngine - Starting Servlet engine: [Apache Tomcat/11.0.18]
2026-05-07 13:43:04 [main] INFO  o.s.b.w.c.s.WebApplicationContextInitializer - Root WebApplicationContext: initialization completed in 1381 ms
2026-05-07 13:43:04 [main] DEBUG c.example.backend.config.JwtFilter - Filter 'jwtFilter' configured for use
2026-05-07 13:43:04 [main] INFO  org.hibernate.orm.jpa - HHH008540: Processing PersistenceUnitInfo [name: default]
2026-05-07 13:43:05 [main] INFO  org.hibernate.orm.core - HHH000001: Hibernate ORM core version 7.2.4.Final
2026-05-07 13:43:05 [main] INFO  o.s.o.j.p.SpringPersistenceUnitInfo - No LoadTimeWeaver setup: ignoring JPA class transformer
2026-05-07 13:43:05 [main] INFO  com.zaxxer.hikari.HikariDataSource - HikariPool-1 - Starting...
2026-05-07 13:43:05 [main] INFO  com.zaxxer.hikari.pool.HikariPool - HikariPool-1 - Added connection com.mysql.cj.jdbc.ConnectionImpl@46590dd0
2026-05-07 13:43:05 [main] INFO  com.zaxxer.hikari.HikariDataSource - HikariPool-1 - Start completed.
2026-05-07 13:43:05 [main] INFO  o.hibernate.orm.connections.pooling - HHH10001005: Database info:
	Database JDBC URL [jdbc:mysql://localhost:3306/VNScout]
	Database driver: MySQL Connector/J
	Database dialect: MySQLDialect
	Database version: 8.0.46
	Default catalog/schema: VNScout/undefined
	Autocommit mode: undefined/unknown
	Isolation level: REPEATABLE_READ [default REPEATABLE_READ]
	JDBC fetch size: none
	Pool: DataSourceConnectionProvider
	Minimum pool size: undefined/unknown
	Maximum pool size: undefined/unknown
2026-05-07 13:43:06 [main] INFO  org.hibernate.orm.core - HHH000489: No JTA platform available (set 'hibernate.transaction.jta.platform' to enable JTA platform integration)
2026-05-07 13:43:07 [main] INFO  o.s.o.j.LocalContainerEntityManagerFactoryBean - Initialized JPA EntityManagerFactory for persistence unit 'default'
2026-05-07 13:43:07 [main] INFO  o.s.d.j.r.q.QueryEnhancerFactories - Hibernate is in classpath; If applicable, HQL parser will be used.
2026-05-07 13:43:07 [main] WARN  o.s.b.w.s.s.c.AnnotationConfigServletWebServerApplicationContext - Exception encountered during context initialization - cancelling refresh attempt: org.springframework.beans.factory.BeanCreationException: Error creating bean with name 'cloudinaryConfig': Injection of autowired dependencies failed
2026-05-07 13:43:07 [main] INFO  o.s.o.j.LocalContainerEntityManagerFactoryBean - Closing JPA EntityManagerFactory for persistence unit 'default'
2026-05-07 13:43:07 [main] INFO  com.zaxxer.hikari.HikariDataSource - HikariPool-1 - Shutdown initiated...
2026-05-07 13:43:07 [main] INFO  com.zaxxer.hikari.HikariDataSource - HikariPool-1 - Shutdown completed.
2026-05-07 13:43:07 [main] INFO  o.a.catalina.core.StandardService - Stopping service [Tomcat]
2026-05-07 13:43:07 [main] INFO  o.s.b.a.l.ConditionEvaluationReportLogger - 

Error starting ApplicationContext. To display the condition evaluation report re-run your application with 'debug' enabled.
2026-05-07 13:43:07 [main] ERROR o.s.boot.SpringApplication - Application run failed
org.springframework.beans.factory.BeanCreationException: Error creating bean with name 'cloudinaryConfig': Injection of autowired dependencies failed
	at org.springframework.beans.factory.annotation.AutowiredAnnotationBeanPostProcessor.postProcessProperties(AutowiredAnnotationBeanPostProcessor.java:499)
	at org.springframework.beans.factory.support.AbstractAutowireCapableBeanFactory.populateBean(AbstractAutowireCapableBeanFactory.java:1446)
	at org.springframework.beans.factory.support.AbstractAutowireCapableBeanFactory.doCreateBean(AbstractAutowireCapableBeanFactory.java:602)
	at org.springframework.beans.factory.support.AbstractAutowireCapableBeanFactory.createBean(AbstractAutowireCapableBeanFactory.java:525)
	at org.springframework.beans.factory.support.AbstractBeanFactory.lambda$doGetBean$0(AbstractBeanFactory.java:333)
	at org.springframework.beans.factory.support.DefaultSingletonBeanRegistry.getSingleton(DefaultSingletonBeanRegistry.java:371)
	at org.springframework.beans.factory.support.AbstractBeanFactory.doGetBean(AbstractBeanFactory.java:331)
	at org.springframework.beans.factory.support.AbstractBeanFactory.getBean(AbstractBeanFactory.java:196)
	at org.springframework.beans.factory.support.DefaultListableBeanFactory.instantiateSingleton(DefaultListableBeanFactory.java:1218)
	at org.springframework.beans.factory.support.DefaultListableBeanFactory.preInstantiateSingleton(DefaultListableBeanFactory.java:1184)
	at org.springframework.beans.factory.support.DefaultListableBeanFactory.preInstantiateSingletons(DefaultListableBeanFactory.java:1121)
	at org.springframework.context.support.AbstractApplicationContext.finishBeanFactoryInitialization(AbstractApplicationContext.java:994)
	at org.springframework.context.support.AbstractApplicationContext.refresh(AbstractApplicationContext.java:621)
	at org.springframework.boot.web.server.servlet.context.ServletWebServerApplicationContext.refresh(ServletWebServerApplicationContext.java:143)
	at org.springframework.boot.SpringApplication.refresh(SpringApplication.java:756)
	at org.springframework.boot.SpringApplication.refreshContext(SpringApplication.java:445)
	at org.springframework.boot.SpringApplication.run(SpringApplication.java:321)
	at org.springframework.boot.SpringApplication.run(SpringApplication.java:1365)
	at org.springframework.boot.SpringApplication.run(SpringApplication.java:1354)
	at com.example.backend.BackendApplication.main(BackendApplication.java:15)
Caused by: org.springframework.util.PlaceholderResolutionException: Could not resolve placeholder 'CLOUD_NAME' in value "${CLOUD_NAME}" <-- "${cloudinary.cloud-name}"
	at org.springframework.util.PlaceholderResolutionException.withValue(PlaceholderResolutionException.java:81)
	at org.springframework.util.PlaceholderParser$ParsedValue.resolve(PlaceholderParser.java:296)
	at org.springframework.util.PlaceholderParser.replacePlaceholders(PlaceholderParser.java:129)
	at org.springframework.util.PropertyPlaceholderHelper.replacePlaceholders(PropertyPlaceholderHelper.java:96)
	at org.springframework.core.env.AbstractPropertyResolver.doResolvePlaceholders(AbstractPropertyResolver.java:286)
	at org.springframework.core.env.AbstractPropertyResolver.resolveRequiredPlaceholders(AbstractPropertyResolver.java:257)
	at org.springframework.context.support.PropertySourcesPlaceholderConfigurer.lambda$processProperties$0(PropertySourcesPlaceholderConfigurer.java:184)
	at org.springframework.beans.factory.support.AbstractBeanFactory.resolveEmbeddedValue(AbstractBeanFactory.java:959)
	at org.springframework.beans.factory.support.DefaultListableBeanFactory.doResolveDependency(DefaultListableBeanFactory.java:1672)
	at org.springframework.beans.factory.support.DefaultListableBeanFactory.resolveDependency(DefaultListableBeanFactory.java:1651)
	at org.springframework.beans.factory.annotation.AutowiredAnnotationBeanPostProcessor$AutowiredFieldElement.resolveFieldValue(AutowiredAnnotationBeanPostProcessor.java:764)
	at org.springframework.beans.factory.annotation.AutowiredAnnotationBeanPostProcessor$AutowiredFieldElement.inject(AutowiredAnnotationBeanPostProcessor.java:748)
	at org.springframework.beans.factory.annotation.InjectionMetadata.inject(InjectionMetadata.java:146)
	at org.springframework.beans.factory.annotation.AutowiredAnnotationBeanPostProcessor.postProcessProperties(AutowiredAnnotationBeanPostProcessor.java:493)
	... 19 common frames omitted
2026-05-07 13:45:36 [main] INFO  c.example.backend.BackendApplication - Starting BackendApplication using Java 17.0.18 with PID 15780 (D:\DATN\VietnamPhoto\backend\target\classes started by Tuna in D:\DATN\VietnamPhoto)
2026-05-07 13:45:36 [main] DEBUG c.example.backend.BackendApplication - Running with Spring Boot v4.0.3, Spring v7.0.5
2026-05-07 13:45:36 [main] INFO  c.example.backend.BackendApplication - No active profile set, falling back to 1 default profile: "default"
2026-05-07 13:45:36 [background-preinit] INFO  o.h.validator.internal.util.Version - HV000001: Hibernate Validator 9.0.1.Final
2026-05-07 13:45:37 [main] INFO  o.s.d.r.c.RepositoryConfigurationDelegate - Bootstrapping Spring Data JPA repositories in DEFAULT mode.
2026-05-07 13:45:37 [main] INFO  o.s.d.r.c.RepositoryConfigurationDelegate - Finished Spring Data repository scanning in 44 ms. Found 7 JPA repository interfaces.
2026-05-07 13:45:37 [main] INFO  o.s.boot.tomcat.TomcatWebServer - Tomcat initialized with port 8081 (http)
2026-05-07 13:45:37 [main] INFO  o.a.coyote.http11.Http11NioProtocol - Initializing ProtocolHandler ["http-nio-8081"]
2026-05-07 13:45:37 [main] INFO  o.a.catalina.core.StandardService - Starting service [Tomcat]
2026-05-07 13:45:37 [main] INFO  o.a.catalina.core.StandardEngine - Starting Servlet engine: [Apache Tomcat/11.0.18]
2026-05-07 13:45:37 [main] INFO  o.s.b.w.c.s.WebApplicationContextInitializer - Root WebApplicationContext: initialization completed in 997 ms
2026-05-07 13:45:37 [main] DEBUG c.example.backend.config.JwtFilter - Filter 'jwtFilter' configured for use
2026-05-07 13:45:37 [main] INFO  org.hibernate.orm.jpa - HHH008540: Processing PersistenceUnitInfo [name: default]
2026-05-07 13:45:37 [main] INFO  org.hibernate.orm.core - HHH000001: Hibernate ORM core version 7.2.4.Final
2026-05-07 13:45:38 [main] INFO  o.s.o.j.p.SpringPersistenceUnitInfo - No LoadTimeWeaver setup: ignoring JPA class transformer
2026-05-07 13:45:38 [main] INFO  com.zaxxer.hikari.HikariDataSource - HikariPool-1 - Starting...
2026-05-07 13:45:38 [main] INFO  com.zaxxer.hikari.pool.HikariPool - HikariPool-1 - Added connection com.mysql.cj.jdbc.ConnectionImpl@1f4cb17b
2026-05-07 13:45:38 [main] INFO  com.zaxxer.hikari.HikariDataSource - HikariPool-1 - Start completed.
2026-05-07 13:45:38 [main] INFO  o.hibernate.orm.connections.pooling - HHH10001005: Database info:
	Database JDBC URL [jdbc:mysql://localhost:3306/VNScout]
	Database driver: MySQL Connector/J
	Database dialect: MySQLDialect
	Database version: 8.0.46
	Default catalog/schema: VNScout/undefined
	Autocommit mode: undefined/unknown
	Isolation level: REPEATABLE_READ [default REPEATABLE_READ]
	JDBC fetch size: none
	Pool: DataSourceConnectionProvider
	Minimum pool size: undefined/unknown
	Maximum pool size: undefined/unknown
2026-05-07 13:45:39 [main] INFO  org.hibernate.orm.core - HHH000489: No JTA platform available (set 'hibernate.transaction.jta.platform' to enable JTA platform integration)
2026-05-07 13:45:39 [main] INFO  o.s.o.j.LocalContainerEntityManagerFactoryBean - Initialized JPA EntityManagerFactory for persistence unit 'default'
2026-05-07 13:45:39 [main] INFO  o.s.d.j.r.q.QueryEnhancerFactories - Hibernate is in classpath; If applicable, HQL parser will be used.
2026-05-07 13:45:39 [main] WARN  o.s.b.w.s.s.c.AnnotationConfigServletWebServerApplicationContext - Exception encountered during context initialization - cancelling refresh attempt: org.springframework.beans.factory.BeanCreationException: Error creating bean with name 'cloudinaryConfig': Injection of autowired dependencies failed
2026-05-07 13:45:39 [main] INFO  o.s.o.j.LocalContainerEntityManagerFactoryBean - Closing JPA EntityManagerFactory for persistence unit 'default'
2026-05-07 13:45:39 [main] INFO  com.zaxxer.hikari.HikariDataSource - HikariPool-1 - Shutdown initiated...
2026-05-07 13:45:39 [main] INFO  com.zaxxer.hikari.HikariDataSource - HikariPool-1 - Shutdown completed.
2026-05-07 13:45:39 [main] INFO  o.a.catalina.core.StandardService - Stopping service [Tomcat]
2026-05-07 13:45:39 [main] INFO  o.s.b.a.l.ConditionEvaluationReportLogger - 

Error starting ApplicationContext. To display the condition evaluation report re-run your application with 'debug' enabled.
2026-05-07 13:45:39 [main] ERROR o.s.boot.SpringApplication - Application run failed
org.springframework.beans.factory.BeanCreationException: Error creating bean with name 'cloudinaryConfig': Injection of autowired dependencies failed
	at org.springframework.beans.factory.annotation.AutowiredAnnotationBeanPostProcessor.postProcessProperties(AutowiredAnnotationBeanPostProcessor.java:499)
	at org.springframework.beans.factory.support.AbstractAutowireCapableBeanFactory.populateBean(AbstractAutowireCapableBeanFactory.java:1446)
	at org.springframework.beans.factory.support.AbstractAutowireCapableBeanFactory.doCreateBean(AbstractAutowireCapableBeanFactory.java:602)
	at org.springframework.beans.factory.support.AbstractAutowireCapableBeanFactory.createBean(AbstractAutowireCapableBeanFactory.java:525)
	at org.springframework.beans.factory.support.AbstractBeanFactory.lambda$doGetBean$0(AbstractBeanFactory.java:333)
	at org.springframework.beans.factory.support.DefaultSingletonBeanRegistry.getSingleton(DefaultSingletonBeanRegistry.java:371)
	at org.springframework.beans.factory.support.AbstractBeanFactory.doGetBean(AbstractBeanFactory.java:331)
	at org.springframework.beans.factory.support.AbstractBeanFactory.getBean(AbstractBeanFactory.java:196)
	at org.springframework.beans.factory.support.DefaultListableBeanFactory.instantiateSingleton(DefaultListableBeanFactory.java:1218)
	at org.springframework.beans.factory.support.DefaultListableBeanFactory.preInstantiateSingleton(DefaultListableBeanFactory.java:1184)
	at org.springframework.beans.factory.support.DefaultListableBeanFactory.preInstantiateSingletons(DefaultListableBeanFactory.java:1121)
	at org.springframework.context.support.AbstractApplicationContext.finishBeanFactoryInitialization(AbstractApplicationContext.java:994)
	at org.springframework.context.support.AbstractApplicationContext.refresh(AbstractApplicationContext.java:621)
	at org.springframework.boot.web.server.servlet.context.ServletWebServerApplicationContext.refresh(ServletWebServerApplicationContext.java:143)
	at org.springframework.boot.SpringApplication.refresh(SpringApplication.java:756)
	at org.springframework.boot.SpringApplication.refreshContext(SpringApplication.java:445)
	at org.springframework.boot.SpringApplication.run(SpringApplication.java:321)
	at org.springframework.boot.SpringApplication.run(SpringApplication.java:1365)
	at org.springframework.boot.SpringApplication.run(SpringApplication.java:1354)
	at com.example.backend.BackendApplication.main(BackendApplication.java:15)
Caused by: org.springframework.util.PlaceholderResolutionException: Could not resolve placeholder 'CLOUD_NAME' in value "${CLOUD_NAME}" <-- "${cloudinary.cloud-name}"
	at org.springframework.util.PlaceholderResolutionException.withValue(PlaceholderResolutionException.java:81)
	at org.springframework.util.PlaceholderParser$ParsedValue.resolve(PlaceholderParser.java:296)
	at org.springframework.util.PlaceholderParser.replacePlaceholders(PlaceholderParser.java:129)
	at org.springframework.util.PropertyPlaceholderHelper.replacePlaceholders(PropertyPlaceholderHelper.java:96)
	at org.springframework.core.env.AbstractPropertyResolver.doResolvePlaceholders(AbstractPropertyResolver.java:286)
	at org.springframework.core.env.AbstractPropertyResolver.resolveRequiredPlaceholders(AbstractPropertyResolver.java:257)
	at org.springframework.context.support.PropertySourcesPlaceholderConfigurer.lambda$processProperties$0(PropertySourcesPlaceholderConfigurer.java:184)
	at org.springframework.beans.factory.support.AbstractBeanFactory.resolveEmbeddedValue(AbstractBeanFactory.java:959)
	at org.springframework.beans.factory.support.DefaultListableBeanFactory.doResolveDependency(DefaultListableBeanFactory.java:1672)
	at org.springframework.beans.factory.support.DefaultListableBeanFactory.resolveDependency(DefaultListableBeanFactory.java:1651)
	at org.springframework.beans.factory.annotation.AutowiredAnnotationBeanPostProcessor$AutowiredFieldElement.resolveFieldValue(AutowiredAnnotationBeanPostProcessor.java:764)
	at org.springframework.beans.factory.annotation.AutowiredAnnotationBeanPostProcessor$AutowiredFieldElement.inject(AutowiredAnnotationBeanPostProcessor.java:748)
	at org.springframework.beans.factory.annotation.InjectionMetadata.inject(InjectionMetadata.java:146)
	at org.springframework.beans.factory.annotation.AutowiredAnnotationBeanPostProcessor.postProcessProperties(AutowiredAnnotationBeanPostProcessor.java:493)
	... 19 common frames omitted
2026-05-07 13:45:46 [main] INFO  c.example.backend.BackendApplication - Starting BackendApplication using Java 17.0.18 with PID 12540 (D:\DATN\VietnamPhoto\backend\target\classes started by Tuna in D:\DATN\VietnamPhoto)
2026-05-07 13:45:46 [main] DEBUG c.example.backend.BackendApplication - Running with Spring Boot v4.0.3, Spring v7.0.5
2026-05-07 13:45:46 [main] INFO  c.example.backend.BackendApplication - No active profile set, falling back to 1 default profile: "default"
2026-05-07 13:45:46 [background-preinit] INFO  o.h.validator.internal.util.Version - HV000001: Hibernate Validator 9.0.1.Final
2026-05-07 13:45:46 [main] INFO  o.s.d.r.c.RepositoryConfigurationDelegate - Bootstrapping Spring Data JPA repositories in DEFAULT mode.
2026-05-07 13:45:46 [main] INFO  o.s.d.r.c.RepositoryConfigurationDelegate - Finished Spring Data repository scanning in 66 ms. Found 7 JPA repository interfaces.
2026-05-07 13:45:47 [main] INFO  o.s.boot.tomcat.TomcatWebServer - Tomcat initialized with port 8081 (http)
2026-05-07 13:45:47 [main] INFO  o.a.coyote.http11.Http11NioProtocol - Initializing ProtocolHandler ["http-nio-8081"]
2026-05-07 13:45:47 [main] INFO  o.a.catalina.core.StandardService - Starting service [Tomcat]
2026-05-07 13:45:47 [main] INFO  o.a.catalina.core.StandardEngine - Starting Servlet engine: [Apache Tomcat/11.0.18]
2026-05-07 13:45:47 [main] INFO  o.s.b.w.c.s.WebApplicationContextInitializer - Root WebApplicationContext: initialization completed in 1595 ms
2026-05-07 13:45:47 [main] DEBUG c.example.backend.config.JwtFilter - Filter 'jwtFilter' configured for use
2026-05-07 13:45:48 [main] INFO  org.hibernate.orm.jpa - HHH008540: Processing PersistenceUnitInfo [name: default]
2026-05-07 13:45:48 [main] INFO  org.hibernate.orm.core - HHH000001: Hibernate ORM core version 7.2.4.Final
2026-05-07 13:45:49 [main] INFO  o.s.o.j.p.SpringPersistenceUnitInfo - No LoadTimeWeaver setup: ignoring JPA class transformer
2026-05-07 13:45:49 [main] INFO  com.zaxxer.hikari.HikariDataSource - HikariPool-1 - Starting...
2026-05-07 13:45:49 [main] INFO  com.zaxxer.hikari.pool.HikariPool - HikariPool-1 - Added connection com.mysql.cj.jdbc.ConnectionImpl@512dc0e0
2026-05-07 13:45:49 [main] INFO  com.zaxxer.hikari.HikariDataSource - HikariPool-1 - Start completed.
2026-05-07 13:45:49 [main] INFO  o.hibernate.orm.connections.pooling - HHH10001005: Database info:
	Database JDBC URL [jdbc:mysql://localhost:3306/VNScout]
	Database driver: MySQL Connector/J
	Database dialect: MySQLDialect
	Database version: 8.0.46
	Default catalog/schema: VNScout/undefined
	Autocommit mode: undefined/unknown
	Isolation level: REPEATABLE_READ [default REPEATABLE_READ]
	JDBC fetch size: none
	Pool: DataSourceConnectionProvider
	Minimum pool size: undefined/unknown
	Maximum pool size: undefined/unknown
2026-05-07 13:45:50 [main] INFO  org.hibernate.orm.core - HHH000489: No JTA platform available (set 'hibernate.transaction.jta.platform' to enable JTA platform integration)
2026-05-07 13:45:50 [main] INFO  o.s.o.j.LocalContainerEntityManagerFactoryBean - Initialized JPA EntityManagerFactory for persistence unit 'default'
2026-05-07 13:45:50 [main] INFO  o.s.d.j.r.q.QueryEnhancerFactories - Hibernate is in classpath; If applicable, HQL parser will be used.
2026-05-07 13:45:52 [main] WARN  o.s.b.j.a.JpaBaseConfiguration$JpaWebConfiguration - spring.jpa.open-in-view is enabled by default. Therefore, database queries may be performed during view rendering. Explicitly configure spring.jpa.open-in-view to disable this warning
2026-05-07 13:45:52 [main] WARN  o.s.b.s.a.UserDetailsServiceAutoConfiguration - 

Using generated security password: 571ca29e-bca0-4fc7-ae10-345412e03c2b

This generated password is for development use only. Your security configuration must be updated before running your application in production.

2026-05-07 13:45:52 [main] INFO  o.s.s.c.a.a.c.InitializeUserDetailsBeanManagerConfigurer$InitializeUserDetailsManagerConfigurer - Global AuthenticationManager configured with UserDetailsService bean with name inMemoryUserDetailsManager
2026-05-07 13:45:52 [main] DEBUG o.s.s.web.DefaultSecurityFilterChain - Will secure any request with filters: DisableEncodeUrlFilter, WebAsyncManagerIntegrationFilter, SecurityContextHolderFilter, HeaderWriterFilter, CorsFilter, LogoutFilter, JwtFilter, RequestCacheAwareFilter, SecurityContextHolderAwareRequestFilter, AnonymousAuthenticationFilter, ExceptionTranslationFilter, AuthorizationFilter
2026-05-07 13:45:52 [main] INFO  o.a.coyote.http11.Http11NioProtocol - Starting ProtocolHandler ["http-nio-8081"]
2026-05-07 13:45:53 [main] INFO  o.s.boot.tomcat.TomcatWebServer - Tomcat started on port 8081 (http) with context path '/'
2026-05-07 13:45:53 [main] INFO  c.example.backend.BackendApplication - Started BackendApplication in 7.417 seconds (process running for 7.922)
2026-05-07 13:45:53 [main] INFO  c.e.b.c.BannedWordDataInitializer - Banned words already initialized. Skip import.
2026-05-07 13:46:44 [SpringApplicationShutdownHook] INFO  o.s.boot.tomcat.GracefulShutdown - Commencing graceful shutdown. Waiting for active requests to complete
2026-05-07 13:46:45 [tomcat-shutdown] INFO  o.s.boot.tomcat.GracefulShutdown - Graceful shutdown complete
2026-05-07 13:46:45 [SpringApplicationShutdownHook] INFO  o.s.o.j.LocalContainerEntityManagerFactoryBean - Closing JPA EntityManagerFactory for persistence unit 'default'
2026-05-07 13:46:45 [SpringApplicationShutdownHook] INFO  com.zaxxer.hikari.HikariDataSource - HikariPool-1 - Shutdown initiated...
2026-05-07 13:46:45 [SpringApplicationShutdownHook] INFO  com.zaxxer.hikari.HikariDataSource - HikariPool-1 - Shutdown completed.
2026-05-07 13:46:54 [main] INFO  c.example.backend.BackendApplication - Starting BackendApplication using Java 17.0.18 with PID 7668 (D:\DATN\VietnamPhoto\backend\target\classes started by Tuna in D:\DATN\VietnamPhoto)
2026-05-07 13:46:54 [main] DEBUG c.example.backend.BackendApplication - Running with Spring Boot v4.0.3, Spring v7.0.5
2026-05-07 13:46:54 [main] INFO  c.example.backend.BackendApplication - No active profile set, falling back to 1 default profile: "default"
2026-05-07 13:46:55 [background-preinit] INFO  o.h.validator.internal.util.Version - HV000001: Hibernate Validator 9.0.1.Final
2026-05-07 13:46:55 [main] INFO  o.s.d.r.c.RepositoryConfigurationDelegate - Bootstrapping Spring Data JPA repositories in DEFAULT mode.
2026-05-07 13:46:55 [main] INFO  o.s.d.r.c.RepositoryConfigurationDelegate - Finished Spring Data repository scanning in 46 ms. Found 7 JPA repository interfaces.
2026-05-07 13:46:55 [main] INFO  o.s.boot.tomcat.TomcatWebServer - Tomcat initialized with port 8081 (http)
2026-05-07 13:46:55 [main] INFO  o.a.coyote.http11.Http11NioProtocol - Initializing ProtocolHandler ["http-nio-8081"]
2026-05-07 13:46:55 [main] INFO  o.a.catalina.core.StandardService - Starting service [Tomcat]
2026-05-07 13:46:55 [main] INFO  o.a.catalina.core.StandardEngine - Starting Servlet engine: [Apache Tomcat/11.0.18]
2026-05-07 13:46:55 [main] INFO  o.s.b.w.c.s.WebApplicationContextInitializer - Root WebApplicationContext: initialization completed in 1032 ms
2026-05-07 13:46:55 [main] DEBUG c.example.backend.config.JwtFilter - Filter 'jwtFilter' configured for use
2026-05-07 13:46:56 [main] INFO  org.hibernate.orm.jpa - HHH008540: Processing PersistenceUnitInfo [name: default]
2026-05-07 13:46:56 [main] INFO  org.hibernate.orm.core - HHH000001: Hibernate ORM core version 7.2.4.Final
2026-05-07 13:46:56 [main] INFO  o.s.o.j.p.SpringPersistenceUnitInfo - No LoadTimeWeaver setup: ignoring JPA class transformer
2026-05-07 13:46:56 [main] INFO  com.zaxxer.hikari.HikariDataSource - HikariPool-1 - Starting...
2026-05-07 13:46:56 [main] INFO  com.zaxxer.hikari.pool.HikariPool - HikariPool-1 - Added connection com.mysql.cj.jdbc.ConnectionImpl@1bf52f10
2026-05-07 13:46:56 [main] INFO  com.zaxxer.hikari.HikariDataSource - HikariPool-1 - Start completed.
2026-05-07 13:46:56 [main] INFO  o.hibernate.orm.connections.pooling - HHH10001005: Database info:
	Database JDBC URL [jdbc:mysql://localhost:3306/VNScout]
	Database driver: MySQL Connector/J
	Database dialect: MySQLDialect
	Database version: 8.0.46
	Default catalog/schema: VNScout/undefined
	Autocommit mode: undefined/unknown
	Isolation level: REPEATABLE_READ [default REPEATABLE_READ]
	JDBC fetch size: none
	Pool: DataSourceConnectionProvider
	Minimum pool size: undefined/unknown
	Maximum pool size: undefined/unknown
2026-05-07 13:46:57 [main] INFO  org.hibernate.orm.core - HHH000489: No JTA platform available (set 'hibernate.transaction.jta.platform' to enable JTA platform integration)
2026-05-07 13:46:57 [main] INFO  o.s.o.j.LocalContainerEntityManagerFactoryBean - Initialized JPA EntityManagerFactory for persistence unit 'default'
2026-05-07 13:46:57 [main] INFO  o.s.d.j.r.q.QueryEnhancerFactories - Hibernate is in classpath; If applicable, HQL parser will be used.
2026-05-07 13:46:57 [main] WARN  o.s.b.w.s.s.c.AnnotationConfigServletWebServerApplicationContext - Exception encountered during context initialization - cancelling refresh attempt: org.springframework.beans.factory.BeanCreationException: Error creating bean with name 'cloudinaryConfig': Injection of autowired dependencies failed
2026-05-07 13:46:57 [main] INFO  o.s.o.j.LocalContainerEntityManagerFactoryBean - Closing JPA EntityManagerFactory for persistence unit 'default'
2026-05-07 13:46:57 [main] INFO  com.zaxxer.hikari.HikariDataSource - HikariPool-1 - Shutdown initiated...
2026-05-07 13:46:57 [main] INFO  com.zaxxer.hikari.HikariDataSource - HikariPool-1 - Shutdown completed.
2026-05-07 13:46:57 [main] INFO  o.a.catalina.core.StandardService - Stopping service [Tomcat]
2026-05-07 13:46:57 [main] INFO  o.s.b.a.l.ConditionEvaluationReportLogger - 

Error starting ApplicationContext. To display the condition evaluation report re-run your application with 'debug' enabled.
2026-05-07 13:46:57 [main] ERROR o.s.boot.SpringApplication - Application run failed
org.springframework.beans.factory.BeanCreationException: Error creating bean with name 'cloudinaryConfig': Injection of autowired dependencies failed
	at org.springframework.beans.factory.annotation.AutowiredAnnotationBeanPostProcessor.postProcessProperties(AutowiredAnnotationBeanPostProcessor.java:499)
	at org.springframework.beans.factory.support.AbstractAutowireCapableBeanFactory.populateBean(AbstractAutowireCapableBeanFactory.java:1446)
	at org.springframework.beans.factory.support.AbstractAutowireCapableBeanFactory.doCreateBean(AbstractAutowireCapableBeanFactory.java:602)
	at org.springframework.beans.factory.support.AbstractAutowireCapableBeanFactory.createBean(AbstractAutowireCapableBeanFactory.java:525)
	at org.springframework.beans.factory.support.AbstractBeanFactory.lambda$doGetBean$0(AbstractBeanFactory.java:333)
	at org.springframework.beans.factory.support.DefaultSingletonBeanRegistry.getSingleton(DefaultSingletonBeanRegistry.java:371)
	at org.springframework.beans.factory.support.AbstractBeanFactory.doGetBean(AbstractBeanFactory.java:331)
	at org.springframework.beans.factory.support.AbstractBeanFactory.getBean(AbstractBeanFactory.java:196)
	at org.springframework.beans.factory.support.DefaultListableBeanFactory.instantiateSingleton(DefaultListableBeanFactory.java:1218)
	at org.springframework.beans.factory.support.DefaultListableBeanFactory.preInstantiateSingleton(DefaultListableBeanFactory.java:1184)
	at org.springframework.beans.factory.support.DefaultListableBeanFactory.preInstantiateSingletons(DefaultListableBeanFactory.java:1121)
	at org.springframework.context.support.AbstractApplicationContext.finishBeanFactoryInitialization(AbstractApplicationContext.java:994)
	at org.springframework.context.support.AbstractApplicationContext.refresh(AbstractApplicationContext.java:621)
	at org.springframework.boot.web.server.servlet.context.ServletWebServerApplicationContext.refresh(ServletWebServerApplicationContext.java:143)
	at org.springframework.boot.SpringApplication.refresh(SpringApplication.java:756)
	at org.springframework.boot.SpringApplication.refreshContext(SpringApplication.java:445)
	at org.springframework.boot.SpringApplication.run(SpringApplication.java:321)
	at org.springframework.boot.SpringApplication.run(SpringApplication.java:1365)
	at org.springframework.boot.SpringApplication.run(SpringApplication.java:1354)
	at com.example.backend.BackendApplication.main(BackendApplication.java:15)
Caused by: org.springframework.util.PlaceholderResolutionException: Could not resolve placeholder 'CLOUD_NAME' in value "${CLOUD_NAME}" <-- "${cloudinary.cloud-name}"
	at org.springframework.util.PlaceholderResolutionException.withValue(PlaceholderResolutionException.java:81)
	at org.springframework.util.PlaceholderParser$ParsedValue.resolve(PlaceholderParser.java:296)
	at org.springframework.util.PlaceholderParser.replacePlaceholders(PlaceholderParser.java:129)
	at org.springframework.util.PropertyPlaceholderHelper.replacePlaceholders(PropertyPlaceholderHelper.java:96)
	at org.springframework.core.env.AbstractPropertyResolver.doResolvePlaceholders(AbstractPropertyResolver.java:286)
	at org.springframework.core.env.AbstractPropertyResolver.resolveRequiredPlaceholders(AbstractPropertyResolver.java:257)
	at org.springframework.context.support.PropertySourcesPlaceholderConfigurer.lambda$processProperties$0(PropertySourcesPlaceholderConfigurer.java:184)
	at org.springframework.beans.factory.support.AbstractBeanFactory.resolveEmbeddedValue(AbstractBeanFactory.java:959)
	at org.springframework.beans.factory.support.DefaultListableBeanFactory.doResolveDependency(DefaultListableBeanFactory.java:1672)
	at org.springframework.beans.factory.support.DefaultListableBeanFactory.resolveDependency(DefaultListableBeanFactory.java:1651)
	at org.springframework.beans.factory.annotation.AutowiredAnnotationBeanPostProcessor$AutowiredFieldElement.resolveFieldValue(AutowiredAnnotationBeanPostProcessor.java:764)
	at org.springframework.beans.factory.annotation.AutowiredAnnotationBeanPostProcessor$AutowiredFieldElement.inject(AutowiredAnnotationBeanPostProcessor.java:748)
	at org.springframework.beans.factory.annotation.InjectionMetadata.inject(InjectionMetadata.java:146)
	at org.springframework.beans.factory.annotation.AutowiredAnnotationBeanPostProcessor.postProcessProperties(AutowiredAnnotationBeanPostProcessor.java:493)
	... 19 common frames omitted
2026-05-07 13:47:20 [main] INFO  c.example.backend.BackendApplication - Starting BackendApplication using Java 17.0.18 with PID 30200 (D:\DATN\VietnamPhoto\backend\target\classes started by Tuna in D:\DATN\VietnamPhoto)
2026-05-07 13:47:20 [main] DEBUG c.example.backend.BackendApplication - Running with Spring Boot v4.0.3, Spring v7.0.5
2026-05-07 13:47:20 [main] INFO  c.example.backend.BackendApplication - No active profile set, falling back to 1 default profile: "default"
2026-05-07 13:47:20 [background-preinit] INFO  o.h.validator.internal.util.Version - HV000001: Hibernate Validator 9.0.1.Final
2026-05-07 13:47:21 [main] INFO  o.s.d.r.c.RepositoryConfigurationDelegate - Bootstrapping Spring Data JPA repositories in DEFAULT mode.
2026-05-07 13:47:21 [main] INFO  o.s.d.r.c.RepositoryConfigurationDelegate - Finished Spring Data repository scanning in 68 ms. Found 7 JPA repository interfaces.
2026-05-07 13:47:22 [main] INFO  o.s.boot.tomcat.TomcatWebServer - Tomcat initialized with port 8081 (http)
2026-05-07 13:47:22 [main] INFO  o.a.coyote.http11.Http11NioProtocol - Initializing ProtocolHandler ["http-nio-8081"]
2026-05-07 13:47:22 [main] INFO  o.a.catalina.core.StandardService - Starting service [Tomcat]
2026-05-07 13:47:22 [main] INFO  o.a.catalina.core.StandardEngine - Starting Servlet engine: [Apache Tomcat/11.0.18]
2026-05-07 13:47:22 [main] INFO  o.s.b.w.c.s.WebApplicationContextInitializer - Root WebApplicationContext: initialization completed in 1785 ms
2026-05-07 13:47:22 [main] DEBUG c.example.backend.config.JwtFilter - Filter 'jwtFilter' configured for use
2026-05-07 13:47:22 [main] INFO  org.hibernate.orm.jpa - HHH008540: Processing PersistenceUnitInfo [name: default]
2026-05-07 13:47:22 [main] INFO  org.hibernate.orm.core - HHH000001: Hibernate ORM core version 7.2.4.Final
2026-05-07 13:47:23 [main] INFO  o.s.o.j.p.SpringPersistenceUnitInfo - No LoadTimeWeaver setup: ignoring JPA class transformer
2026-05-07 13:47:23 [main] INFO  com.zaxxer.hikari.HikariDataSource - HikariPool-1 - Starting...
2026-05-07 13:47:24 [main] INFO  com.zaxxer.hikari.pool.HikariPool - HikariPool-1 - Added connection com.mysql.cj.jdbc.ConnectionImpl@1c43e84e
2026-05-07 13:47:24 [main] INFO  com.zaxxer.hikari.HikariDataSource - HikariPool-1 - Start completed.
2026-05-07 13:47:24 [main] INFO  o.hibernate.orm.connections.pooling - HHH10001005: Database info:
	Database JDBC URL [jdbc:mysql://localhost:3306/VNScout]
	Database driver: MySQL Connector/J
	Database dialect: MySQLDialect
	Database version: 8.0.46
	Default catalog/schema: VNScout/undefined
	Autocommit mode: undefined/unknown
	Isolation level: REPEATABLE_READ [default REPEATABLE_READ]
	JDBC fetch size: none
	Pool: DataSourceConnectionProvider
	Minimum pool size: undefined/unknown
	Maximum pool size: undefined/unknown
2026-05-07 13:47:25 [main] INFO  org.hibernate.orm.core - HHH000489: No JTA platform available (set 'hibernate.transaction.jta.platform' to enable JTA platform integration)
2026-05-07 13:47:25 [main] INFO  o.s.o.j.LocalContainerEntityManagerFactoryBean - Initialized JPA EntityManagerFactory for persistence unit 'default'
2026-05-07 13:47:25 [main] INFO  o.s.d.j.r.q.QueryEnhancerFactories - Hibernate is in classpath; If applicable, HQL parser will be used.
2026-05-07 13:47:27 [main] WARN  o.s.b.j.a.JpaBaseConfiguration$JpaWebConfiguration - spring.jpa.open-in-view is enabled by default. Therefore, database queries may be performed during view rendering. Explicitly configure spring.jpa.open-in-view to disable this warning
2026-05-07 13:47:27 [main] WARN  o.s.b.s.a.UserDetailsServiceAutoConfiguration - 

Using generated security password: 3d5cf8a1-c1a4-4dcb-bb4f-6799e190af97

This generated password is for development use only. Your security configuration must be updated before running your application in production.

2026-05-07 13:47:27 [main] INFO  o.s.s.c.a.a.c.InitializeUserDetailsBeanManagerConfigurer$InitializeUserDetailsManagerConfigurer - Global AuthenticationManager configured with UserDetailsService bean with name inMemoryUserDetailsManager
2026-05-07 13:47:27 [main] DEBUG o.s.s.web.DefaultSecurityFilterChain - Will secure any request with filters: DisableEncodeUrlFilter, WebAsyncManagerIntegrationFilter, SecurityContextHolderFilter, HeaderWriterFilter, CorsFilter, LogoutFilter, JwtFilter, RequestCacheAwareFilter, SecurityContextHolderAwareRequestFilter, AnonymousAuthenticationFilter, ExceptionTranslationFilter, AuthorizationFilter
2026-05-07 13:47:28 [main] INFO  o.a.coyote.http11.Http11NioProtocol - Starting ProtocolHandler ["http-nio-8081"]
2026-05-07 13:47:28 [main] INFO  o.s.boot.tomcat.TomcatWebServer - Tomcat started on port 8081 (http) with context path '/'
2026-05-07 13:47:28 [main] INFO  c.example.backend.BackendApplication - Started BackendApplication in 8.302 seconds (process running for 8.734)
2026-05-07 13:47:28 [main] INFO  c.e.b.c.BannedWordDataInitializer - Banned words already initialized. Skip import.
2026-05-07 13:57:45 [SpringApplicationShutdownHook] INFO  o.s.boot.tomcat.GracefulShutdown - Commencing graceful shutdown. Waiting for active requests to complete
2026-05-07 13:57:45 [tomcat-shutdown] INFO  o.s.boot.tomcat.GracefulShutdown - Graceful shutdown complete
2026-05-07 13:57:45 [SpringApplicationShutdownHook] INFO  o.s.o.j.LocalContainerEntityManagerFactoryBean - Closing JPA EntityManagerFactory for persistence unit 'default'
2026-05-07 13:57:45 [SpringApplicationShutdownHook] INFO  com.zaxxer.hikari.HikariDataSource - HikariPool-1 - Shutdown initiated...
2026-05-07 13:57:45 [SpringApplicationShutdownHook] INFO  com.zaxxer.hikari.HikariDataSource - HikariPool-1 - Shutdown completed.
2026-05-07 13:57:47 [main] INFO  c.example.backend.BackendApplication - Starting BackendApplication using Java 17.0.18 with PID 20820 (D:\DATN\VietnamPhoto\backend\target\classes started by Tuna in D:\DATN\VietnamPhoto)
2026-05-07 13:57:47 [main] DEBUG c.example.backend.BackendApplication - Running with Spring Boot v4.0.3, Spring v7.0.5
2026-05-07 13:57:47 [main] INFO  c.example.backend.BackendApplication - No active profile set, falling back to 1 default profile: "default"
2026-05-07 13:57:48 [background-preinit] INFO  o.h.validator.internal.util.Version - HV000001: Hibernate Validator 9.0.1.Final
2026-05-07 13:57:48 [main] INFO  o.s.d.r.c.RepositoryConfigurationDelegate - Bootstrapping Spring Data JPA repositories in DEFAULT mode.
2026-05-07 13:57:48 [main] INFO  o.s.d.r.c.RepositoryConfigurationDelegate - Finished Spring Data repository scanning in 63 ms. Found 7 JPA repository interfaces.
2026-05-07 13:57:49 [main] INFO  o.s.boot.tomcat.TomcatWebServer - Tomcat initialized with port 8081 (http)
2026-05-07 13:57:49 [main] INFO  o.a.coyote.http11.Http11NioProtocol - Initializing ProtocolHandler ["http-nio-8081"]
2026-05-07 13:57:49 [main] INFO  o.a.catalina.core.StandardService - Starting service [Tomcat]
2026-05-07 13:57:49 [main] INFO  o.a.catalina.core.StandardEngine - Starting Servlet engine: [Apache Tomcat/11.0.18]
2026-05-07 13:57:49 [main] INFO  o.s.b.w.c.s.WebApplicationContextInitializer - Root WebApplicationContext: initialization completed in 1664 ms
2026-05-07 13:57:49 [main] DEBUG c.example.backend.config.JwtFilter - Filter 'jwtFilter' configured for use
2026-05-07 13:57:50 [main] INFO  org.hibernate.orm.jpa - HHH008540: Processing PersistenceUnitInfo [name: default]
2026-05-07 13:57:50 [main] INFO  org.hibernate.orm.core - HHH000001: Hibernate ORM core version 7.2.4.Final
2026-05-07 13:57:51 [main] INFO  o.s.o.j.p.SpringPersistenceUnitInfo - No LoadTimeWeaver setup: ignoring JPA class transformer
2026-05-07 13:57:51 [main] INFO  com.zaxxer.hikari.HikariDataSource - HikariPool-1 - Starting...
2026-05-07 13:57:51 [main] INFO  com.zaxxer.hikari.pool.HikariPool - HikariPool-1 - Added connection com.mysql.cj.jdbc.ConnectionImpl@7bd694a5
2026-05-07 13:57:51 [main] INFO  com.zaxxer.hikari.HikariDataSource - HikariPool-1 - Start completed.
2026-05-07 13:57:51 [main] INFO  o.hibernate.orm.connections.pooling - HHH10001005: Database info:
	Database JDBC URL [jdbc:mysql://localhost:3306/test]
	Database driver: MySQL Connector/J
	Database dialect: MySQLDialect
	Database version: 8.0.46
	Default catalog/schema: test/undefined
	Autocommit mode: undefined/unknown
	Isolation level: REPEATABLE_READ [default REPEATABLE_READ]
	JDBC fetch size: none
	Pool: DataSourceConnectionProvider
	Minimum pool size: undefined/unknown
	Maximum pool size: undefined/unknown
2026-05-07 13:57:52 [main] INFO  org.hibernate.orm.core - HHH000489: No JTA platform available (set 'hibernate.transaction.jta.platform' to enable JTA platform integration)
2026-05-07 13:57:54 [main] INFO  o.s.o.j.LocalContainerEntityManagerFactoryBean - Initialized JPA EntityManagerFactory for persistence unit 'default'
2026-05-07 13:57:54 [main] INFO  o.s.d.j.r.q.QueryEnhancerFactories - Hibernate is in classpath; If applicable, HQL parser will be used.
2026-05-07 13:57:55 [main] WARN  o.s.b.j.a.JpaBaseConfiguration$JpaWebConfiguration - spring.jpa.open-in-view is enabled by default. Therefore, database queries may be performed during view rendering. Explicitly configure spring.jpa.open-in-view to disable this warning
2026-05-07 13:57:55 [main] WARN  o.s.b.s.a.UserDetailsServiceAutoConfiguration - 

Using generated security password: b0c92f52-3296-4f41-bb35-d00447f737eb

This generated password is for development use only. Your security configuration must be updated before running your application in production.

2026-05-07 13:57:55 [main] INFO  o.s.s.c.a.a.c.InitializeUserDetailsBeanManagerConfigurer$InitializeUserDetailsManagerConfigurer - Global AuthenticationManager configured with UserDetailsService bean with name inMemoryUserDetailsManager
2026-05-07 13:57:56 [main] DEBUG o.s.s.web.DefaultSecurityFilterChain - Will secure any request with filters: DisableEncodeUrlFilter, WebAsyncManagerIntegrationFilter, SecurityContextHolderFilter, HeaderWriterFilter, CorsFilter, LogoutFilter, JwtFilter, RequestCacheAwareFilter, SecurityContextHolderAwareRequestFilter, AnonymousAuthenticationFilter, ExceptionTranslationFilter, AuthorizationFilter
2026-05-07 13:57:56 [main] INFO  o.a.coyote.http11.Http11NioProtocol - Starting ProtocolHandler ["http-nio-8081"]
2026-05-07 13:57:56 [main] INFO  o.s.boot.tomcat.TomcatWebServer - Tomcat started on port 8081 (http) with context path '/'
2026-05-07 13:57:56 [main] INFO  c.example.backend.BackendApplication - Started BackendApplication in 9.09 seconds (process running for 9.553)
2026-05-07 13:57:57 [main] INFO  c.e.b.c.BannedWordDataInitializer - Initialized 573 banned words into database
2026-05-07 14:02:04 [SpringApplicationShutdownHook] INFO  o.s.boot.tomcat.GracefulShutdown - Commencing graceful shutdown. Waiting for active requests to complete
2026-05-07 14:02:04 [tomcat-shutdown] INFO  o.s.boot.tomcat.GracefulShutdown - Graceful shutdown complete
2026-05-07 14:02:04 [SpringApplicationShutdownHook] INFO  o.s.o.j.LocalContainerEntityManagerFactoryBean - Closing JPA EntityManagerFactory for persistence unit 'default'
2026-05-07 14:02:04 [SpringApplicationShutdownHook] INFO  com.zaxxer.hikari.HikariDataSource - HikariPool-1 - Shutdown initiated...
2026-05-07 14:02:04 [SpringApplicationShutdownHook] INFO  com.zaxxer.hikari.HikariDataSource - HikariPool-1 - Shutdown completed.
2026-05-07 14:02:06 [main] INFO  c.example.backend.BackendApplication - Starting BackendApplication using Java 17.0.18 with PID 6336 (D:\DATN\VietnamPhoto\backend\target\classes started by Tuna in D:\DATN\VietnamPhoto)
2026-05-07 14:02:06 [main] DEBUG c.example.backend.BackendApplication - Running with Spring Boot v4.0.3, Spring v7.0.5
2026-05-07 14:02:06 [main] INFO  c.example.backend.BackendApplication - No active profile set, falling back to 1 default profile: "default"
2026-05-07 14:02:07 [background-preinit] INFO  o.h.validator.internal.util.Version - HV000001: Hibernate Validator 9.0.1.Final
2026-05-07 14:02:07 [main] INFO  o.s.d.r.c.RepositoryConfigurationDelegate - Bootstrapping Spring Data JPA repositories in DEFAULT mode.
2026-05-07 14:02:07 [main] INFO  o.s.d.r.c.RepositoryConfigurationDelegate - Finished Spring Data repository scanning in 65 ms. Found 7 JPA repository interfaces.
2026-05-07 14:02:08 [main] INFO  o.s.boot.tomcat.TomcatWebServer - Tomcat initialized with port 8081 (http)
2026-05-07 14:02:08 [main] INFO  o.a.coyote.http11.Http11NioProtocol - Initializing ProtocolHandler ["http-nio-8081"]
2026-05-07 14:02:08 [main] INFO  o.a.catalina.core.StandardService - Starting service [Tomcat]
2026-05-07 14:02:08 [main] INFO  o.a.catalina.core.StandardEngine - Starting Servlet engine: [Apache Tomcat/11.0.18]
2026-05-07 14:02:08 [main] INFO  o.s.b.w.c.s.WebApplicationContextInitializer - Root WebApplicationContext: initialization completed in 1654 ms
2026-05-07 14:02:08 [main] DEBUG c.example.backend.config.JwtFilter - Filter 'jwtFilter' configured for use
2026-05-07 14:02:08 [main] INFO  org.hibernate.orm.jpa - HHH008540: Processing PersistenceUnitInfo [name: default]
2026-05-07 14:02:08 [main] INFO  org.hibernate.orm.core - HHH000001: Hibernate ORM core version 7.2.4.Final
2026-05-07 14:02:09 [main] INFO  o.s.o.j.p.SpringPersistenceUnitInfo - No LoadTimeWeaver setup: ignoring JPA class transformer
2026-05-07 14:02:09 [main] INFO  com.zaxxer.hikari.HikariDataSource - HikariPool-1 - Starting...
2026-05-07 14:02:10 [main] INFO  com.zaxxer.hikari.pool.HikariPool - HikariPool-1 - Added connection com.mysql.cj.jdbc.ConnectionImpl@512dc0e0
2026-05-07 14:02:10 [main] INFO  com.zaxxer.hikari.HikariDataSource - HikariPool-1 - Start completed.
2026-05-07 14:02:10 [main] INFO  o.hibernate.orm.connections.pooling - HHH10001005: Database info:
	Database JDBC URL [jdbc:mysql://localhost:3306/VNScout]
	Database driver: MySQL Connector/J
	Database dialect: MySQLDialect
	Database version: 8.0.46
	Default catalog/schema: VNScout/undefined
	Autocommit mode: undefined/unknown
	Isolation level: REPEATABLE_READ [default REPEATABLE_READ]
	JDBC fetch size: none
	Pool: DataSourceConnectionProvider
	Minimum pool size: undefined/unknown
	Maximum pool size: undefined/unknown
2026-05-07 14:02:11 [main] INFO  org.hibernate.orm.core - HHH000489: No JTA platform available (set 'hibernate.transaction.jta.platform' to enable JTA platform integration)
2026-05-07 14:02:11 [main] INFO  o.s.o.j.LocalContainerEntityManagerFactoryBean - Initialized JPA EntityManagerFactory for persistence unit 'default'
2026-05-07 14:02:11 [main] INFO  o.s.d.j.r.q.QueryEnhancerFactories - Hibernate is in classpath; If applicable, HQL parser will be used.
2026-05-07 14:02:13 [main] WARN  o.s.b.j.a.JpaBaseConfiguration$JpaWebConfiguration - spring.jpa.open-in-view is enabled by default. Therefore, database queries may be performed during view rendering. Explicitly configure spring.jpa.open-in-view to disable this warning
2026-05-07 14:02:13 [main] WARN  o.s.b.s.a.UserDetailsServiceAutoConfiguration - 

Using generated security password: 54612b79-5459-401d-bc35-68d5dc9aaeca

This generated password is for development use only. Your security configuration must be updated before running your application in production.

2026-05-07 14:02:13 [main] INFO  o.s.s.c.a.a.c.InitializeUserDetailsBeanManagerConfigurer$InitializeUserDetailsManagerConfigurer - Global AuthenticationManager configured with UserDetailsService bean with name inMemoryUserDetailsManager
2026-05-07 14:02:14 [main] DEBUG o.s.s.web.DefaultSecurityFilterChain - Will secure any request with filters: DisableEncodeUrlFilter, WebAsyncManagerIntegrationFilter, SecurityContextHolderFilter, HeaderWriterFilter, CorsFilter, LogoutFilter, JwtFilter, RequestCacheAwareFilter, SecurityContextHolderAwareRequestFilter, AnonymousAuthenticationFilter, ExceptionTranslationFilter, AuthorizationFilter
2026-05-07 14:02:14 [main] INFO  o.a.coyote.http11.Http11NioProtocol - Starting ProtocolHandler ["http-nio-8081"]
2026-05-07 14:02:14 [main] INFO  o.s.boot.tomcat.TomcatWebServer - Tomcat started on port 8081 (http) with context path '/'
2026-05-07 14:02:14 [main] INFO  c.example.backend.BackendApplication - Started BackendApplication in 8.232 seconds (process running for 8.701)
2026-05-07 14:02:14 [main] INFO  c.e.b.c.BannedWordDataInitializer - Banned words already initialized. Skip import.
2026-05-07 14:32:57 [SpringApplicationShutdownHook] INFO  o.s.boot.tomcat.GracefulShutdown - Commencing graceful shutdown. Waiting for active requests to complete
2026-05-07 14:32:57 [tomcat-shutdown] INFO  o.s.boot.tomcat.GracefulShutdown - Graceful shutdown complete
2026-05-07 14:32:57 [SpringApplicationShutdownHook] INFO  o.s.o.j.LocalContainerEntityManagerFactoryBean - Closing JPA EntityManagerFactory for persistence unit 'default'
2026-05-07 14:32:57 [SpringApplicationShutdownHook] INFO  com.zaxxer.hikari.HikariDataSource - HikariPool-1 - Shutdown initiated...
2026-05-07 14:32:57 [SpringApplicationShutdownHook] INFO  com.zaxxer.hikari.HikariDataSource - HikariPool-1 - Shutdown completed.
2026-05-07 14:32:59 [main] INFO  c.example.backend.BackendApplication - Starting BackendApplication using Java 17.0.18 with PID 22308 (D:\DATN\VietnamPhoto\backend\target\classes started by Tuna in D:\DATN\VietnamPhoto)
2026-05-07 14:32:59 [main] DEBUG c.example.backend.BackendApplication - Running with Spring Boot v4.0.3, Spring v7.0.5
2026-05-07 14:32:59 [main] INFO  c.example.backend.BackendApplication - No active profile set, falling back to 1 default profile: "default"
2026-05-07 14:33:00 [background-preinit] INFO  o.h.validator.internal.util.Version - HV000001: Hibernate Validator 9.0.1.Final
2026-05-07 14:33:00 [main] INFO  o.s.d.r.c.RepositoryConfigurationDelegate - Bootstrapping Spring Data JPA repositories in DEFAULT mode.
2026-05-07 14:33:00 [main] INFO  o.s.d.r.c.RepositoryConfigurationDelegate - Finished Spring Data repository scanning in 64 ms. Found 7 JPA repository interfaces.
2026-05-07 14:33:01 [main] INFO  o.s.boot.tomcat.TomcatWebServer - Tomcat initialized with port 8081 (http)
2026-05-07 14:33:01 [main] INFO  o.a.coyote.http11.Http11NioProtocol - Initializing ProtocolHandler ["http-nio-8081"]
2026-05-07 14:33:01 [main] INFO  o.a.catalina.core.StandardService - Starting service [Tomcat]
2026-05-07 14:33:01 [main] INFO  o.a.catalina.core.StandardEngine - Starting Servlet engine: [Apache Tomcat/11.0.18]
2026-05-07 14:33:01 [main] INFO  o.s.b.w.c.s.WebApplicationContextInitializer - Root WebApplicationContext: initialization completed in 1743 ms
2026-05-07 14:33:01 [main] DEBUG c.example.backend.config.JwtFilter - Filter 'jwtFilter' configured for use
2026-05-07 14:33:02 [main] INFO  org.hibernate.orm.jpa - HHH008540: Processing PersistenceUnitInfo [name: default]
2026-05-07 14:33:02 [main] INFO  org.hibernate.orm.core - HHH000001: Hibernate ORM core version 7.2.4.Final
2026-05-07 14:33:03 [main] INFO  o.s.o.j.p.SpringPersistenceUnitInfo - No LoadTimeWeaver setup: ignoring JPA class transformer
2026-05-07 14:33:03 [main] INFO  com.zaxxer.hikari.HikariDataSource - HikariPool-1 - Starting...
2026-05-07 14:33:03 [main] INFO  com.zaxxer.hikari.pool.HikariPool - HikariPool-1 - Added connection com.mysql.cj.jdbc.ConnectionImpl@2ab7f649
2026-05-07 14:33:03 [main] INFO  com.zaxxer.hikari.HikariDataSource - HikariPool-1 - Start completed.
2026-05-07 14:33:03 [main] INFO  o.hibernate.orm.connections.pooling - HHH10001005: Database info:
	Database JDBC URL [jdbc:mysql://localhost:3306/VNScout]
	Database driver: MySQL Connector/J
	Database dialect: MySQLDialect
	Database version: 8.0.46
	Default catalog/schema: VNScout/undefined
	Autocommit mode: undefined/unknown
	Isolation level: REPEATABLE_READ [default REPEATABLE_READ]
	JDBC fetch size: none
	Pool: DataSourceConnectionProvider
	Minimum pool size: undefined/unknown
	Maximum pool size: undefined/unknown
2026-05-07 14:33:04 [main] INFO  org.hibernate.orm.core - HHH000489: No JTA platform available (set 'hibernate.transaction.jta.platform' to enable JTA platform integration)
2026-05-07 14:33:04 [main] ERROR o.s.o.j.LocalContainerEntityManagerFactoryBean - Failed to initialize JPA EntityManagerFactory: Unable to build Hibernate SessionFactory  [persistence unit: default] ; nested exception is org.hibernate.tool.schema.spi.SchemaManagementException: Schema validation: missing column [unread_notification_count] in table [users]
2026-05-07 14:33:04 [main] WARN  o.s.b.w.s.s.c.AnnotationConfigServletWebServerApplicationContext - Exception encountered during context initialization - cancelling refresh attempt: org.springframework.beans.factory.BeanCreationException: Error creating bean with name 'entityManagerFactory' defined in class path resource [org/springframework/boot/hibernate/autoconfigure/HibernateJpaConfiguration.class]: Unable to build Hibernate SessionFactory  [persistence unit: default] ; nested exception is org.hibernate.tool.schema.spi.SchemaManagementException: Schema validation: missing column [unread_notification_count] in table [users]
2026-05-07 14:33:04 [main] INFO  com.zaxxer.hikari.HikariDataSource - HikariPool-1 - Shutdown initiated...
2026-05-07 14:33:04 [main] INFO  com.zaxxer.hikari.HikariDataSource - HikariPool-1 - Shutdown completed.
2026-05-07 14:33:04 [main] INFO  o.a.catalina.core.StandardService - Stopping service [Tomcat]
2026-05-07 14:33:04 [main] INFO  o.s.b.a.l.ConditionEvaluationReportLogger - 

Error starting ApplicationContext. To display the condition evaluation report re-run your application with 'debug' enabled.
2026-05-07 14:33:04 [main] ERROR o.s.boot.SpringApplication - Application run failed
org.springframework.beans.factory.BeanCreationException: Error creating bean with name 'entityManagerFactory' defined in class path resource [org/springframework/boot/hibernate/autoconfigure/HibernateJpaConfiguration.class]: Unable to build Hibernate SessionFactory  [persistence unit: default] ; nested exception is org.hibernate.tool.schema.spi.SchemaManagementException: Schema validation: missing column [unread_notification_count] in table [users]
	at org.springframework.beans.factory.support.AbstractAutowireCapableBeanFactory.initializeBean(AbstractAutowireCapableBeanFactory.java:1817)
	at org.springframework.beans.factory.support.AbstractAutowireCapableBeanFactory.doCreateBean(AbstractAutowireCapableBeanFactory.java:603)
	at org.springframework.beans.factory.support.AbstractAutowireCapableBeanFactory.createBean(AbstractAutowireCapableBeanFactory.java:525)
	at org.springframework.beans.factory.support.AbstractBeanFactory.lambda$doGetBean$0(AbstractBeanFactory.java:333)
	at org.springframework.beans.factory.support.DefaultSingletonBeanRegistry.getSingleton(DefaultSingletonBeanRegistry.java:371)
	at org.springframework.beans.factory.support.AbstractBeanFactory.doGetBean(AbstractBeanFactory.java:331)
	at org.springframework.beans.factory.support.AbstractBeanFactory.getBean(AbstractBeanFactory.java:201)
	at org.springframework.context.support.AbstractApplicationContext.finishBeanFactoryInitialization(AbstractApplicationContext.java:977)
	at org.springframework.context.support.AbstractApplicationContext.refresh(AbstractApplicationContext.java:621)
	at org.springframework.boot.web.server.servlet.context.ServletWebServerApplicationContext.refresh(ServletWebServerApplicationContext.java:143)
	at org.springframework.boot.SpringApplication.refresh(SpringApplication.java:756)
	at org.springframework.boot.SpringApplication.refreshContext(SpringApplication.java:445)
	at org.springframework.boot.SpringApplication.run(SpringApplication.java:321)
	at org.springframework.boot.SpringApplication.run(SpringApplication.java:1365)
	at org.springframework.boot.SpringApplication.run(SpringApplication.java:1354)
	at com.example.backend.BackendApplication.main(BackendApplication.java:15)
Caused by: jakarta.persistence.PersistenceException: Unable to build Hibernate SessionFactory  [persistence unit: default] ; nested exception is org.hibernate.tool.schema.spi.SchemaManagementException: Schema validation: missing column [unread_notification_count] in table [users]
	at org.springframework.orm.jpa.AbstractEntityManagerFactoryBean.buildNativeEntityManagerFactory(AbstractEntityManagerFactoryBean.java:448)
	at org.springframework.orm.jpa.AbstractEntityManagerFactoryBean.afterPropertiesSet(AbstractEntityManagerFactoryBean.java:411)
	at org.springframework.orm.jpa.LocalContainerEntityManagerFactoryBean.afterPropertiesSet(LocalContainerEntityManagerFactoryBean.java:419)
	at org.springframework.beans.factory.support.AbstractAutowireCapableBeanFactory.invokeInitMethods(AbstractAutowireCapableBeanFactory.java:1864)
	at org.springframework.beans.factory.support.AbstractAutowireCapableBeanFactory.initializeBean(AbstractAutowireCapableBeanFactory.java:1813)
	... 15 common frames omitted
Caused by: org.hibernate.tool.schema.spi.SchemaManagementException: Schema validation: missing column [unread_notification_count] in table [users]
	at org.hibernate.tool.schema.internal.AbstractSchemaValidator.validateTable(AbstractSchemaValidator.java:134)
	at org.hibernate.tool.schema.internal.GroupedSchemaValidatorImpl.validateTables(GroupedSchemaValidatorImpl.java:42)
	at org.hibernate.tool.schema.internal.AbstractSchemaValidator.performValidation(AbstractSchemaValidator.java:90)
	at org.hibernate.tool.schema.internal.AbstractSchemaValidator.doValidation(AbstractSchemaValidator.java:68)
	at org.hibernate.tool.schema.spi.SchemaManagementToolCoordinator.performDatabaseAction(SchemaManagementToolCoordinator.java:278)
	at org.hibernate.tool.schema.spi.SchemaManagementToolCoordinator.lambda$process$1(SchemaManagementToolCoordinator.java:101)
	at java.base/java.util.HashMap.forEach(HashMap.java:1421)
	at org.hibernate.tool.schema.spi.SchemaManagementToolCoordinator.process(SchemaManagementToolCoordinator.java:100)
	at org.hibernate.boot.internal.SessionFactoryObserverForSchemaExport.sessionFactoryCreated(SessionFactoryObserverForSchemaExport.java:35)
	at org.hibernate.internal.SessionFactoryObserverChain.sessionFactoryCreated(SessionFactoryObserverChain.java:33)
	at org.hibernate.internal.SessionFactoryImpl.<init>(SessionFactoryImpl.java:323)
	at org.hibernate.internal.SessionFactoryRegistry.instantiateSessionFactory(SessionFactoryRegistry.java:64)
	at org.hibernate.boot.internal.SessionFactoryBuilderImpl.build(SessionFactoryBuilderImpl.java:437)
	at org.hibernate.jpa.boot.internal.EntityManagerFactoryBuilderImpl.build(EntityManagerFactoryBuilderImpl.java:1456)
	at org.springframework.orm.jpa.vendor.SpringHibernateJpaPersistenceProvider.createContainerEntityManagerFactory(SpringHibernateJpaPersistenceProvider.java:93)
	at org.springframework.orm.jpa.LocalContainerEntityManagerFactoryBean.createNativeEntityManagerFactory(LocalContainerEntityManagerFactoryBean.java:443)
	at org.springframework.orm.jpa.AbstractEntityManagerFactoryBean.buildNativeEntityManagerFactory(AbstractEntityManagerFactoryBean.java:436)
	... 19 common frames omitted
2026-05-07 14:34:02 [main] INFO  c.example.backend.BackendApplication - Starting BackendApplication using Java 17.0.18 with PID 20112 (D:\DATN\VietnamPhoto\backend\target\classes started by Tuna in D:\DATN\VietnamPhoto)
2026-05-07 14:34:02 [main] DEBUG c.example.backend.BackendApplication - Running with Spring Boot v4.0.3, Spring v7.0.5
2026-05-07 14:34:02 [main] INFO  c.example.backend.BackendApplication - No active profile set, falling back to 1 default profile: "default"
2026-05-07 14:34:02 [background-preinit] INFO  o.h.validator.internal.util.Version - HV000001: Hibernate Validator 9.0.1.Final
2026-05-07 14:34:03 [main] INFO  o.s.d.r.c.RepositoryConfigurationDelegate - Bootstrapping Spring Data JPA repositories in DEFAULT mode.
2026-05-07 14:34:03 [main] INFO  o.s.d.r.c.RepositoryConfigurationDelegate - Finished Spring Data repository scanning in 69 ms. Found 7 JPA repository interfaces.
2026-05-07 14:34:03 [main] INFO  o.s.boot.tomcat.TomcatWebServer - Tomcat initialized with port 8081 (http)
2026-05-07 14:34:03 [main] INFO  o.a.coyote.http11.Http11NioProtocol - Initializing ProtocolHandler ["http-nio-8081"]
2026-05-07 14:34:03 [main] INFO  o.a.catalina.core.StandardService - Starting service [Tomcat]
2026-05-07 14:34:03 [main] INFO  o.a.catalina.core.StandardEngine - Starting Servlet engine: [Apache Tomcat/11.0.18]
2026-05-07 14:34:04 [main] INFO  o.s.b.w.c.s.WebApplicationContextInitializer - Root WebApplicationContext: initialization completed in 1720 ms
2026-05-07 14:34:04 [main] DEBUG c.example.backend.config.JwtFilter - Filter 'jwtFilter' configured for use
2026-05-07 14:34:04 [main] INFO  org.hibernate.orm.jpa - HHH008540: Processing PersistenceUnitInfo [name: default]
2026-05-07 14:34:04 [main] INFO  org.hibernate.orm.core - HHH000001: Hibernate ORM core version 7.2.4.Final
2026-05-07 14:34:05 [main] INFO  o.s.o.j.p.SpringPersistenceUnitInfo - No LoadTimeWeaver setup: ignoring JPA class transformer
2026-05-07 14:34:05 [main] INFO  com.zaxxer.hikari.HikariDataSource - HikariPool-1 - Starting...
2026-05-07 14:34:05 [main] INFO  com.zaxxer.hikari.pool.HikariPool - HikariPool-1 - Added connection com.mysql.cj.jdbc.ConnectionImpl@3093b9ff
2026-05-07 14:34:05 [main] INFO  com.zaxxer.hikari.HikariDataSource - HikariPool-1 - Start completed.
2026-05-07 14:34:05 [main] INFO  o.hibernate.orm.connections.pooling - HHH10001005: Database info:
	Database JDBC URL [jdbc:mysql://localhost:3306/VNScout]
	Database driver: MySQL Connector/J
	Database dialect: MySQLDialect
	Database version: 8.0.46
	Default catalog/schema: VNScout/undefined
	Autocommit mode: undefined/unknown
	Isolation level: REPEATABLE_READ [default REPEATABLE_READ]
	JDBC fetch size: none
	Pool: DataSourceConnectionProvider
	Minimum pool size: undefined/unknown
	Maximum pool size: undefined/unknown
2026-05-07 14:34:07 [main] INFO  org.hibernate.orm.core - HHH000489: No JTA platform available (set 'hibernate.transaction.jta.platform' to enable JTA platform integration)
2026-05-07 14:34:07 [main] ERROR o.s.o.j.LocalContainerEntityManagerFactoryBean - Failed to initialize JPA EntityManagerFactory: Unable to build Hibernate SessionFactory  [persistence unit: default] ; nested exception is org.hibernate.tool.schema.spi.SchemaManagementException: Schema validation: missing column [unread_notification_count] in table [users]
2026-05-07 14:34:07 [main] WARN  o.s.b.w.s.s.c.AnnotationConfigServletWebServerApplicationContext - Exception encountered during context initialization - cancelling refresh attempt: org.springframework.beans.factory.BeanCreationException: Error creating bean with name 'entityManagerFactory' defined in class path resource [org/springframework/boot/hibernate/autoconfigure/HibernateJpaConfiguration.class]: Unable to build Hibernate SessionFactory  [persistence unit: default] ; nested exception is org.hibernate.tool.schema.spi.SchemaManagementException: Schema validation: missing column [unread_notification_count] in table [users]
2026-05-07 14:34:07 [main] INFO  com.zaxxer.hikari.HikariDataSource - HikariPool-1 - Shutdown initiated...
2026-05-07 14:34:07 [main] INFO  com.zaxxer.hikari.HikariDataSource - HikariPool-1 - Shutdown completed.
2026-05-07 14:34:07 [main] INFO  o.a.catalina.core.StandardService - Stopping service [Tomcat]
2026-05-07 14:34:07 [main] INFO  o.s.b.a.l.ConditionEvaluationReportLogger - 

Error starting ApplicationContext. To display the condition evaluation report re-run your application with 'debug' enabled.
2026-05-07 14:34:07 [main] ERROR o.s.boot.SpringApplication - Application run failed
org.springframework.beans.factory.BeanCreationException: Error creating bean with name 'entityManagerFactory' defined in class path resource [org/springframework/boot/hibernate/autoconfigure/HibernateJpaConfiguration.class]: Unable to build Hibernate SessionFactory  [persistence unit: default] ; nested exception is org.hibernate.tool.schema.spi.SchemaManagementException: Schema validation: missing column [unread_notification_count] in table [users]
	at org.springframework.beans.factory.support.AbstractAutowireCapableBeanFactory.initializeBean(AbstractAutowireCapableBeanFactory.java:1817)
	at org.springframework.beans.factory.support.AbstractAutowireCapableBeanFactory.doCreateBean(AbstractAutowireCapableBeanFactory.java:603)
	at org.springframework.beans.factory.support.AbstractAutowireCapableBeanFactory.createBean(AbstractAutowireCapableBeanFactory.java:525)
	at org.springframework.beans.factory.support.AbstractBeanFactory.lambda$doGetBean$0(AbstractBeanFactory.java:333)
	at org.springframework.beans.factory.support.DefaultSingletonBeanRegistry.getSingleton(DefaultSingletonBeanRegistry.java:371)
	at org.springframework.beans.factory.support.AbstractBeanFactory.doGetBean(AbstractBeanFactory.java:331)
	at org.springframework.beans.factory.support.AbstractBeanFactory.getBean(AbstractBeanFactory.java:201)
	at org.springframework.context.support.AbstractApplicationContext.finishBeanFactoryInitialization(AbstractApplicationContext.java:977)
	at org.springframework.context.support.AbstractApplicationContext.refresh(AbstractApplicationContext.java:621)
	at org.springframework.boot.web.server.servlet.context.ServletWebServerApplicationContext.refresh(ServletWebServerApplicationContext.java:143)
	at org.springframework.boot.SpringApplication.refresh(SpringApplication.java:756)
	at org.springframework.boot.SpringApplication.refreshContext(SpringApplication.java:445)
	at org.springframework.boot.SpringApplication.run(SpringApplication.java:321)
	at org.springframework.boot.SpringApplication.run(SpringApplication.java:1365)
	at org.springframework.boot.SpringApplication.run(SpringApplication.java:1354)
	at com.example.backend.BackendApplication.main(BackendApplication.java:15)
Caused by: jakarta.persistence.PersistenceException: Unable to build Hibernate SessionFactory  [persistence unit: default] ; nested exception is org.hibernate.tool.schema.spi.SchemaManagementException: Schema validation: missing column [unread_notification_count] in table [users]
	at org.springframework.orm.jpa.AbstractEntityManagerFactoryBean.buildNativeEntityManagerFactory(AbstractEntityManagerFactoryBean.java:448)
	at org.springframework.orm.jpa.AbstractEntityManagerFactoryBean.afterPropertiesSet(AbstractEntityManagerFactoryBean.java:411)
	at org.springframework.orm.jpa.LocalContainerEntityManagerFactoryBean.afterPropertiesSet(LocalContainerEntityManagerFactoryBean.java:419)
	at org.springframework.beans.factory.support.AbstractAutowireCapableBeanFactory.invokeInitMethods(AbstractAutowireCapableBeanFactory.java:1864)
	at org.springframework.beans.factory.support.AbstractAutowireCapableBeanFactory.initializeBean(AbstractAutowireCapableBeanFactory.java:1813)
	... 15 common frames omitted
Caused by: org.hibernate.tool.schema.spi.SchemaManagementException: Schema validation: missing column [unread_notification_count] in table [users]
	at org.hibernate.tool.schema.internal.AbstractSchemaValidator.validateTable(AbstractSchemaValidator.java:134)
	at org.hibernate.tool.schema.internal.GroupedSchemaValidatorImpl.validateTables(GroupedSchemaValidatorImpl.java:42)
	at org.hibernate.tool.schema.internal.AbstractSchemaValidator.performValidation(AbstractSchemaValidator.java:90)
	at org.hibernate.tool.schema.internal.AbstractSchemaValidator.doValidation(AbstractSchemaValidator.java:68)
	at org.hibernate.tool.schema.spi.SchemaManagementToolCoordinator.performDatabaseAction(SchemaManagementToolCoordinator.java:278)
	at org.hibernate.tool.schema.spi.SchemaManagementToolCoordinator.lambda$process$1(SchemaManagementToolCoordinator.java:101)
	at java.base/java.util.HashMap.forEach(HashMap.java:1421)
	at org.hibernate.tool.schema.spi.SchemaManagementToolCoordinator.process(SchemaManagementToolCoordinator.java:100)
	at org.hibernate.boot.internal.SessionFactoryObserverForSchemaExport.sessionFactoryCreated(SessionFactoryObserverForSchemaExport.java:35)
	at org.hibernate.internal.SessionFactoryObserverChain.sessionFactoryCreated(SessionFactoryObserverChain.java:33)
	at org.hibernate.internal.SessionFactoryImpl.<init>(SessionFactoryImpl.java:323)
	at org.hibernate.internal.SessionFactoryRegistry.instantiateSessionFactory(SessionFactoryRegistry.java:64)
	at org.hibernate.boot.internal.SessionFactoryBuilderImpl.build(SessionFactoryBuilderImpl.java:437)
	at org.hibernate.jpa.boot.internal.EntityManagerFactoryBuilderImpl.build(EntityManagerFactoryBuilderImpl.java:1456)
	at org.springframework.orm.jpa.vendor.SpringHibernateJpaPersistenceProvider.createContainerEntityManagerFactory(SpringHibernateJpaPersistenceProvider.java:93)
	at org.springframework.orm.jpa.LocalContainerEntityManagerFactoryBean.createNativeEntityManagerFactory(LocalContainerEntityManagerFactoryBean.java:443)
	at org.springframework.orm.jpa.AbstractEntityManagerFactoryBean.buildNativeEntityManagerFactory(AbstractEntityManagerFactoryBean.java:436)
	... 19 common frames omitted
2026-05-07 14:35:13 [main] INFO  c.example.backend.BackendApplication - Starting BackendApplication using Java 17.0.18 with PID 21332 (D:\DATN\VietnamPhoto\backend\target\classes started by Tuna in D:\DATN\VietnamPhoto)
2026-05-07 14:35:13 [main] DEBUG c.example.backend.BackendApplication - Running with Spring Boot v4.0.3, Spring v7.0.5
2026-05-07 14:35:13 [main] INFO  c.example.backend.BackendApplication - No active profile set, falling back to 1 default profile: "default"
2026-05-07 14:35:14 [background-preinit] INFO  o.h.validator.internal.util.Version - HV000001: Hibernate Validator 9.0.1.Final
2026-05-07 14:35:14 [main] INFO  o.s.d.r.c.RepositoryConfigurationDelegate - Bootstrapping Spring Data JPA repositories in DEFAULT mode.
2026-05-07 14:35:14 [main] INFO  o.s.d.r.c.RepositoryConfigurationDelegate - Finished Spring Data repository scanning in 74 ms. Found 7 JPA repository interfaces.
2026-05-07 14:35:15 [main] INFO  o.s.boot.tomcat.TomcatWebServer - Tomcat initialized with port 8081 (http)
2026-05-07 14:35:15 [main] INFO  o.a.coyote.http11.Http11NioProtocol - Initializing ProtocolHandler ["http-nio-8081"]
2026-05-07 14:35:15 [main] INFO  o.a.catalina.core.StandardService - Starting service [Tomcat]
2026-05-07 14:35:15 [main] INFO  o.a.catalina.core.StandardEngine - Starting Servlet engine: [Apache Tomcat/11.0.18]
2026-05-07 14:35:15 [main] INFO  o.s.b.w.c.s.WebApplicationContextInitializer - Root WebApplicationContext: initialization completed in 1832 ms
2026-05-07 14:35:15 [main] DEBUG c.example.backend.config.JwtFilter - Filter 'jwtFilter' configured for use
2026-05-07 14:35:16 [main] INFO  org.hibernate.orm.jpa - HHH008540: Processing PersistenceUnitInfo [name: default]
2026-05-07 14:35:16 [main] INFO  org.hibernate.orm.core - HHH000001: Hibernate ORM core version 7.2.4.Final
2026-05-07 14:35:17 [main] INFO  o.s.o.j.p.SpringPersistenceUnitInfo - No LoadTimeWeaver setup: ignoring JPA class transformer
2026-05-07 14:35:17 [main] INFO  com.zaxxer.hikari.HikariDataSource - HikariPool-1 - Starting...
2026-05-07 14:35:17 [main] INFO  com.zaxxer.hikari.pool.HikariPool - HikariPool-1 - Added connection com.mysql.cj.jdbc.ConnectionImpl@538f45f1
2026-05-07 14:35:17 [main] INFO  com.zaxxer.hikari.HikariDataSource - HikariPool-1 - Start completed.
2026-05-07 14:35:17 [main] INFO  o.hibernate.orm.connections.pooling - HHH10001005: Database info:
	Database JDBC URL [jdbc:mysql://localhost:3306/VNScout]
	Database driver: MySQL Connector/J
	Database dialect: MySQLDialect
	Database version: 8.0.46
	Default catalog/schema: VNScout/undefined
	Autocommit mode: undefined/unknown
	Isolation level: REPEATABLE_READ [default REPEATABLE_READ]
	JDBC fetch size: none
	Pool: DataSourceConnectionProvider
	Minimum pool size: undefined/unknown
	Maximum pool size: undefined/unknown
2026-05-07 14:35:18 [main] INFO  org.hibernate.orm.core - HHH000489: No JTA platform available (set 'hibernate.transaction.jta.platform' to enable JTA platform integration)
2026-05-07 14:35:18 [main] ERROR o.s.o.j.LocalContainerEntityManagerFactoryBean - Failed to initialize JPA EntityManagerFactory: Unable to build Hibernate SessionFactory  [persistence unit: default] ; nested exception is org.hibernate.tool.schema.spi.SchemaManagementException: Schema validation: missing column [unread_notification_count] in table [users]
2026-05-07 14:35:18 [main] WARN  o.s.b.w.s.s.c.AnnotationConfigServletWebServerApplicationContext - Exception encountered during context initialization - cancelling refresh attempt: org.springframework.beans.factory.BeanCreationException: Error creating bean with name 'entityManagerFactory' defined in class path resource [org/springframework/boot/hibernate/autoconfigure/HibernateJpaConfiguration.class]: Unable to build Hibernate SessionFactory  [persistence unit: default] ; nested exception is org.hibernate.tool.schema.spi.SchemaManagementException: Schema validation: missing column [unread_notification_count] in table [users]
2026-05-07 14:35:18 [main] INFO  com.zaxxer.hikari.HikariDataSource - HikariPool-1 - Shutdown initiated...
2026-05-07 14:35:18 [main] INFO  com.zaxxer.hikari.HikariDataSource - HikariPool-1 - Shutdown completed.
2026-05-07 14:35:18 [main] INFO  o.a.catalina.core.StandardService - Stopping service [Tomcat]
2026-05-07 14:35:18 [main] INFO  o.s.b.a.l.ConditionEvaluationReportLogger - 

Error starting ApplicationContext. To display the condition evaluation report re-run your application with 'debug' enabled.
2026-05-07 14:35:18 [main] ERROR o.s.boot.SpringApplication - Application run failed
org.springframework.beans.factory.BeanCreationException: Error creating bean with name 'entityManagerFactory' defined in class path resource [org/springframework/boot/hibernate/autoconfigure/HibernateJpaConfiguration.class]: Unable to build Hibernate SessionFactory  [persistence unit: default] ; nested exception is org.hibernate.tool.schema.spi.SchemaManagementException: Schema validation: missing column [unread_notification_count] in table [users]
	at org.springframework.beans.factory.support.AbstractAutowireCapableBeanFactory.initializeBean(AbstractAutowireCapableBeanFactory.java:1817)
	at org.springframework.beans.factory.support.AbstractAutowireCapableBeanFactory.doCreateBean(AbstractAutowireCapableBeanFactory.java:603)
	at org.springframework.beans.factory.support.AbstractAutowireCapableBeanFactory.createBean(AbstractAutowireCapableBeanFactory.java:525)
	at org.springframework.beans.factory.support.AbstractBeanFactory.lambda$doGetBean$0(AbstractBeanFactory.java:333)
	at org.springframework.beans.factory.support.DefaultSingletonBeanRegistry.getSingleton(DefaultSingletonBeanRegistry.java:371)
	at org.springframework.beans.factory.support.AbstractBeanFactory.doGetBean(AbstractBeanFactory.java:331)
	at org.springframework.beans.factory.support.AbstractBeanFactory.getBean(AbstractBeanFactory.java:201)
	at org.springframework.context.support.AbstractApplicationContext.finishBeanFactoryInitialization(AbstractApplicationContext.java:977)
	at org.springframework.context.support.AbstractApplicationContext.refresh(AbstractApplicationContext.java:621)
	at org.springframework.boot.web.server.servlet.context.ServletWebServerApplicationContext.refresh(ServletWebServerApplicationContext.java:143)
	at org.springframework.boot.SpringApplication.refresh(SpringApplication.java:756)
	at org.springframework.boot.SpringApplication.refreshContext(SpringApplication.java:445)
	at org.springframework.boot.SpringApplication.run(SpringApplication.java:321)
	at org.springframework.boot.SpringApplication.run(SpringApplication.java:1365)
	at org.springframework.boot.SpringApplication.run(SpringApplication.java:1354)
	at com.example.backend.BackendApplication.main(BackendApplication.java:15)
Caused by: jakarta.persistence.PersistenceException: Unable to build Hibernate SessionFactory  [persistence unit: default] ; nested exception is org.hibernate.tool.schema.spi.SchemaManagementException: Schema validation: missing column [unread_notification_count] in table [users]
	at org.springframework.orm.jpa.AbstractEntityManagerFactoryBean.buildNativeEntityManagerFactory(AbstractEntityManagerFactoryBean.java:448)
	at org.springframework.orm.jpa.AbstractEntityManagerFactoryBean.afterPropertiesSet(AbstractEntityManagerFactoryBean.java:411)
	at org.springframework.orm.jpa.LocalContainerEntityManagerFactoryBean.afterPropertiesSet(LocalContainerEntityManagerFactoryBean.java:419)
	at org.springframework.beans.factory.support.AbstractAutowireCapableBeanFactory.invokeInitMethods(AbstractAutowireCapableBeanFactory.java:1864)
	at org.springframework.beans.factory.support.AbstractAutowireCapableBeanFactory.initializeBean(AbstractAutowireCapableBeanFactory.java:1813)
	... 15 common frames omitted
Caused by: org.hibernate.tool.schema.spi.SchemaManagementException: Schema validation: missing column [unread_notification_count] in table [users]
	at org.hibernate.tool.schema.internal.AbstractSchemaValidator.validateTable(AbstractSchemaValidator.java:134)
	at org.hibernate.tool.schema.internal.GroupedSchemaValidatorImpl.validateTables(GroupedSchemaValidatorImpl.java:42)
	at org.hibernate.tool.schema.internal.AbstractSchemaValidator.performValidation(AbstractSchemaValidator.java:90)
	at org.hibernate.tool.schema.internal.AbstractSchemaValidator.doValidation(AbstractSchemaValidator.java:68)
	at org.hibernate.tool.schema.spi.SchemaManagementToolCoordinator.performDatabaseAction(SchemaManagementToolCoordinator.java:278)
	at org.hibernate.tool.schema.spi.SchemaManagementToolCoordinator.lambda$process$1(SchemaManagementToolCoordinator.java:101)
	at java.base/java.util.HashMap.forEach(HashMap.java:1421)
	at org.hibernate.tool.schema.spi.SchemaManagementToolCoordinator.process(SchemaManagementToolCoordinator.java:100)
	at org.hibernate.boot.internal.SessionFactoryObserverForSchemaExport.sessionFactoryCreated(SessionFactoryObserverForSchemaExport.java:35)
	at org.hibernate.internal.SessionFactoryObserverChain.sessionFactoryCreated(SessionFactoryObserverChain.java:33)
	at org.hibernate.internal.SessionFactoryImpl.<init>(SessionFactoryImpl.java:323)
	at org.hibernate.internal.SessionFactoryRegistry.instantiateSessionFactory(SessionFactoryRegistry.java:64)
	at org.hibernate.boot.internal.SessionFactoryBuilderImpl.build(SessionFactoryBuilderImpl.java:437)
	at org.hibernate.jpa.boot.internal.EntityManagerFactoryBuilderImpl.build(EntityManagerFactoryBuilderImpl.java:1456)
	at org.springframework.orm.jpa.vendor.SpringHibernateJpaPersistenceProvider.createContainerEntityManagerFactory(SpringHibernateJpaPersistenceProvider.java:93)
	at org.springframework.orm.jpa.LocalContainerEntityManagerFactoryBean.createNativeEntityManagerFactory(LocalContainerEntityManagerFactoryBean.java:443)
	at org.springframework.orm.jpa.AbstractEntityManagerFactoryBean.buildNativeEntityManagerFactory(AbstractEntityManagerFactoryBean.java:436)
	... 19 common frames omitted
2026-05-07 14:36:40 [main] INFO  c.example.backend.BackendApplication - Starting BackendApplication using Java 17.0.18 with PID 20196 (D:\DATN\VietnamPhoto\backend\target\classes started by Tuna in D:\DATN\VietnamPhoto)
2026-05-07 14:36:40 [main] DEBUG c.example.backend.BackendApplication - Running with Spring Boot v4.0.3, Spring v7.0.5
2026-05-07 14:36:40 [main] INFO  c.example.backend.BackendApplication - No active profile set, falling back to 1 default profile: "default"
2026-05-07 14:36:40 [background-preinit] INFO  o.h.validator.internal.util.Version - HV000001: Hibernate Validator 9.0.1.Final
2026-05-07 14:36:41 [main] INFO  o.s.d.r.c.RepositoryConfigurationDelegate - Bootstrapping Spring Data JPA repositories in DEFAULT mode.
2026-05-07 14:36:41 [main] INFO  o.s.d.r.c.RepositoryConfigurationDelegate - Finished Spring Data repository scanning in 70 ms. Found 7 JPA repository interfaces.
2026-05-07 14:36:41 [main] INFO  o.s.boot.tomcat.TomcatWebServer - Tomcat initialized with port 8081 (http)
2026-05-07 14:36:41 [main] INFO  o.a.coyote.http11.Http11NioProtocol - Initializing ProtocolHandler ["http-nio-8081"]
2026-05-07 14:36:41 [main] INFO  o.a.catalina.core.StandardService - Starting service [Tomcat]
2026-05-07 14:36:41 [main] INFO  o.a.catalina.core.StandardEngine - Starting Servlet engine: [Apache Tomcat/11.0.18]
2026-05-07 14:36:42 [main] INFO  o.s.b.w.c.s.WebApplicationContextInitializer - Root WebApplicationContext: initialization completed in 1743 ms
2026-05-07 14:36:42 [main] DEBUG c.example.backend.config.JwtFilter - Filter 'jwtFilter' configured for use
2026-05-07 14:36:42 [main] INFO  org.hibernate.orm.jpa - HHH008540: Processing PersistenceUnitInfo [name: default]
2026-05-07 14:36:42 [main] INFO  org.hibernate.orm.core - HHH000001: Hibernate ORM core version 7.2.4.Final
2026-05-07 14:36:43 [main] INFO  o.s.o.j.p.SpringPersistenceUnitInfo - No LoadTimeWeaver setup: ignoring JPA class transformer
2026-05-07 14:36:43 [main] INFO  com.zaxxer.hikari.HikariDataSource - HikariPool-1 - Starting...
2026-05-07 14:36:43 [main] INFO  com.zaxxer.hikari.pool.HikariPool - HikariPool-1 - Added connection com.mysql.cj.jdbc.ConnectionImpl@759f45f1
2026-05-07 14:36:43 [main] INFO  com.zaxxer.hikari.HikariDataSource - HikariPool-1 - Start completed.
2026-05-07 14:36:43 [main] INFO  o.hibernate.orm.connections.pooling - HHH10001005: Database info:
	Database JDBC URL [jdbc:mysql://localhost:3306/VNScout]
	Database driver: MySQL Connector/J
	Database dialect: MySQLDialect
	Database version: 8.0.46
	Default catalog/schema: VNScout/undefined
	Autocommit mode: undefined/unknown
	Isolation level: REPEATABLE_READ [default REPEATABLE_READ]
	JDBC fetch size: none
	Pool: DataSourceConnectionProvider
	Minimum pool size: undefined/unknown
	Maximum pool size: undefined/unknown
2026-05-07 14:36:44 [main] INFO  org.hibernate.orm.core - HHH000489: No JTA platform available (set 'hibernate.transaction.jta.platform' to enable JTA platform integration)
2026-05-07 14:36:44 [main] ERROR o.s.o.j.LocalContainerEntityManagerFactoryBean - Failed to initialize JPA EntityManagerFactory: Unable to build Hibernate SessionFactory  [persistence unit: default] ; nested exception is org.hibernate.tool.schema.spi.SchemaManagementException: Schema validation: missing column [unread_notification_count] in table [users]
2026-05-07 14:36:44 [main] WARN  o.s.b.w.s.s.c.AnnotationConfigServletWebServerApplicationContext - Exception encountered during context initialization - cancelling refresh attempt: org.springframework.beans.factory.BeanCreationException: Error creating bean with name 'entityManagerFactory' defined in class path resource [org/springframework/boot/hibernate/autoconfigure/HibernateJpaConfiguration.class]: Unable to build Hibernate SessionFactory  [persistence unit: default] ; nested exception is org.hibernate.tool.schema.spi.SchemaManagementException: Schema validation: missing column [unread_notification_count] in table [users]
2026-05-07 14:36:44 [main] INFO  com.zaxxer.hikari.HikariDataSource - HikariPool-1 - Shutdown initiated...
2026-05-07 14:36:44 [main] INFO  com.zaxxer.hikari.HikariDataSource - HikariPool-1 - Shutdown completed.
2026-05-07 14:36:44 [main] INFO  o.a.catalina.core.StandardService - Stopping service [Tomcat]
2026-05-07 14:36:44 [main] INFO  o.s.b.a.l.ConditionEvaluationReportLogger - 

Error starting ApplicationContext. To display the condition evaluation report re-run your application with 'debug' enabled.
2026-05-07 14:36:44 [main] ERROR o.s.boot.SpringApplication - Application run failed
org.springframework.beans.factory.BeanCreationException: Error creating bean with name 'entityManagerFactory' defined in class path resource [org/springframework/boot/hibernate/autoconfigure/HibernateJpaConfiguration.class]: Unable to build Hibernate SessionFactory  [persistence unit: default] ; nested exception is org.hibernate.tool.schema.spi.SchemaManagementException: Schema validation: missing column [unread_notification_count] in table [users]
	at org.springframework.beans.factory.support.AbstractAutowireCapableBeanFactory.initializeBean(AbstractAutowireCapableBeanFactory.java:1817)
	at org.springframework.beans.factory.support.AbstractAutowireCapableBeanFactory.doCreateBean(AbstractAutowireCapableBeanFactory.java:603)
	at org.springframework.beans.factory.support.AbstractAutowireCapableBeanFactory.createBean(AbstractAutowireCapableBeanFactory.java:525)
	at org.springframework.beans.factory.support.AbstractBeanFactory.lambda$doGetBean$0(AbstractBeanFactory.java:333)
	at org.springframework.beans.factory.support.DefaultSingletonBeanRegistry.getSingleton(DefaultSingletonBeanRegistry.java:371)
	at org.springframework.beans.factory.support.AbstractBeanFactory.doGetBean(AbstractBeanFactory.java:331)
	at org.springframework.beans.factory.support.AbstractBeanFactory.getBean(AbstractBeanFactory.java:201)
	at org.springframework.context.support.AbstractApplicationContext.finishBeanFactoryInitialization(AbstractApplicationContext.java:977)
	at org.springframework.context.support.AbstractApplicationContext.refresh(AbstractApplicationContext.java:621)
	at org.springframework.boot.web.server.servlet.context.ServletWebServerApplicationContext.refresh(ServletWebServerApplicationContext.java:143)
	at org.springframework.boot.SpringApplication.refresh(SpringApplication.java:756)
	at org.springframework.boot.SpringApplication.refreshContext(SpringApplication.java:445)
	at org.springframework.boot.SpringApplication.run(SpringApplication.java:321)
	at org.springframework.boot.SpringApplication.run(SpringApplication.java:1365)
	at org.springframework.boot.SpringApplication.run(SpringApplication.java:1354)
	at com.example.backend.BackendApplication.main(BackendApplication.java:15)
Caused by: jakarta.persistence.PersistenceException: Unable to build Hibernate SessionFactory  [persistence unit: default] ; nested exception is org.hibernate.tool.schema.spi.SchemaManagementException: Schema validation: missing column [unread_notification_count] in table [users]
	at org.springframework.orm.jpa.AbstractEntityManagerFactoryBean.buildNativeEntityManagerFactory(AbstractEntityManagerFactoryBean.java:448)
	at org.springframework.orm.jpa.AbstractEntityManagerFactoryBean.afterPropertiesSet(AbstractEntityManagerFactoryBean.java:411)
	at org.springframework.orm.jpa.LocalContainerEntityManagerFactoryBean.afterPropertiesSet(LocalContainerEntityManagerFactoryBean.java:419)
	at org.springframework.beans.factory.support.AbstractAutowireCapableBeanFactory.invokeInitMethods(AbstractAutowireCapableBeanFactory.java:1864)
	at org.springframework.beans.factory.support.AbstractAutowireCapableBeanFactory.initializeBean(AbstractAutowireCapableBeanFactory.java:1813)
	... 15 common frames omitted
Caused by: org.hibernate.tool.schema.spi.SchemaManagementException: Schema validation: missing column [unread_notification_count] in table [users]
	at org.hibernate.tool.schema.internal.AbstractSchemaValidator.validateTable(AbstractSchemaValidator.java:134)
	at org.hibernate.tool.schema.internal.GroupedSchemaValidatorImpl.validateTables(GroupedSchemaValidatorImpl.java:42)
	at org.hibernate.tool.schema.internal.AbstractSchemaValidator.performValidation(AbstractSchemaValidator.java:90)
	at org.hibernate.tool.schema.internal.AbstractSchemaValidator.doValidation(AbstractSchemaValidator.java:68)
	at org.hibernate.tool.schema.spi.SchemaManagementToolCoordinator.performDatabaseAction(SchemaManagementToolCoordinator.java:278)
	at org.hibernate.tool.schema.spi.SchemaManagementToolCoordinator.lambda$process$1(SchemaManagementToolCoordinator.java:101)
	at java.base/java.util.HashMap.forEach(HashMap.java:1421)
	at org.hibernate.tool.schema.spi.SchemaManagementToolCoordinator.process(SchemaManagementToolCoordinator.java:100)
	at org.hibernate.boot.internal.SessionFactoryObserverForSchemaExport.sessionFactoryCreated(SessionFactoryObserverForSchemaExport.java:35)
	at org.hibernate.internal.SessionFactoryObserverChain.sessionFactoryCreated(SessionFactoryObserverChain.java:33)
	at org.hibernate.internal.SessionFactoryImpl.<init>(SessionFactoryImpl.java:323)
	at org.hibernate.internal.SessionFactoryRegistry.instantiateSessionFactory(SessionFactoryRegistry.java:64)
	at org.hibernate.boot.internal.SessionFactoryBuilderImpl.build(SessionFactoryBuilderImpl.java:437)
	at org.hibernate.jpa.boot.internal.EntityManagerFactoryBuilderImpl.build(EntityManagerFactoryBuilderImpl.java:1456)
	at org.springframework.orm.jpa.vendor.SpringHibernateJpaPersistenceProvider.createContainerEntityManagerFactory(SpringHibernateJpaPersistenceProvider.java:93)
	at org.springframework.orm.jpa.LocalContainerEntityManagerFactoryBean.createNativeEntityManagerFactory(LocalContainerEntityManagerFactoryBean.java:443)
	at org.springframework.orm.jpa.AbstractEntityManagerFactoryBean.buildNativeEntityManagerFactory(AbstractEntityManagerFactoryBean.java:436)
	... 19 common frames omitted
2026-05-07 14:37:17 [main] INFO  c.example.backend.BackendApplication - Starting BackendApplication using Java 17.0.18 with PID 4244 (D:\DATN\VietnamPhoto\backend\target\classes started by Tuna in D:\DATN\VietnamPhoto)
2026-05-07 14:37:17 [main] DEBUG c.example.backend.BackendApplication - Running with Spring Boot v4.0.3, Spring v7.0.5
2026-05-07 14:37:17 [main] INFO  c.example.backend.BackendApplication - No active profile set, falling back to 1 default profile: "default"
2026-05-07 14:37:17 [background-preinit] INFO  o.h.validator.internal.util.Version - HV000001: Hibernate Validator 9.0.1.Final
2026-05-07 14:37:18 [main] INFO  o.s.d.r.c.RepositoryConfigurationDelegate - Bootstrapping Spring Data JPA repositories in DEFAULT mode.
2026-05-07 14:37:18 [main] INFO  o.s.d.r.c.RepositoryConfigurationDelegate - Finished Spring Data repository scanning in 61 ms. Found 7 JPA repository interfaces.
2026-05-07 14:37:19 [main] INFO  o.s.boot.tomcat.TomcatWebServer - Tomcat initialized with port 8081 (http)
2026-05-07 14:37:19 [main] INFO  o.a.coyote.http11.Http11NioProtocol - Initializing ProtocolHandler ["http-nio-8081"]
2026-05-07 14:37:19 [main] INFO  o.a.catalina.core.StandardService - Starting service [Tomcat]
2026-05-07 14:37:19 [main] INFO  o.a.catalina.core.StandardEngine - Starting Servlet engine: [Apache Tomcat/11.0.18]
2026-05-07 14:37:19 [main] INFO  o.s.b.w.c.s.WebApplicationContextInitializer - Root WebApplicationContext: initialization completed in 1673 ms
2026-05-07 14:37:19 [main] DEBUG c.example.backend.config.JwtFilter - Filter 'jwtFilter' configured for use
2026-05-07 14:37:19 [main] INFO  org.hibernate.orm.jpa - HHH008540: Processing PersistenceUnitInfo [name: default]
2026-05-07 14:37:19 [main] INFO  org.hibernate.orm.core - HHH000001: Hibernate ORM core version 7.2.4.Final
2026-05-07 14:37:20 [main] INFO  o.s.o.j.p.SpringPersistenceUnitInfo - No LoadTimeWeaver setup: ignoring JPA class transformer
2026-05-07 14:37:20 [main] INFO  com.zaxxer.hikari.HikariDataSource - HikariPool-1 - Starting...
2026-05-07 14:37:20 [main] INFO  com.zaxxer.hikari.pool.HikariPool - HikariPool-1 - Added connection com.mysql.cj.jdbc.ConnectionImpl@220be130
2026-05-07 14:37:20 [main] INFO  com.zaxxer.hikari.HikariDataSource - HikariPool-1 - Start completed.
2026-05-07 14:37:20 [main] INFO  o.hibernate.orm.connections.pooling - HHH10001005: Database info:
	Database JDBC URL [jdbc:mysql://localhost:3306/VNScout]
	Database driver: MySQL Connector/J
	Database dialect: MySQLDialect
	Database version: 8.0.46
	Default catalog/schema: VNScout/undefined
	Autocommit mode: undefined/unknown
	Isolation level: REPEATABLE_READ [default REPEATABLE_READ]
	JDBC fetch size: none
	Pool: DataSourceConnectionProvider
	Minimum pool size: undefined/unknown
	Maximum pool size: undefined/unknown
2026-05-07 14:37:21 [main] INFO  org.hibernate.orm.core - HHH000489: No JTA platform available (set 'hibernate.transaction.jta.platform' to enable JTA platform integration)
2026-05-07 14:37:22 [main] INFO  o.s.o.j.LocalContainerEntityManagerFactoryBean - Initialized JPA EntityManagerFactory for persistence unit 'default'
2026-05-07 14:37:22 [main] INFO  o.s.d.j.r.q.QueryEnhancerFactories - Hibernate is in classpath; If applicable, HQL parser will be used.
2026-05-07 14:37:23 [main] WARN  o.s.b.j.a.JpaBaseConfiguration$JpaWebConfiguration - spring.jpa.open-in-view is enabled by default. Therefore, database queries may be performed during view rendering. Explicitly configure spring.jpa.open-in-view to disable this warning
2026-05-07 14:37:23 [main] WARN  o.s.b.s.a.UserDetailsServiceAutoConfiguration - 

Using generated security password: d9784eba-58b8-4578-8768-da8b572d2542

This generated password is for development use only. Your security configuration must be updated before running your application in production.

2026-05-07 14:37:23 [main] INFO  o.s.s.c.a.a.c.InitializeUserDetailsBeanManagerConfigurer$InitializeUserDetailsManagerConfigurer - Global AuthenticationManager configured with UserDetailsService bean with name inMemoryUserDetailsManager
2026-05-07 14:37:24 [main] DEBUG o.s.s.web.DefaultSecurityFilterChain - Will secure any request with filters: DisableEncodeUrlFilter, WebAsyncManagerIntegrationFilter, SecurityContextHolderFilter, HeaderWriterFilter, CorsFilter, LogoutFilter, JwtFilter, RequestCacheAwareFilter, SecurityContextHolderAwareRequestFilter, AnonymousAuthenticationFilter, ExceptionTranslationFilter, AuthorizationFilter
2026-05-07 14:37:24 [main] INFO  o.a.coyote.http11.Http11NioProtocol - Starting ProtocolHandler ["http-nio-8081"]
2026-05-07 14:37:24 [main] INFO  o.s.boot.tomcat.TomcatWebServer - Tomcat started on port 8081 (http) with context path '/'
2026-05-07 14:37:24 [main] INFO  c.example.backend.BackendApplication - Started BackendApplication in 7.754 seconds (process running for 8.179)
2026-05-07 14:37:24 [main] INFO  c.e.b.c.BannedWordDataInitializer - Banned words already initialized. Skip import.
2026-05-07 16:40:50 [SpringApplicationShutdownHook] INFO  o.s.boot.tomcat.GracefulShutdown - Commencing graceful shutdown. Waiting for active requests to complete
2026-05-07 16:40:50 [tomcat-shutdown] INFO  o.s.boot.tomcat.GracefulShutdown - Graceful shutdown complete
2026-05-07 16:40:50 [SpringApplicationShutdownHook] INFO  o.s.o.j.LocalContainerEntityManagerFactoryBean - Closing JPA EntityManagerFactory for persistence unit 'default'
2026-05-07 16:40:50 [SpringApplicationShutdownHook] INFO  com.zaxxer.hikari.HikariDataSource - HikariPool-1 - Shutdown initiated...
2026-05-07 16:40:50 [SpringApplicationShutdownHook] INFO  com.zaxxer.hikari.HikariDataSource - HikariPool-1 - Shutdown completed.
2026-05-07 16:52:46 [main] INFO  c.example.backend.BackendApplication - Starting BackendApplication using Java 17.0.18 with PID 34216 (D:\DATN\VietnamPhoto\backend\target\classes started by Tuna in D:\DATN\VietnamPhoto)
2026-05-07 16:52:46 [main] DEBUG c.example.backend.BackendApplication - Running with Spring Boot v4.0.3, Spring v7.0.5
2026-05-07 16:52:46 [main] INFO  c.example.backend.BackendApplication - No active profile set, falling back to 1 default profile: "default"
2026-05-07 16:52:46 [background-preinit] INFO  o.h.validator.internal.util.Version - HV000001: Hibernate Validator 9.0.1.Final
2026-05-07 16:52:47 [main] INFO  o.s.d.r.c.RepositoryConfigurationDelegate - Bootstrapping Spring Data JPA repositories in DEFAULT mode.
2026-05-07 16:52:47 [main] INFO  o.s.d.r.c.RepositoryConfigurationDelegate - Finished Spring Data repository scanning in 80 ms. Found 9 JPA repository interfaces.
2026-05-07 16:52:48 [main] INFO  o.s.boot.tomcat.TomcatWebServer - Tomcat initialized with port 8081 (http)
2026-05-07 16:52:48 [main] INFO  o.a.coyote.http11.Http11NioProtocol - Initializing ProtocolHandler ["http-nio-8081"]
2026-05-07 16:52:48 [main] INFO  o.a.catalina.core.StandardService - Starting service [Tomcat]
2026-05-07 16:52:48 [main] INFO  o.a.catalina.core.StandardEngine - Starting Servlet engine: [Apache Tomcat/11.0.18]
2026-05-07 16:52:48 [main] INFO  o.s.b.w.c.s.WebApplicationContextInitializer - Root WebApplicationContext: initialization completed in 1747 ms
2026-05-07 16:52:48 [main] DEBUG c.example.backend.config.JwtFilter - Filter 'jwtFilter' configured for use
2026-05-07 16:52:48 [main] INFO  org.hibernate.orm.jpa - HHH008540: Processing PersistenceUnitInfo [name: default]
2026-05-07 16:52:49 [main] INFO  org.hibernate.orm.core - HHH000001: Hibernate ORM core version 7.2.4.Final
2026-05-07 16:52:49 [main] INFO  o.s.o.j.p.SpringPersistenceUnitInfo - No LoadTimeWeaver setup: ignoring JPA class transformer
2026-05-07 16:52:49 [main] INFO  com.zaxxer.hikari.HikariDataSource - HikariPool-1 - Starting...
2026-05-07 16:52:50 [main] INFO  com.zaxxer.hikari.pool.HikariPool - HikariPool-1 - Added connection com.mysql.cj.jdbc.ConnectionImpl@228958a
2026-05-07 16:52:50 [main] INFO  com.zaxxer.hikari.HikariDataSource - HikariPool-1 - Start completed.
2026-05-07 16:52:50 [main] INFO  o.hibernate.orm.connections.pooling - HHH10001005: Database info:
	Database JDBC URL [jdbc:mysql://localhost:3306/VNScout]
	Database driver: MySQL Connector/J
	Database dialect: MySQLDialect
	Database version: 8.0.46
	Default catalog/schema: VNScout/undefined
	Autocommit mode: undefined/unknown
	Isolation level: REPEATABLE_READ [default REPEATABLE_READ]
	JDBC fetch size: none
	Pool: DataSourceConnectionProvider
	Minimum pool size: undefined/unknown
	Maximum pool size: undefined/unknown
2026-05-07 16:52:51 [main] INFO  org.hibernate.orm.core - HHH000489: No JTA platform available (set 'hibernate.transaction.jta.platform' to enable JTA platform integration)
2026-05-07 16:52:51 [main] ERROR o.s.o.j.LocalContainerEntityManagerFactoryBean - Failed to initialize JPA EntityManagerFactory: Unable to build Hibernate SessionFactory  [persistence unit: default] ; nested exception is org.hibernate.tool.schema.spi.SchemaManagementException: Schema validation: missing table [comments]
2026-05-07 16:52:51 [main] WARN  o.s.b.w.s.s.c.AnnotationConfigServletWebServerApplicationContext - Exception encountered during context initialization - cancelling refresh attempt: org.springframework.beans.factory.BeanCreationException: Error creating bean with name 'entityManagerFactory' defined in class path resource [org/springframework/boot/hibernate/autoconfigure/HibernateJpaConfiguration.class]: Unable to build Hibernate SessionFactory  [persistence unit: default] ; nested exception is org.hibernate.tool.schema.spi.SchemaManagementException: Schema validation: missing table [comments]
2026-05-07 16:52:51 [main] INFO  com.zaxxer.hikari.HikariDataSource - HikariPool-1 - Shutdown initiated...
2026-05-07 16:52:51 [main] INFO  com.zaxxer.hikari.HikariDataSource - HikariPool-1 - Shutdown completed.
2026-05-07 16:52:51 [main] INFO  o.a.catalina.core.StandardService - Stopping service [Tomcat]
2026-05-07 16:52:51 [main] INFO  o.s.b.a.l.ConditionEvaluationReportLogger - 

Error starting ApplicationContext. To display the condition evaluation report re-run your application with 'debug' enabled.
2026-05-07 16:52:51 [main] ERROR o.s.boot.SpringApplication - Application run failed
org.springframework.beans.factory.BeanCreationException: Error creating bean with name 'entityManagerFactory' defined in class path resource [org/springframework/boot/hibernate/autoconfigure/HibernateJpaConfiguration.class]: Unable to build Hibernate SessionFactory  [persistence unit: default] ; nested exception is org.hibernate.tool.schema.spi.SchemaManagementException: Schema validation: missing table [comments]
	at org.springframework.beans.factory.support.AbstractAutowireCapableBeanFactory.initializeBean(AbstractAutowireCapableBeanFactory.java:1817)
	at org.springframework.beans.factory.support.AbstractAutowireCapableBeanFactory.doCreateBean(AbstractAutowireCapableBeanFactory.java:603)
	at org.springframework.beans.factory.support.AbstractAutowireCapableBeanFactory.createBean(AbstractAutowireCapableBeanFactory.java:525)
	at org.springframework.beans.factory.support.AbstractBeanFactory.lambda$doGetBean$0(AbstractBeanFactory.java:333)
	at org.springframework.beans.factory.support.DefaultSingletonBeanRegistry.getSingleton(DefaultSingletonBeanRegistry.java:371)
	at org.springframework.beans.factory.support.AbstractBeanFactory.doGetBean(AbstractBeanFactory.java:331)
	at org.springframework.beans.factory.support.AbstractBeanFactory.getBean(AbstractBeanFactory.java:201)
	at org.springframework.context.support.AbstractApplicationContext.finishBeanFactoryInitialization(AbstractApplicationContext.java:977)
	at org.springframework.context.support.AbstractApplicationContext.refresh(AbstractApplicationContext.java:621)
	at org.springframework.boot.web.server.servlet.context.ServletWebServerApplicationContext.refresh(ServletWebServerApplicationContext.java:143)
	at org.springframework.boot.SpringApplication.refresh(SpringApplication.java:756)
	at org.springframework.boot.SpringApplication.refreshContext(SpringApplication.java:445)
	at org.springframework.boot.SpringApplication.run(SpringApplication.java:321)
	at org.springframework.boot.SpringApplication.run(SpringApplication.java:1365)
	at org.springframework.boot.SpringApplication.run(SpringApplication.java:1354)
	at com.example.backend.BackendApplication.main(BackendApplication.java:15)
Caused by: jakarta.persistence.PersistenceException: Unable to build Hibernate SessionFactory  [persistence unit: default] ; nested exception is org.hibernate.tool.schema.spi.SchemaManagementException: Schema validation: missing table [comments]
	at org.springframework.orm.jpa.AbstractEntityManagerFactoryBean.buildNativeEntityManagerFactory(AbstractEntityManagerFactoryBean.java:448)
	at org.springframework.orm.jpa.AbstractEntityManagerFactoryBean.afterPropertiesSet(AbstractEntityManagerFactoryBean.java:411)
	at org.springframework.orm.jpa.LocalContainerEntityManagerFactoryBean.afterPropertiesSet(LocalContainerEntityManagerFactoryBean.java:419)
	at org.springframework.beans.factory.support.AbstractAutowireCapableBeanFactory.invokeInitMethods(AbstractAutowireCapableBeanFactory.java:1864)
	at org.springframework.beans.factory.support.AbstractAutowireCapableBeanFactory.initializeBean(AbstractAutowireCapableBeanFactory.java:1813)
	... 15 common frames omitted
Caused by: org.hibernate.tool.schema.spi.SchemaManagementException: Schema validation: missing table [comments]
	at org.hibernate.tool.schema.internal.AbstractSchemaValidator.validateTable(AbstractSchemaValidator.java:121)
	at org.hibernate.tool.schema.internal.GroupedSchemaValidatorImpl.validateTables(GroupedSchemaValidatorImpl.java:42)
	at org.hibernate.tool.schema.internal.AbstractSchemaValidator.performValidation(AbstractSchemaValidator.java:90)
	at org.hibernate.tool.schema.internal.AbstractSchemaValidator.doValidation(AbstractSchemaValidator.java:68)
	at org.hibernate.tool.schema.spi.SchemaManagementToolCoordinator.performDatabaseAction(SchemaManagementToolCoordinator.java:278)
	at org.hibernate.tool.schema.spi.SchemaManagementToolCoordinator.lambda$process$1(SchemaManagementToolCoordinator.java:101)
	at java.base/java.util.HashMap.forEach(HashMap.java:1421)
	at org.hibernate.tool.schema.spi.SchemaManagementToolCoordinator.process(SchemaManagementToolCoordinator.java:100)
	at org.hibernate.boot.internal.SessionFactoryObserverForSchemaExport.sessionFactoryCreated(SessionFactoryObserverForSchemaExport.java:35)
	at org.hibernate.internal.SessionFactoryObserverChain.sessionFactoryCreated(SessionFactoryObserverChain.java:33)
	at org.hibernate.internal.SessionFactoryImpl.<init>(SessionFactoryImpl.java:323)
	at org.hibernate.internal.SessionFactoryRegistry.instantiateSessionFactory(SessionFactoryRegistry.java:64)
	at org.hibernate.boot.internal.SessionFactoryBuilderImpl.build(SessionFactoryBuilderImpl.java:437)
	at org.hibernate.jpa.boot.internal.EntityManagerFactoryBuilderImpl.build(EntityManagerFactoryBuilderImpl.java:1456)
	at org.springframework.orm.jpa.vendor.SpringHibernateJpaPersistenceProvider.createContainerEntityManagerFactory(SpringHibernateJpaPersistenceProvider.java:93)
	at org.springframework.orm.jpa.LocalContainerEntityManagerFactoryBean.createNativeEntityManagerFactory(LocalContainerEntityManagerFactoryBean.java:443)
	at org.springframework.orm.jpa.AbstractEntityManagerFactoryBean.buildNativeEntityManagerFactory(AbstractEntityManagerFactoryBean.java:436)
	... 19 common frames omitted
2026-05-07 16:56:44 [main] INFO  c.example.backend.BackendApplication - Starting BackendApplication using Java 17.0.18 with PID 36948 (D:\DATN\VietnamPhoto\backend\target\classes started by Tuna in D:\DATN\VietnamPhoto)
2026-05-07 16:56:44 [main] DEBUG c.example.backend.BackendApplication - Running with Spring Boot v4.0.3, Spring v7.0.5
2026-05-07 16:56:44 [main] INFO  c.example.backend.BackendApplication - No active profile set, falling back to 1 default profile: "default"
2026-05-07 16:56:44 [background-preinit] INFO  o.h.validator.internal.util.Version - HV000001: Hibernate Validator 9.0.1.Final
2026-05-07 16:56:45 [main] INFO  o.s.d.r.c.RepositoryConfigurationDelegate - Bootstrapping Spring Data JPA repositories in DEFAULT mode.
2026-05-07 16:56:45 [main] INFO  o.s.d.r.c.RepositoryConfigurationDelegate - Finished Spring Data repository scanning in 80 ms. Found 9 JPA repository interfaces.
2026-05-07 16:56:46 [main] INFO  o.s.boot.tomcat.TomcatWebServer - Tomcat initialized with port 8081 (http)
2026-05-07 16:56:46 [main] INFO  o.a.coyote.http11.Http11NioProtocol - Initializing ProtocolHandler ["http-nio-8081"]
2026-05-07 16:56:46 [main] INFO  o.a.catalina.core.StandardService - Starting service [Tomcat]
2026-05-07 16:56:46 [main] INFO  o.a.catalina.core.StandardEngine - Starting Servlet engine: [Apache Tomcat/11.0.18]
2026-05-07 16:56:46 [main] INFO  o.s.b.w.c.s.WebApplicationContextInitializer - Root WebApplicationContext: initialization completed in 1864 ms
2026-05-07 16:56:46 [main] DEBUG c.example.backend.config.JwtFilter - Filter 'jwtFilter' configured for use
2026-05-07 16:56:46 [main] INFO  org.hibernate.orm.jpa - HHH008540: Processing PersistenceUnitInfo [name: default]
2026-05-07 16:56:46 [main] INFO  org.hibernate.orm.core - HHH000001: Hibernate ORM core version 7.2.4.Final
2026-05-07 16:56:47 [main] INFO  o.s.o.j.p.SpringPersistenceUnitInfo - No LoadTimeWeaver setup: ignoring JPA class transformer
2026-05-07 16:56:47 [main] INFO  com.zaxxer.hikari.HikariDataSource - HikariPool-1 - Starting...
2026-05-07 16:56:48 [main] INFO  com.zaxxer.hikari.pool.HikariPool - HikariPool-1 - Added connection com.mysql.cj.jdbc.ConnectionImpl@c29b0dc
2026-05-07 16:56:48 [main] INFO  com.zaxxer.hikari.HikariDataSource - HikariPool-1 - Start completed.
2026-05-07 16:56:48 [main] INFO  o.hibernate.orm.connections.pooling - HHH10001005: Database info:
	Database JDBC URL [jdbc:mysql://localhost:3306/VNScout]
	Database driver: MySQL Connector/J
	Database dialect: MySQLDialect
	Database version: 8.0.46
	Default catalog/schema: VNScout/undefined
	Autocommit mode: undefined/unknown
	Isolation level: REPEATABLE_READ [default REPEATABLE_READ]
	JDBC fetch size: none
	Pool: DataSourceConnectionProvider
	Minimum pool size: undefined/unknown
	Maximum pool size: undefined/unknown
2026-05-07 16:56:49 [main] INFO  org.hibernate.orm.core - HHH000489: No JTA platform available (set 'hibernate.transaction.jta.platform' to enable JTA platform integration)
2026-05-07 16:56:49 [main] ERROR o.s.o.j.LocalContainerEntityManagerFactoryBean - Failed to initialize JPA EntityManagerFactory: Unable to build Hibernate SessionFactory  [persistence unit: default] ; nested exception is org.hibernate.tool.schema.spi.SchemaManagementException: Schema validation: missing table [comments]
2026-05-07 16:56:49 [main] WARN  o.s.b.w.s.s.c.AnnotationConfigServletWebServerApplicationContext - Exception encountered during context initialization - cancelling refresh attempt: org.springframework.beans.factory.BeanCreationException: Error creating bean with name 'entityManagerFactory' defined in class path resource [org/springframework/boot/hibernate/autoconfigure/HibernateJpaConfiguration.class]: Unable to build Hibernate SessionFactory  [persistence unit: default] ; nested exception is org.hibernate.tool.schema.spi.SchemaManagementException: Schema validation: missing table [comments]
2026-05-07 16:56:49 [main] INFO  com.zaxxer.hikari.HikariDataSource - HikariPool-1 - Shutdown initiated...
2026-05-07 16:56:49 [main] INFO  com.zaxxer.hikari.HikariDataSource - HikariPool-1 - Shutdown completed.
2026-05-07 16:56:49 [main] INFO  o.a.catalina.core.StandardService - Stopping service [Tomcat]
2026-05-07 16:56:49 [main] INFO  o.s.b.a.l.ConditionEvaluationReportLogger - 

Error starting ApplicationContext. To display the condition evaluation report re-run your application with 'debug' enabled.
2026-05-07 16:56:49 [main] ERROR o.s.boot.SpringApplication - Application run failed
org.springframework.beans.factory.BeanCreationException: Error creating bean with name 'entityManagerFactory' defined in class path resource [org/springframework/boot/hibernate/autoconfigure/HibernateJpaConfiguration.class]: Unable to build Hibernate SessionFactory  [persistence unit: default] ; nested exception is org.hibernate.tool.schema.spi.SchemaManagementException: Schema validation: missing table [comments]
	at org.springframework.beans.factory.support.AbstractAutowireCapableBeanFactory.initializeBean(AbstractAutowireCapableBeanFactory.java:1817)
	at org.springframework.beans.factory.support.AbstractAutowireCapableBeanFactory.doCreateBean(AbstractAutowireCapableBeanFactory.java:603)
	at org.springframework.beans.factory.support.AbstractAutowireCapableBeanFactory.createBean(AbstractAutowireCapableBeanFactory.java:525)
	at org.springframework.beans.factory.support.AbstractBeanFactory.lambda$doGetBean$0(AbstractBeanFactory.java:333)
	at org.springframework.beans.factory.support.DefaultSingletonBeanRegistry.getSingleton(DefaultSingletonBeanRegistry.java:371)
	at org.springframework.beans.factory.support.AbstractBeanFactory.doGetBean(AbstractBeanFactory.java:331)
	at org.springframework.beans.factory.support.AbstractBeanFactory.getBean(AbstractBeanFactory.java:201)
	at org.springframework.context.support.AbstractApplicationContext.finishBeanFactoryInitialization(AbstractApplicationContext.java:977)
	at org.springframework.context.support.AbstractApplicationContext.refresh(AbstractApplicationContext.java:621)
	at org.springframework.boot.web.server.servlet.context.ServletWebServerApplicationContext.refresh(ServletWebServerApplicationContext.java:143)
	at org.springframework.boot.SpringApplication.refresh(SpringApplication.java:756)
	at org.springframework.boot.SpringApplication.refreshContext(SpringApplication.java:445)
	at org.springframework.boot.SpringApplication.run(SpringApplication.java:321)
	at org.springframework.boot.SpringApplication.run(SpringApplication.java:1365)
	at org.springframework.boot.SpringApplication.run(SpringApplication.java:1354)
	at com.example.backend.BackendApplication.main(BackendApplication.java:15)
Caused by: jakarta.persistence.PersistenceException: Unable to build Hibernate SessionFactory  [persistence unit: default] ; nested exception is org.hibernate.tool.schema.spi.SchemaManagementException: Schema validation: missing table [comments]
	at org.springframework.orm.jpa.AbstractEntityManagerFactoryBean.buildNativeEntityManagerFactory(AbstractEntityManagerFactoryBean.java:448)
	at org.springframework.orm.jpa.AbstractEntityManagerFactoryBean.afterPropertiesSet(AbstractEntityManagerFactoryBean.java:411)
	at org.springframework.orm.jpa.LocalContainerEntityManagerFactoryBean.afterPropertiesSet(LocalContainerEntityManagerFactoryBean.java:419)
	at org.springframework.beans.factory.support.AbstractAutowireCapableBeanFactory.invokeInitMethods(AbstractAutowireCapableBeanFactory.java:1864)
	at org.springframework.beans.factory.support.AbstractAutowireCapableBeanFactory.initializeBean(AbstractAutowireCapableBeanFactory.java:1813)
	... 15 common frames omitted
Caused by: org.hibernate.tool.schema.spi.SchemaManagementException: Schema validation: missing table [comments]
	at org.hibernate.tool.schema.internal.AbstractSchemaValidator.validateTable(AbstractSchemaValidator.java:121)
	at org.hibernate.tool.schema.internal.GroupedSchemaValidatorImpl.validateTables(GroupedSchemaValidatorImpl.java:42)
	at org.hibernate.tool.schema.internal.AbstractSchemaValidator.performValidation(AbstractSchemaValidator.java:90)
	at org.hibernate.tool.schema.internal.AbstractSchemaValidator.doValidation(AbstractSchemaValidator.java:68)
	at org.hibernate.tool.schema.spi.SchemaManagementToolCoordinator.performDatabaseAction(SchemaManagementToolCoordinator.java:278)
	at org.hibernate.tool.schema.spi.SchemaManagementToolCoordinator.lambda$process$1(SchemaManagementToolCoordinator.java:101)
	at java.base/java.util.HashMap.forEach(HashMap.java:1421)
	at org.hibernate.tool.schema.spi.SchemaManagementToolCoordinator.process(SchemaManagementToolCoordinator.java:100)
	at org.hibernate.boot.internal.SessionFactoryObserverForSchemaExport.sessionFactoryCreated(SessionFactoryObserverForSchemaExport.java:35)
	at org.hibernate.internal.SessionFactoryObserverChain.sessionFactoryCreated(SessionFactoryObserverChain.java:33)
	at org.hibernate.internal.SessionFactoryImpl.<init>(SessionFactoryImpl.java:323)
	at org.hibernate.internal.SessionFactoryRegistry.instantiateSessionFactory(SessionFactoryRegistry.java:64)
	at org.hibernate.boot.internal.SessionFactoryBuilderImpl.build(SessionFactoryBuilderImpl.java:437)
	at org.hibernate.jpa.boot.internal.EntityManagerFactoryBuilderImpl.build(EntityManagerFactoryBuilderImpl.java:1456)
	at org.springframework.orm.jpa.vendor.SpringHibernateJpaPersistenceProvider.createContainerEntityManagerFactory(SpringHibernateJpaPersistenceProvider.java:93)
	at org.springframework.orm.jpa.LocalContainerEntityManagerFactoryBean.createNativeEntityManagerFactory(LocalContainerEntityManagerFactoryBean.java:443)
	at org.springframework.orm.jpa.AbstractEntityManagerFactoryBean.buildNativeEntityManagerFactory(AbstractEntityManagerFactoryBean.java:436)
	... 19 common frames omitted
2026-05-07 16:59:31 [main] INFO  c.example.backend.BackendApplication - Starting BackendApplication using Java 17.0.18 with PID 31184 (D:\DATN\VietnamPhoto\backend\target\classes started by Tuna in D:\DATN\VietnamPhoto)
2026-05-07 16:59:31 [main] DEBUG c.example.backend.BackendApplication - Running with Spring Boot v4.0.3, Spring v7.0.5
2026-05-07 16:59:31 [main] INFO  c.example.backend.BackendApplication - No active profile set, falling back to 1 default profile: "default"
2026-05-07 16:59:32 [background-preinit] INFO  o.h.validator.internal.util.Version - HV000001: Hibernate Validator 9.0.1.Final
2026-05-07 16:59:32 [main] INFO  o.s.d.r.c.RepositoryConfigurationDelegate - Bootstrapping Spring Data JPA repositories in DEFAULT mode.
2026-05-07 16:59:32 [main] INFO  o.s.d.r.c.RepositoryConfigurationDelegate - Finished Spring Data repository scanning in 71 ms. Found 9 JPA repository interfaces.
2026-05-07 16:59:33 [main] INFO  o.s.boot.tomcat.TomcatWebServer - Tomcat initialized with port 8081 (http)
2026-05-07 16:59:33 [main] INFO  o.a.coyote.http11.Http11NioProtocol - Initializing ProtocolHandler ["http-nio-8081"]
2026-05-07 16:59:33 [main] INFO  o.a.catalina.core.StandardService - Starting service [Tomcat]
2026-05-07 16:59:33 [main] INFO  o.a.catalina.core.StandardEngine - Starting Servlet engine: [Apache Tomcat/11.0.18]
2026-05-07 16:59:33 [main] INFO  o.s.b.w.c.s.WebApplicationContextInitializer - Root WebApplicationContext: initialization completed in 1689 ms
2026-05-07 16:59:33 [main] DEBUG c.example.backend.config.JwtFilter - Filter 'jwtFilter' configured for use
2026-05-07 16:59:33 [main] INFO  org.hibernate.orm.jpa - HHH008540: Processing PersistenceUnitInfo [name: default]
2026-05-07 16:59:33 [main] INFO  org.hibernate.orm.core - HHH000001: Hibernate ORM core version 7.2.4.Final
2026-05-07 16:59:34 [main] INFO  o.s.o.j.p.SpringPersistenceUnitInfo - No LoadTimeWeaver setup: ignoring JPA class transformer
2026-05-07 16:59:34 [main] INFO  com.zaxxer.hikari.HikariDataSource - HikariPool-1 - Starting...
2026-05-07 16:59:35 [main] INFO  com.zaxxer.hikari.pool.HikariPool - HikariPool-1 - Added connection com.mysql.cj.jdbc.ConnectionImpl@4d2bc56a
2026-05-07 16:59:35 [main] INFO  com.zaxxer.hikari.HikariDataSource - HikariPool-1 - Start completed.
2026-05-07 16:59:35 [main] INFO  o.hibernate.orm.connections.pooling - HHH10001005: Database info:
	Database JDBC URL [jdbc:mysql://localhost:3306/VNScout]
	Database driver: MySQL Connector/J
	Database dialect: MySQLDialect
	Database version: 8.0.46
	Default catalog/schema: VNScout/undefined
	Autocommit mode: undefined/unknown
	Isolation level: REPEATABLE_READ [default REPEATABLE_READ]
	JDBC fetch size: none
	Pool: DataSourceConnectionProvider
	Minimum pool size: undefined/unknown
	Maximum pool size: undefined/unknown
2026-05-07 16:59:36 [main] INFO  org.hibernate.orm.core - HHH000489: No JTA platform available (set 'hibernate.transaction.jta.platform' to enable JTA platform integration)
2026-05-07 16:59:36 [main] ERROR o.s.o.j.LocalContainerEntityManagerFactoryBean - Failed to initialize JPA EntityManagerFactory: Unable to build Hibernate SessionFactory  [persistence unit: default] ; nested exception is org.hibernate.tool.schema.spi.SchemaManagementException: Schema validation: missing table [comments]
2026-05-07 16:59:36 [main] WARN  o.s.b.w.s.s.c.AnnotationConfigServletWebServerApplicationContext - Exception encountered during context initialization - cancelling refresh attempt: org.springframework.beans.factory.BeanCreationException: Error creating bean with name 'entityManagerFactory' defined in class path resource [org/springframework/boot/hibernate/autoconfigure/HibernateJpaConfiguration.class]: Unable to build Hibernate SessionFactory  [persistence unit: default] ; nested exception is org.hibernate.tool.schema.spi.SchemaManagementException: Schema validation: missing table [comments]
2026-05-07 16:59:36 [main] INFO  com.zaxxer.hikari.HikariDataSource - HikariPool-1 - Shutdown initiated...
2026-05-07 16:59:36 [main] INFO  com.zaxxer.hikari.HikariDataSource - HikariPool-1 - Shutdown completed.
2026-05-07 16:59:36 [main] INFO  o.a.catalina.core.StandardService - Stopping service [Tomcat]
2026-05-07 16:59:36 [main] INFO  o.s.b.a.l.ConditionEvaluationReportLogger - 

Error starting ApplicationContext. To display the condition evaluation report re-run your application with 'debug' enabled.
2026-05-07 16:59:36 [main] ERROR o.s.boot.SpringApplication - Application run failed
org.springframework.beans.factory.BeanCreationException: Error creating bean with name 'entityManagerFactory' defined in class path resource [org/springframework/boot/hibernate/autoconfigure/HibernateJpaConfiguration.class]: Unable to build Hibernate SessionFactory  [persistence unit: default] ; nested exception is org.hibernate.tool.schema.spi.SchemaManagementException: Schema validation: missing table [comments]
	at org.springframework.beans.factory.support.AbstractAutowireCapableBeanFactory.initializeBean(AbstractAutowireCapableBeanFactory.java:1817)
	at org.springframework.beans.factory.support.AbstractAutowireCapableBeanFactory.doCreateBean(AbstractAutowireCapableBeanFactory.java:603)
	at org.springframework.beans.factory.support.AbstractAutowireCapableBeanFactory.createBean(AbstractAutowireCapableBeanFactory.java:525)
	at org.springframework.beans.factory.support.AbstractBeanFactory.lambda$doGetBean$0(AbstractBeanFactory.java:333)
	at org.springframework.beans.factory.support.DefaultSingletonBeanRegistry.getSingleton(DefaultSingletonBeanRegistry.java:371)
	at org.springframework.beans.factory.support.AbstractBeanFactory.doGetBean(AbstractBeanFactory.java:331)
	at org.springframework.beans.factory.support.AbstractBeanFactory.getBean(AbstractBeanFactory.java:201)
	at org.springframework.context.support.AbstractApplicationContext.finishBeanFactoryInitialization(AbstractApplicationContext.java:977)
	at org.springframework.context.support.AbstractApplicationContext.refresh(AbstractApplicationContext.java:621)
	at org.springframework.boot.web.server.servlet.context.ServletWebServerApplicationContext.refresh(ServletWebServerApplicationContext.java:143)
	at org.springframework.boot.SpringApplication.refresh(SpringApplication.java:756)
	at org.springframework.boot.SpringApplication.refreshContext(SpringApplication.java:445)
	at org.springframework.boot.SpringApplication.run(SpringApplication.java:321)
	at org.springframework.boot.SpringApplication.run(SpringApplication.java:1365)
	at org.springframework.boot.SpringApplication.run(SpringApplication.java:1354)
	at com.example.backend.BackendApplication.main(BackendApplication.java:15)
Caused by: jakarta.persistence.PersistenceException: Unable to build Hibernate SessionFactory  [persistence unit: default] ; nested exception is org.hibernate.tool.schema.spi.SchemaManagementException: Schema validation: missing table [comments]
	at org.springframework.orm.jpa.AbstractEntityManagerFactoryBean.buildNativeEntityManagerFactory(AbstractEntityManagerFactoryBean.java:448)
	at org.springframework.orm.jpa.AbstractEntityManagerFactoryBean.afterPropertiesSet(AbstractEntityManagerFactoryBean.java:411)
	at org.springframework.orm.jpa.LocalContainerEntityManagerFactoryBean.afterPropertiesSet(LocalContainerEntityManagerFactoryBean.java:419)
	at org.springframework.beans.factory.support.AbstractAutowireCapableBeanFactory.invokeInitMethods(AbstractAutowireCapableBeanFactory.java:1864)
	at org.springframework.beans.factory.support.AbstractAutowireCapableBeanFactory.initializeBean(AbstractAutowireCapableBeanFactory.java:1813)
	... 15 common frames omitted
Caused by: org.hibernate.tool.schema.spi.SchemaManagementException: Schema validation: missing table [comments]
	at org.hibernate.tool.schema.internal.AbstractSchemaValidator.validateTable(AbstractSchemaValidator.java:121)
	at org.hibernate.tool.schema.internal.GroupedSchemaValidatorImpl.validateTables(GroupedSchemaValidatorImpl.java:42)
	at org.hibernate.tool.schema.internal.AbstractSchemaValidator.performValidation(AbstractSchemaValidator.java:90)
	at org.hibernate.tool.schema.internal.AbstractSchemaValidator.doValidation(AbstractSchemaValidator.java:68)
	at org.hibernate.tool.schema.spi.SchemaManagementToolCoordinator.performDatabaseAction(SchemaManagementToolCoordinator.java:278)
	at org.hibernate.tool.schema.spi.SchemaManagementToolCoordinator.lambda$process$1(SchemaManagementToolCoordinator.java:101)
	at java.base/java.util.HashMap.forEach(HashMap.java:1421)
	at org.hibernate.tool.schema.spi.SchemaManagementToolCoordinator.process(SchemaManagementToolCoordinator.java:100)
	at org.hibernate.boot.internal.SessionFactoryObserverForSchemaExport.sessionFactoryCreated(SessionFactoryObserverForSchemaExport.java:35)
	at org.hibernate.internal.SessionFactoryObserverChain.sessionFactoryCreated(SessionFactoryObserverChain.java:33)
	at org.hibernate.internal.SessionFactoryImpl.<init>(SessionFactoryImpl.java:323)
	at org.hibernate.internal.SessionFactoryRegistry.instantiateSessionFactory(SessionFactoryRegistry.java:64)
	at org.hibernate.boot.internal.SessionFactoryBuilderImpl.build(SessionFactoryBuilderImpl.java:437)
	at org.hibernate.jpa.boot.internal.EntityManagerFactoryBuilderImpl.build(EntityManagerFactoryBuilderImpl.java:1456)
	at org.springframework.orm.jpa.vendor.SpringHibernateJpaPersistenceProvider.createContainerEntityManagerFactory(SpringHibernateJpaPersistenceProvider.java:93)
	at org.springframework.orm.jpa.LocalContainerEntityManagerFactoryBean.createNativeEntityManagerFactory(LocalContainerEntityManagerFactoryBean.java:443)
	at org.springframework.orm.jpa.AbstractEntityManagerFactoryBean.buildNativeEntityManagerFactory(AbstractEntityManagerFactoryBean.java:436)
	... 19 common frames omitted
2026-05-07 17:00:15 [main] INFO  c.example.backend.BackendApplication - Starting BackendApplication using Java 17.0.18 with PID 32392 (D:\DATN\VietnamPhoto\backend\target\classes started by Tuna in D:\DATN\VietnamPhoto)
2026-05-07 17:00:15 [main] DEBUG c.example.backend.BackendApplication - Running with Spring Boot v4.0.3, Spring v7.0.5
2026-05-07 17:00:15 [main] INFO  c.example.backend.BackendApplication - No active profile set, falling back to 1 default profile: "default"
2026-05-07 17:00:15 [background-preinit] INFO  o.h.validator.internal.util.Version - HV000001: Hibernate Validator 9.0.1.Final
2026-05-07 17:00:16 [main] INFO  o.s.d.r.c.RepositoryConfigurationDelegate - Bootstrapping Spring Data JPA repositories in DEFAULT mode.
2026-05-07 17:00:16 [main] INFO  o.s.d.r.c.RepositoryConfigurationDelegate - Finished Spring Data repository scanning in 70 ms. Found 9 JPA repository interfaces.
2026-05-07 17:00:17 [main] INFO  o.s.boot.tomcat.TomcatWebServer - Tomcat initialized with port 8081 (http)
2026-05-07 17:00:17 [main] INFO  o.a.coyote.http11.Http11NioProtocol - Initializing ProtocolHandler ["http-nio-8081"]
2026-05-07 17:00:17 [main] INFO  o.a.catalina.core.StandardService - Starting service [Tomcat]
2026-05-07 17:00:17 [main] INFO  o.a.catalina.core.StandardEngine - Starting Servlet engine: [Apache Tomcat/11.0.18]
2026-05-07 17:00:17 [main] INFO  o.s.b.w.c.s.WebApplicationContextInitializer - Root WebApplicationContext: initialization completed in 1579 ms
2026-05-07 17:00:17 [main] DEBUG c.example.backend.config.JwtFilter - Filter 'jwtFilter' configured for use
2026-05-07 17:00:17 [main] INFO  org.hibernate.orm.jpa - HHH008540: Processing PersistenceUnitInfo [name: default]
2026-05-07 17:00:17 [main] INFO  org.hibernate.orm.core - HHH000001: Hibernate ORM core version 7.2.4.Final
2026-05-07 17:00:18 [main] INFO  o.s.o.j.p.SpringPersistenceUnitInfo - No LoadTimeWeaver setup: ignoring JPA class transformer
2026-05-07 17:00:18 [main] INFO  com.zaxxer.hikari.HikariDataSource - HikariPool-1 - Starting...
2026-05-07 17:00:18 [main] INFO  com.zaxxer.hikari.pool.HikariPool - HikariPool-1 - Added connection com.mysql.cj.jdbc.ConnectionImpl@dd07be8
2026-05-07 17:00:18 [main] INFO  com.zaxxer.hikari.HikariDataSource - HikariPool-1 - Start completed.
2026-05-07 17:00:18 [main] INFO  o.hibernate.orm.connections.pooling - HHH10001005: Database info:
	Database JDBC URL [jdbc:mysql://localhost:3306/VNScout]
	Database driver: MySQL Connector/J
	Database dialect: MySQLDialect
	Database version: 8.0.46
	Default catalog/schema: VNScout/undefined
	Autocommit mode: undefined/unknown
	Isolation level: REPEATABLE_READ [default REPEATABLE_READ]
	JDBC fetch size: none
	Pool: DataSourceConnectionProvider
	Minimum pool size: undefined/unknown
	Maximum pool size: undefined/unknown
2026-05-07 17:00:19 [main] INFO  org.hibernate.orm.core - HHH000489: No JTA platform available (set 'hibernate.transaction.jta.platform' to enable JTA platform integration)
2026-05-07 17:00:19 [main] INFO  o.s.o.j.LocalContainerEntityManagerFactoryBean - Initialized JPA EntityManagerFactory for persistence unit 'default'
2026-05-07 17:00:19 [main] INFO  o.s.d.j.r.q.QueryEnhancerFactories - Hibernate is in classpath; If applicable, HQL parser will be used.
2026-05-07 17:00:21 [main] WARN  o.s.b.j.a.JpaBaseConfiguration$JpaWebConfiguration - spring.jpa.open-in-view is enabled by default. Therefore, database queries may be performed during view rendering. Explicitly configure spring.jpa.open-in-view to disable this warning
2026-05-07 17:00:21 [main] WARN  o.s.b.s.a.UserDetailsServiceAutoConfiguration - 

Using generated security password: 926910ca-5d29-446c-909b-82530cbdf1b5

This generated password is for development use only. Your security configuration must be updated before running your application in production.

2026-05-07 17:00:21 [main] INFO  o.s.s.c.a.a.c.InitializeUserDetailsBeanManagerConfigurer$InitializeUserDetailsManagerConfigurer - Global AuthenticationManager configured with UserDetailsService bean with name inMemoryUserDetailsManager
2026-05-07 17:00:21 [main] DEBUG o.s.s.web.DefaultSecurityFilterChain - Will secure any request with filters: DisableEncodeUrlFilter, WebAsyncManagerIntegrationFilter, SecurityContextHolderFilter, HeaderWriterFilter, CorsFilter, LogoutFilter, JwtFilter, RequestCacheAwareFilter, SecurityContextHolderAwareRequestFilter, AnonymousAuthenticationFilter, ExceptionTranslationFilter, AuthorizationFilter
2026-05-07 17:00:22 [main] INFO  o.a.coyote.http11.Http11NioProtocol - Starting ProtocolHandler ["http-nio-8081"]
2026-05-07 17:00:22 [main] INFO  o.s.boot.tomcat.TomcatWebServer - Tomcat started on port 8081 (http) with context path '/'
2026-05-07 17:00:22 [main] INFO  c.example.backend.BackendApplication - Started BackendApplication in 6.966 seconds (process running for 7.386)
2026-05-07 17:00:22 [main] INFO  c.e.b.c.BannedWordDataInitializer - Banned words already initialized. Skip import.
2026-05-07 17:01:18 [http-nio-8081-exec-1] INFO  o.a.c.c.C.[Tomcat].[localhost].[/] - Initializing Spring DispatcherServlet 'dispatcherServlet'
2026-05-07 17:01:18 [http-nio-8081-exec-1] INFO  o.s.web.servlet.DispatcherServlet - Initializing Servlet 'dispatcherServlet'
2026-05-07 17:01:18 [http-nio-8081-exec-1] INFO  o.s.web.servlet.DispatcherServlet - Completed initialization in 3 ms
2026-05-07 17:01:18 [http-nio-8081-exec-1] DEBUG o.s.security.web.FilterChainProxy - Securing OPTIONS /auth/login
2026-05-07 17:01:18 [http-nio-8081-exec-1] WARN  o.s.w.s.h.HandlerMappingIntrospector - Cache miss for REQUEST dispatch to '/auth/login' (previous null). Performing CorsConfiguration lookup. This is logged once only at WARN level, and every time at TRACE.
2026-05-07 17:01:18 [http-nio-8081-exec-5] DEBUG o.s.security.web.FilterChainProxy - Securing POST /auth/login
2026-05-07 17:01:18 [http-nio-8081-exec-5] DEBUG o.s.security.web.FilterChainProxy - Secured POST /auth/login
2026-05-07 17:01:19 [http-nio-8081-exec-5] DEBUG o.s.s.w.a.AnonymousAuthenticationFilter - Set SecurityContextHolder to anonymous SecurityContext
2026-05-07 17:01:19 [http-nio-8081-exec-7] DEBUG o.s.security.web.FilterChainProxy - Securing OPTIONS /users/me
2026-05-07 17:01:19 [http-nio-8081-exec-9] DEBUG o.s.security.web.FilterChainProxy - Securing GET /users/me
2026-05-07 17:01:19 [http-nio-8081-exec-9] DEBUG o.s.security.web.FilterChainProxy - Secured GET /users/me
2026-05-07 17:01:19 [http-nio-8081-exec-2] DEBUG o.s.security.web.FilterChainProxy - Securing OPTIONS /api/locations
2026-05-07 17:01:19 [http-nio-8081-exec-6] DEBUG o.s.security.web.FilterChainProxy - Securing OPTIONS /api/locations
2026-05-07 17:01:19 [http-nio-8081-exec-6] DEBUG o.s.security.web.FilterChainProxy - Securing GET /api/locations
2026-05-07 17:01:19 [http-nio-8081-exec-6] DEBUG o.s.security.web.FilterChainProxy - Secured GET /api/locations
2026-05-07 17:01:19 [http-nio-8081-exec-8] DEBUG o.s.security.web.FilterChainProxy - Securing GET /api/locations
2026-05-07 17:01:19 [http-nio-8081-exec-8] DEBUG o.s.security.web.FilterChainProxy - Secured GET /api/locations
2026-05-07 17:01:22 [http-nio-8081-exec-4] DEBUG o.s.security.web.FilterChainProxy - Securing OPTIONS /auth/login
2026-05-07 17:01:22 [http-nio-8081-exec-10] DEBUG o.s.security.web.FilterChainProxy - Securing POST /auth/login
2026-05-07 17:01:22 [http-nio-8081-exec-10] DEBUG o.s.security.web.FilterChainProxy - Secured POST /auth/login
2026-05-07 17:01:22 [http-nio-8081-exec-10] DEBUG o.s.s.w.a.AnonymousAuthenticationFilter - Set SecurityContextHolder to anonymous SecurityContext
2026-05-07 17:01:22 [http-nio-8081-exec-1] DEBUG o.s.security.web.FilterChainProxy - Securing OPTIONS /users/me
2026-05-07 17:01:22 [http-nio-8081-exec-5] DEBUG o.s.security.web.FilterChainProxy - Securing GET /users/me
2026-05-07 17:01:22 [http-nio-8081-exec-5] DEBUG o.s.security.web.FilterChainProxy - Secured GET /users/me
2026-05-07 17:01:22 [http-nio-8081-exec-7] DEBUG o.s.security.web.FilterChainProxy - Securing OPTIONS /api/locations
2026-05-07 17:01:22 [http-nio-8081-exec-9] DEBUG o.s.security.web.FilterChainProxy - Securing GET /api/locations
2026-05-07 17:01:22 [http-nio-8081-exec-9] DEBUG o.s.security.web.FilterChainProxy - Secured GET /api/locations
2026-05-07 17:01:23 [http-nio-8081-exec-2] DEBUG o.s.security.web.FilterChainProxy - Securing GET /api/locations
2026-05-07 17:01:23 [http-nio-8081-exec-2] DEBUG o.s.security.web.FilterChainProxy - Secured GET /api/locations
2026-05-07 17:01:30 [http-nio-8081-exec-3] DEBUG o.s.security.web.FilterChainProxy - Securing GET /api/locations
2026-05-07 17:01:30 [http-nio-8081-exec-3] DEBUG o.s.security.web.FilterChainProxy - Secured GET /api/locations
2026-05-07 17:01:30 [http-nio-8081-exec-6] DEBUG o.s.security.web.FilterChainProxy - Securing GET /api/locations
2026-05-07 17:01:30 [http-nio-8081-exec-6] DEBUG o.s.security.web.FilterChainProxy - Secured GET /api/locations
2026-05-07 17:01:33 [http-nio-8081-exec-8] DEBUG o.s.security.web.FilterChainProxy - Securing OPTIONS /api/locations/7a84b328-90c4-439b-b705-a3516a5e358f
2026-05-07 17:01:33 [http-nio-8081-exec-4] DEBUG o.s.security.web.FilterChainProxy - Securing OPTIONS /api/v1/posts/getAll
2026-05-07 17:01:33 [http-nio-8081-exec-10] DEBUG o.s.security.web.FilterChainProxy - Securing OPTIONS /api/locations/7a84b328-90c4-439b-b705-a3516a5e358f
2026-05-07 17:01:33 [http-nio-8081-exec-1] DEBUG o.s.security.web.FilterChainProxy - Securing OPTIONS /api/v1/posts/getAll
2026-05-07 17:01:33 [http-nio-8081-exec-5] DEBUG o.s.security.web.FilterChainProxy - Securing GET /api/v1/posts/getAll
2026-05-07 17:01:33 [http-nio-8081-exec-7] DEBUG o.s.security.web.FilterChainProxy - Securing GET /api/locations/7a84b328-90c4-439b-b705-a3516a5e358f
2026-05-07 17:01:33 [http-nio-8081-exec-5] DEBUG o.s.security.web.FilterChainProxy - Secured GET /api/v1/posts/getAll
2026-05-07 17:01:33 [http-nio-8081-exec-7] DEBUG o.s.security.web.FilterChainProxy - Secured GET /api/locations/7a84b328-90c4-439b-b705-a3516a5e358f
2026-05-07 17:01:33 [http-nio-8081-exec-7] DEBUG o.s.security.web.FilterChainProxy - Securing GET /api/locations/7a84b328-90c4-439b-b705-a3516a5e358f
2026-05-07 17:01:33 [http-nio-8081-exec-7] DEBUG o.s.security.web.FilterChainProxy - Secured GET /api/locations/7a84b328-90c4-439b-b705-a3516a5e358f
2026-05-07 17:01:33 [http-nio-8081-exec-2] DEBUG o.s.security.web.FilterChainProxy - Securing GET /api/v1/posts/getAll
2026-05-07 17:01:33 [http-nio-8081-exec-2] DEBUG o.s.security.web.FilterChainProxy - Secured GET /api/v1/posts/getAll
2026-05-07 17:01:37 [http-nio-8081-exec-3] DEBUG o.s.security.web.FilterChainProxy - Securing GET /api/locations
2026-05-07 17:01:37 [http-nio-8081-exec-3] DEBUG o.s.security.web.FilterChainProxy - Secured GET /api/locations
2026-05-07 17:01:37 [http-nio-8081-exec-6] DEBUG o.s.security.web.FilterChainProxy - Securing GET /api/locations
2026-05-07 17:01:37 [http-nio-8081-exec-6] DEBUG o.s.security.web.FilterChainProxy - Secured GET /api/locations
2026-05-07 17:01:38 [http-nio-8081-exec-1] DEBUG o.s.security.web.FilterChainProxy - Securing GET /api/v1/posts/getAll
2026-05-07 17:01:38 [http-nio-8081-exec-4] DEBUG o.s.security.web.FilterChainProxy - Securing OPTIONS /api/locations/9c647745-7d29-4ea8-990d-5c2392e276db
2026-05-07 17:01:38 [http-nio-8081-exec-8] DEBUG o.s.security.web.FilterChainProxy - Securing OPTIONS /api/locations/9c647745-7d29-4ea8-990d-5c2392e276db
2026-05-07 17:01:38 [http-nio-8081-exec-1] DEBUG o.s.security.web.FilterChainProxy - Secured GET /api/v1/posts/getAll
2026-05-07 17:01:38 [http-nio-8081-exec-10] DEBUG o.s.security.web.FilterChainProxy - Securing GET /api/locations/9c647745-7d29-4ea8-990d-5c2392e276db
2026-05-07 17:01:38 [http-nio-8081-exec-10] DEBUG o.s.security.web.FilterChainProxy - Secured GET /api/locations/9c647745-7d29-4ea8-990d-5c2392e276db
2026-05-07 17:01:38 [http-nio-8081-exec-9] DEBUG o.s.security.web.FilterChainProxy - Securing GET /api/locations/9c647745-7d29-4ea8-990d-5c2392e276db
2026-05-07 17:01:38 [http-nio-8081-exec-9] DEBUG o.s.security.web.FilterChainProxy - Secured GET /api/locations/9c647745-7d29-4ea8-990d-5c2392e276db
2026-05-07 17:01:38 [http-nio-8081-exec-7] DEBUG o.s.security.web.FilterChainProxy - Securing GET /api/v1/posts/getAll
2026-05-07 17:01:38 [http-nio-8081-exec-7] DEBUG o.s.security.web.FilterChainProxy - Secured GET /api/v1/posts/getAll
2026-05-07 17:01:41 [http-nio-8081-exec-5] DEBUG o.s.security.web.FilterChainProxy - Securing OPTIONS /api/v1/posts/1e53a30f-ef3d-44cb-ae06-7d2354225791/like?userId=cb202a3a-1d25-42ea-9eee-67c7c85b9ef1
2026-05-07 17:01:41 [http-nio-8081-exec-2] DEBUG o.s.security.web.FilterChainProxy - Securing POST /api/v1/posts/1e53a30f-ef3d-44cb-ae06-7d2354225791/like?userId=cb202a3a-1d25-42ea-9eee-67c7c85b9ef1
2026-05-07 17:01:41 [http-nio-8081-exec-2] DEBUG o.s.security.web.FilterChainProxy - Secured POST /api/v1/posts/1e53a30f-ef3d-44cb-ae06-7d2354225791/like?userId=cb202a3a-1d25-42ea-9eee-67c7c85b9ef1
2026-05-07 17:01:51 [http-nio-8081-exec-3] DEBUG o.s.security.web.FilterChainProxy - Securing GET /api/locations
2026-05-07 17:01:51 [http-nio-8081-exec-3] DEBUG o.s.security.web.FilterChainProxy - Secured GET /api/locations
2026-05-07 17:01:51 [http-nio-8081-exec-6] DEBUG o.s.security.web.FilterChainProxy - Securing GET /api/locations
2026-05-07 17:01:51 [http-nio-8081-exec-6] DEBUG o.s.security.web.FilterChainProxy - Secured GET /api/locations
2026-05-07 17:01:53 [http-nio-8081-exec-8] DEBUG o.s.security.web.FilterChainProxy - Securing OPTIONS /api/v1/posts/getAll
2026-05-07 17:01:53 [http-nio-8081-exec-4] DEBUG o.s.security.web.FilterChainProxy - Securing OPTIONS /api/locations/9c647745-7d29-4ea8-990d-5c2392e276db
2026-05-07 17:01:53 [http-nio-8081-exec-10] DEBUG o.s.security.web.FilterChainProxy - Securing OPTIONS /api/locations/9c647745-7d29-4ea8-990d-5c2392e276db
2026-05-07 17:01:53 [http-nio-8081-exec-9] DEBUG o.s.security.web.FilterChainProxy - Securing OPTIONS /api/v1/posts/getAll
2026-05-07 17:01:53 [http-nio-8081-exec-1] DEBUG o.s.security.web.FilterChainProxy - Securing GET /api/v1/posts/getAll
2026-05-07 17:01:53 [http-nio-8081-exec-7] DEBUG o.s.security.web.FilterChainProxy - Securing GET /api/locations/9c647745-7d29-4ea8-990d-5c2392e276db
2026-05-07 17:01:53 [http-nio-8081-exec-7] DEBUG o.s.security.web.FilterChainProxy - Secured GET /api/locations/9c647745-7d29-4ea8-990d-5c2392e276db
2026-05-07 17:01:53 [http-nio-8081-exec-1] DEBUG o.s.security.web.FilterChainProxy - Secured GET /api/v1/posts/getAll
2026-05-07 17:01:53 [http-nio-8081-exec-5] DEBUG o.s.security.web.FilterChainProxy - Securing GET /api/locations/9c647745-7d29-4ea8-990d-5c2392e276db
2026-05-07 17:01:53 [http-nio-8081-exec-5] DEBUG o.s.security.web.FilterChainProxy - Secured GET /api/locations/9c647745-7d29-4ea8-990d-5c2392e276db
2026-05-07 17:01:53 [http-nio-8081-exec-2] DEBUG o.s.security.web.FilterChainProxy - Securing GET /api/v1/posts/getAll
2026-05-07 17:01:53 [http-nio-8081-exec-2] DEBUG o.s.security.web.FilterChainProxy - Secured GET /api/v1/posts/getAll
2026-05-07 17:01:57 [http-nio-8081-exec-3] DEBUG o.s.security.web.FilterChainProxy - Securing OPTIONS /api/v1/posts/08050bbb-abd0-4294-ac5d-9f2d58c7540d?viewerId=2ea069b0-fdb0-46f0-81d1-a6502ebfcce5
2026-05-07 17:01:57 [http-nio-8081-exec-6] DEBUG o.s.security.web.FilterChainProxy - Securing OPTIONS /api/v1/posts/08050bbb-abd0-4294-ac5d-9f2d58c7540d?viewerId=2ea069b0-fdb0-46f0-81d1-a6502ebfcce5
2026-05-07 17:01:57 [http-nio-8081-exec-8] DEBUG o.s.security.web.FilterChainProxy - Securing GET /api/v1/posts/08050bbb-abd0-4294-ac5d-9f2d58c7540d?viewerId=2ea069b0-fdb0-46f0-81d1-a6502ebfcce5
2026-05-07 17:01:57 [http-nio-8081-exec-8] DEBUG o.s.security.web.FilterChainProxy - Secured GET /api/v1/posts/08050bbb-abd0-4294-ac5d-9f2d58c7540d?viewerId=2ea069b0-fdb0-46f0-81d1-a6502ebfcce5
2026-05-07 17:01:57 [http-nio-8081-exec-4] DEBUG o.s.security.web.FilterChainProxy - Securing GET /api/v1/posts/08050bbb-abd0-4294-ac5d-9f2d58c7540d?viewerId=2ea069b0-fdb0-46f0-81d1-a6502ebfcce5
2026-05-07 17:01:57 [http-nio-8081-exec-4] DEBUG o.s.security.web.FilterChainProxy - Secured GET /api/v1/posts/08050bbb-abd0-4294-ac5d-9f2d58c7540d?viewerId=2ea069b0-fdb0-46f0-81d1-a6502ebfcce5
2026-05-07 17:01:57 [http-nio-8081-exec-9] DEBUG o.s.security.web.FilterChainProxy - Securing OPTIONS /api/v1/comments/post/08050bbb-abd0-4294-ac5d-9f2d58c7540d
2026-05-07 17:01:57 [http-nio-8081-exec-10] DEBUG o.s.security.web.FilterChainProxy - Securing GET /api/v1/comments/post/08050bbb-abd0-4294-ac5d-9f2d58c7540d
2026-05-07 17:01:57 [http-nio-8081-exec-10] DEBUG o.s.security.web.FilterChainProxy - Secured GET /api/v1/comments/post/08050bbb-abd0-4294-ac5d-9f2d58c7540d
2026-05-07 17:01:57 [http-nio-8081-exec-10] WARN  o.s.d.w.c.SpringDataJackson3Configuration$PageModule$WarningLoggingModifier - Serializing PageImpl instances as-is is not supported, meaning that there is no guarantee about the stability of the resulting JSON structure!
	For a stable JSON structure, please use Spring Data's PagedModel (globally via @EnableSpringDataWebSupport(pageSerializationMode = VIA_DTO))
	or Spring HATEOAS and Spring Data's PagedResourcesAssembler as documented in https://docs.spring.io/spring-data/commons/reference/repositories/core-extensions.html#core.web.pageables.

2026-05-07 17:01:57 [http-nio-8081-exec-7] DEBUG o.s.security.web.FilterChainProxy - Securing GET /api/v1/comments/post/08050bbb-abd0-4294-ac5d-9f2d58c7540d
2026-05-07 17:01:57 [http-nio-8081-exec-7] DEBUG o.s.security.web.FilterChainProxy - Secured GET /api/v1/comments/post/08050bbb-abd0-4294-ac5d-9f2d58c7540d
2026-05-07 17:02:00 [http-nio-8081-exec-5] DEBUG o.s.security.web.FilterChainProxy - Securing OPTIONS /api/v1/posts/08050bbb-abd0-4294-ac5d-9f2d58c7540d/like?userId=2ea069b0-fdb0-46f0-81d1-a6502ebfcce5
2026-05-07 17:02:00 [http-nio-8081-exec-1] DEBUG o.s.security.web.FilterChainProxy - Securing POST /api/v1/posts/08050bbb-abd0-4294-ac5d-9f2d58c7540d/like?userId=2ea069b0-fdb0-46f0-81d1-a6502ebfcce5
2026-05-07 17:02:00 [http-nio-8081-exec-1] DEBUG o.s.security.web.FilterChainProxy - Secured POST /api/v1/posts/08050bbb-abd0-4294-ac5d-9f2d58c7540d/like?userId=2ea069b0-fdb0-46f0-81d1-a6502ebfcce5
2026-05-07 17:02:00 [http-nio-8081-exec-2] DEBUG o.s.security.web.FilterChainProxy - Securing POST /api/v1/posts/08050bbb-abd0-4294-ac5d-9f2d58c7540d/like?userId=2ea069b0-fdb0-46f0-81d1-a6502ebfcce5
2026-05-07 17:02:00 [http-nio-8081-exec-2] DEBUG o.s.security.web.FilterChainProxy - Secured POST /api/v1/posts/08050bbb-abd0-4294-ac5d-9f2d58c7540d/like?userId=2ea069b0-fdb0-46f0-81d1-a6502ebfcce5
2026-05-07 17:02:06 [http-nio-8081-exec-6] DEBUG o.s.security.web.FilterChainProxy - Securing OPTIONS /api/v1/comments
2026-05-07 17:02:06 [http-nio-8081-exec-3] DEBUG o.s.security.web.FilterChainProxy - Securing POST /api/v1/comments
2026-05-07 17:02:06 [http-nio-8081-exec-3] DEBUG o.s.security.web.FilterChainProxy - Secured POST /api/v1/comments
2026-05-07 17:02:06 [http-nio-8081-exec-3] DEBUG o.s.s.a.m.AuthorizationManagerBeforeMethodInterceptor - Authorizing method invocation ReflectiveMethodInvocation: public com.example.backend.dto.response.CommentResponse com.example.backend.controller.CommentController.createComment(java.lang.String,com.example.backend.dto.request.CommentRequest); target is of class [com.example.backend.controller.CommentController]
2026-05-07 17:02:06 [http-nio-8081-exec-3] DEBUG o.s.s.a.m.AuthorizationManagerBeforeMethodInterceptor - Authorized method invocation ReflectiveMethodInvocation: public com.example.backend.dto.response.CommentResponse com.example.backend.controller.CommentController.createComment(java.lang.String,com.example.backend.dto.request.CommentRequest); target is of class [com.example.backend.controller.CommentController]
2026-05-07 17:02:13 [http-nio-8081-exec-8] DEBUG o.s.security.web.FilterChainProxy - Securing GET /api/locations
2026-05-07 17:02:13 [http-nio-8081-exec-8] DEBUG o.s.security.web.FilterChainProxy - Secured GET /api/locations
2026-05-07 17:02:13 [http-nio-8081-exec-9] DEBUG o.s.security.web.FilterChainProxy - Securing GET /api/locations
2026-05-07 17:02:13 [http-nio-8081-exec-9] DEBUG o.s.security.web.FilterChainProxy - Secured GET /api/locations
2026-05-07 17:02:14 [http-nio-8081-exec-10] DEBUG o.s.security.web.FilterChainProxy - Securing GET /api/v1/posts/getAll
2026-05-07 17:02:14 [http-nio-8081-exec-4] DEBUG o.s.security.web.FilterChainProxy - Securing GET /api/locations/9c647745-7d29-4ea8-990d-5c2392e276db
2026-05-07 17:02:14 [http-nio-8081-exec-4] DEBUG o.s.security.web.FilterChainProxy - Secured GET /api/locations/9c647745-7d29-4ea8-990d-5c2392e276db
2026-05-07 17:02:14 [http-nio-8081-exec-10] DEBUG o.s.security.web.FilterChainProxy - Secured GET /api/v1/posts/getAll
2026-05-07 17:02:14 [http-nio-8081-exec-7] DEBUG o.s.security.web.FilterChainProxy - Securing GET /api/locations/9c647745-7d29-4ea8-990d-5c2392e276db
2026-05-07 17:02:14 [http-nio-8081-exec-7] DEBUG o.s.security.web.FilterChainProxy - Secured GET /api/locations/9c647745-7d29-4ea8-990d-5c2392e276db
2026-05-07 17:02:15 [http-nio-8081-exec-5] DEBUG o.s.security.web.FilterChainProxy - Securing GET /api/v1/posts/getAll
2026-05-07 17:02:15 [http-nio-8081-exec-5] DEBUG o.s.security.web.FilterChainProxy - Secured GET /api/v1/posts/getAll
2026-05-07 17:02:20 [http-nio-8081-exec-2] DEBUG o.s.security.web.FilterChainProxy - Securing OPTIONS /api/v1/posts/08050bbb-abd0-4294-ac5d-9f2d58c7540d?viewerId=cb202a3a-1d25-42ea-9eee-67c7c85b9ef1
2026-05-07 17:02:20 [http-nio-8081-exec-1] DEBUG o.s.security.web.FilterChainProxy - Securing OPTIONS /api/v1/posts/08050bbb-abd0-4294-ac5d-9f2d58c7540d?viewerId=cb202a3a-1d25-42ea-9eee-67c7c85b9ef1
2026-05-07 17:02:20 [http-nio-8081-exec-6] DEBUG o.s.security.web.FilterChainProxy - Securing GET /api/v1/posts/08050bbb-abd0-4294-ac5d-9f2d58c7540d?viewerId=cb202a3a-1d25-42ea-9eee-67c7c85b9ef1
2026-05-07 17:02:20 [http-nio-8081-exec-6] DEBUG o.s.security.web.FilterChainProxy - Secured GET /api/v1/posts/08050bbb-abd0-4294-ac5d-9f2d58c7540d?viewerId=cb202a3a-1d25-42ea-9eee-67c7c85b9ef1
2026-05-07 17:02:20 [http-nio-8081-exec-3] DEBUG o.s.security.web.FilterChainProxy - Securing GET /api/v1/posts/08050bbb-abd0-4294-ac5d-9f2d58c7540d?viewerId=cb202a3a-1d25-42ea-9eee-67c7c85b9ef1
2026-05-07 17:02:20 [http-nio-8081-exec-8] DEBUG o.s.security.web.FilterChainProxy - Securing OPTIONS /api/v1/comments/post/08050bbb-abd0-4294-ac5d-9f2d58c7540d
2026-05-07 17:02:20 [http-nio-8081-exec-3] DEBUG o.s.security.web.FilterChainProxy - Secured GET /api/v1/posts/08050bbb-abd0-4294-ac5d-9f2d58c7540d?viewerId=cb202a3a-1d25-42ea-9eee-67c7c85b9ef1
2026-05-07 17:02:20 [http-nio-8081-exec-9] DEBUG o.s.security.web.FilterChainProxy - Securing GET /api/v1/comments/post/08050bbb-abd0-4294-ac5d-9f2d58c7540d
2026-05-07 17:02:20 [http-nio-8081-exec-9] DEBUG o.s.security.web.FilterChainProxy - Secured GET /api/v1/comments/post/08050bbb-abd0-4294-ac5d-9f2d58c7540d
2026-05-07 17:02:20 [http-nio-8081-exec-4] DEBUG o.s.security.web.FilterChainProxy - Securing GET /api/v1/comments/post/08050bbb-abd0-4294-ac5d-9f2d58c7540d
2026-05-07 17:02:20 [http-nio-8081-exec-4] DEBUG o.s.security.web.FilterChainProxy - Secured GET /api/v1/comments/post/08050bbb-abd0-4294-ac5d-9f2d58c7540d
2026-05-07 17:02:27 [http-nio-8081-exec-7] DEBUG o.s.security.web.FilterChainProxy - Securing OPTIONS /api/v1/comments
2026-05-07 17:02:27 [http-nio-8081-exec-10] DEBUG o.s.security.web.FilterChainProxy - Securing POST /api/v1/comments
2026-05-07 17:02:27 [http-nio-8081-exec-10] DEBUG o.s.security.web.FilterChainProxy - Secured POST /api/v1/comments
2026-05-07 17:02:27 [http-nio-8081-exec-10] DEBUG o.s.s.a.m.AuthorizationManagerBeforeMethodInterceptor - Authorizing method invocation ReflectiveMethodInvocation: public com.example.backend.dto.response.CommentResponse com.example.backend.controller.CommentController.createComment(java.lang.String,com.example.backend.dto.request.CommentRequest); target is of class [com.example.backend.controller.CommentController]
2026-05-07 17:02:27 [http-nio-8081-exec-10] DEBUG o.s.s.a.m.AuthorizationManagerBeforeMethodInterceptor - Authorized method invocation ReflectiveMethodInvocation: public com.example.backend.dto.response.CommentResponse com.example.backend.controller.CommentController.createComment(java.lang.String,com.example.backend.dto.request.CommentRequest); target is of class [com.example.backend.controller.CommentController]
2026-05-07 17:02:34 [http-nio-8081-exec-2] DEBUG o.s.security.web.FilterChainProxy - Securing GET /users/me
2026-05-07 17:02:34 [http-nio-8081-exec-1] DEBUG o.s.security.web.FilterChainProxy - Securing OPTIONS /api/v1/posts/08050bbb-abd0-4294-ac5d-9f2d58c7540d
2026-05-07 17:02:34 [http-nio-8081-exec-2] DEBUG o.s.security.web.FilterChainProxy - Secured GET /users/me
2026-05-07 17:02:34 [http-nio-8081-exec-6] DEBUG o.s.security.web.FilterChainProxy - Securing GET /api/v1/posts/08050bbb-abd0-4294-ac5d-9f2d58c7540d
2026-05-07 17:02:34 [http-nio-8081-exec-6] DEBUG o.s.security.web.FilterChainProxy - Secured GET /api/v1/posts/08050bbb-abd0-4294-ac5d-9f2d58c7540d
2026-05-07 17:02:34 [http-nio-8081-exec-8] DEBUG o.s.security.web.FilterChainProxy - Securing GET /api/v1/comments/post/08050bbb-abd0-4294-ac5d-9f2d58c7540d
2026-05-07 17:02:34 [http-nio-8081-exec-8] DEBUG o.s.security.web.FilterChainProxy - Secured GET /api/v1/comments/post/08050bbb-abd0-4294-ac5d-9f2d58c7540d
2026-05-07 17:02:34 [http-nio-8081-exec-9] DEBUG o.s.security.web.FilterChainProxy - Securing GET /api/v1/posts/08050bbb-abd0-4294-ac5d-9f2d58c7540d?viewerId=2ea069b0-fdb0-46f0-81d1-a6502ebfcce5
2026-05-07 17:02:34 [http-nio-8081-exec-9] DEBUG o.s.security.web.FilterChainProxy - Secured GET /api/v1/posts/08050bbb-abd0-4294-ac5d-9f2d58c7540d?viewerId=2ea069b0-fdb0-46f0-81d1-a6502ebfcce5
2026-05-07 17:02:34 [http-nio-8081-exec-3] DEBUG o.s.security.web.FilterChainProxy - Securing GET /api/v1/comments/post/08050bbb-abd0-4294-ac5d-9f2d58c7540d
2026-05-07 17:02:34 [http-nio-8081-exec-3] DEBUG o.s.security.web.FilterChainProxy - Secured GET /api/v1/comments/post/08050bbb-abd0-4294-ac5d-9f2d58c7540d
2026-05-07 17:02:35 [http-nio-8081-exec-7] DEBUG o.s.security.web.FilterChainProxy - Securing GET /users/me
2026-05-07 17:02:35 [http-nio-8081-exec-4] DEBUG o.s.security.web.FilterChainProxy - Securing OPTIONS /api/v1/posts/08050bbb-abd0-4294-ac5d-9f2d58c7540d
2026-05-07 17:02:35 [http-nio-8081-exec-7] DEBUG o.s.security.web.FilterChainProxy - Secured GET /users/me
2026-05-07 17:02:35 [http-nio-8081-exec-10] DEBUG o.s.security.web.FilterChainProxy - Securing GET /api/v1/posts/08050bbb-abd0-4294-ac5d-9f2d58c7540d
2026-05-07 17:02:35 [http-nio-8081-exec-10] DEBUG o.s.security.web.FilterChainProxy - Secured GET /api/v1/posts/08050bbb-abd0-4294-ac5d-9f2d58c7540d
2026-05-07 17:02:35 [http-nio-8081-exec-1] DEBUG o.s.security.web.FilterChainProxy - Securing GET /api/v1/comments/post/08050bbb-abd0-4294-ac5d-9f2d58c7540d
2026-05-07 17:02:35 [http-nio-8081-exec-5] DEBUG o.s.security.web.FilterChainProxy - Securing GET /api/v1/posts/08050bbb-abd0-4294-ac5d-9f2d58c7540d?viewerId=cb202a3a-1d25-42ea-9eee-67c7c85b9ef1
2026-05-07 17:02:35 [http-nio-8081-exec-1] DEBUG o.s.security.web.FilterChainProxy - Secured GET /api/v1/comments/post/08050bbb-abd0-4294-ac5d-9f2d58c7540d
2026-05-07 17:02:35 [http-nio-8081-exec-5] DEBUG o.s.security.web.FilterChainProxy - Secured GET /api/v1/posts/08050bbb-abd0-4294-ac5d-9f2d58c7540d?viewerId=cb202a3a-1d25-42ea-9eee-67c7c85b9ef1
2026-05-07 17:02:35 [http-nio-8081-exec-2] DEBUG o.s.security.web.FilterChainProxy - Securing GET /api/v1/comments/post/08050bbb-abd0-4294-ac5d-9f2d58c7540d
2026-05-07 17:02:35 [http-nio-8081-exec-2] DEBUG o.s.security.web.FilterChainProxy - Secured GET /api/v1/comments/post/08050bbb-abd0-4294-ac5d-9f2d58c7540d
2026-05-07 17:02:52 [http-nio-8081-exec-6] DEBUG o.s.security.web.FilterChainProxy - Securing POST /api/v1/comments
2026-05-07 17:02:52 [http-nio-8081-exec-6] DEBUG o.s.security.web.FilterChainProxy - Secured POST /api/v1/comments
2026-05-07 17:02:52 [http-nio-8081-exec-6] DEBUG o.s.s.a.m.AuthorizationManagerBeforeMethodInterceptor - Authorizing method invocation ReflectiveMethodInvocation: public com.example.backend.dto.response.CommentResponse com.example.backend.controller.CommentController.createComment(java.lang.String,com.example.backend.dto.request.CommentRequest); target is of class [com.example.backend.controller.CommentController]
2026-05-07 17:02:52 [http-nio-8081-exec-6] DEBUG o.s.s.a.m.AuthorizationManagerBeforeMethodInterceptor - Authorized method invocation ReflectiveMethodInvocation: public com.example.backend.dto.response.CommentResponse com.example.backend.controller.CommentController.createComment(java.lang.String,com.example.backend.dto.request.CommentRequest); target is of class [com.example.backend.controller.CommentController]
2026-05-07 17:03:01 [http-nio-8081-exec-4] DEBUG o.s.security.web.FilterChainProxy - Securing GET /users/me
2026-05-07 17:03:01 [http-nio-8081-exec-3] DEBUG o.s.security.web.FilterChainProxy - Securing GET /api/v1/posts/08050bbb-abd0-4294-ac5d-9f2d58c7540d
2026-05-07 17:03:01 [http-nio-8081-exec-4] DEBUG o.s.security.web.FilterChainProxy - Secured GET /users/me
2026-05-07 17:03:01 [http-nio-8081-exec-3] DEBUG o.s.security.web.FilterChainProxy - Secured GET /api/v1/posts/08050bbb-abd0-4294-ac5d-9f2d58c7540d
2026-05-07 17:03:01 [http-nio-8081-exec-7] DEBUG o.s.security.web.FilterChainProxy - Securing GET /api/v1/posts/08050bbb-abd0-4294-ac5d-9f2d58c7540d?viewerId=cb202a3a-1d25-42ea-9eee-67c7c85b9ef1
2026-05-07 17:03:01 [http-nio-8081-exec-7] DEBUG o.s.security.web.FilterChainProxy - Secured GET /api/v1/posts/08050bbb-abd0-4294-ac5d-9f2d58c7540d?viewerId=cb202a3a-1d25-42ea-9eee-67c7c85b9ef1
2026-05-07 17:03:01 [http-nio-8081-exec-10] DEBUG o.s.security.web.FilterChainProxy - Securing GET /api/v1/comments/post/08050bbb-abd0-4294-ac5d-9f2d58c7540d
2026-05-07 17:03:01 [http-nio-8081-exec-10] DEBUG o.s.security.web.FilterChainProxy - Secured GET /api/v1/comments/post/08050bbb-abd0-4294-ac5d-9f2d58c7540d
2026-05-07 17:03:01 [http-nio-8081-exec-1] DEBUG o.s.security.web.FilterChainProxy - Securing GET /api/v1/comments/post/08050bbb-abd0-4294-ac5d-9f2d58c7540d
2026-05-07 17:03:01 [http-nio-8081-exec-1] DEBUG o.s.security.web.FilterChainProxy - Secured GET /api/v1/comments/post/08050bbb-abd0-4294-ac5d-9f2d58c7540d
2026-05-07 17:03:06 [http-nio-8081-exec-5] DEBUG o.s.security.web.FilterChainProxy - Securing POST /api/v1/comments
2026-05-07 17:03:06 [http-nio-8081-exec-5] DEBUG o.s.security.web.FilterChainProxy - Secured POST /api/v1/comments
2026-05-07 17:03:06 [http-nio-8081-exec-5] DEBUG o.s.s.a.m.AuthorizationManagerBeforeMethodInterceptor - Authorizing method invocation ReflectiveMethodInvocation: public com.example.backend.dto.response.CommentResponse com.example.backend.controller.CommentController.createComment(java.lang.String,com.example.backend.dto.request.CommentRequest); target is of class [com.example.backend.controller.CommentController]
2026-05-07 17:03:06 [http-nio-8081-exec-5] DEBUG o.s.s.a.m.AuthorizationManagerBeforeMethodInterceptor - Authorized method invocation ReflectiveMethodInvocation: public com.example.backend.dto.response.CommentResponse com.example.backend.controller.CommentController.createComment(java.lang.String,com.example.backend.dto.request.CommentRequest); target is of class [com.example.backend.controller.CommentController]
2026-05-07 17:05:31 [http-nio-8081-exec-3] DEBUG o.s.security.web.FilterChainProxy - Securing POST /api/v1/comments
2026-05-07 17:05:31 [http-nio-8081-exec-3] DEBUG o.s.security.web.FilterChainProxy - Secured POST /api/v1/comments
2026-05-07 17:05:31 [http-nio-8081-exec-3] DEBUG o.s.s.a.m.AuthorizationManagerBeforeMethodInterceptor - Authorizing method invocation ReflectiveMethodInvocation: public com.example.backend.dto.response.CommentResponse com.example.backend.controller.CommentController.createComment(java.lang.String,com.example.backend.dto.request.CommentRequest); target is of class [com.example.backend.controller.CommentController]
2026-05-07 17:05:31 [http-nio-8081-exec-3] DEBUG o.s.s.a.m.AuthorizationManagerBeforeMethodInterceptor - Authorized method invocation ReflectiveMethodInvocation: public com.example.backend.dto.response.CommentResponse com.example.backend.controller.CommentController.createComment(java.lang.String,com.example.backend.dto.request.CommentRequest); target is of class [com.example.backend.controller.CommentController]
2026-05-07 17:05:35 [http-nio-8081-exec-10] DEBUG o.s.security.web.FilterChainProxy - Securing GET /api/v1/posts/08050bbb-abd0-4294-ac5d-9f2d58c7540d
2026-05-07 17:05:35 [http-nio-8081-exec-7] DEBUG o.s.security.web.FilterChainProxy - Securing GET /users/me
2026-05-07 17:05:35 [http-nio-8081-exec-10] DEBUG o.s.security.web.FilterChainProxy - Secured GET /api/v1/posts/08050bbb-abd0-4294-ac5d-9f2d58c7540d
2026-05-07 17:05:35 [http-nio-8081-exec-7] DEBUG o.s.security.web.FilterChainProxy - Secured GET /users/me
2026-05-07 17:05:35 [http-nio-8081-exec-1] DEBUG o.s.security.web.FilterChainProxy - Securing GET /api/v1/comments/post/08050bbb-abd0-4294-ac5d-9f2d58c7540d
2026-05-07 17:05:35 [http-nio-8081-exec-5] DEBUG o.s.security.web.FilterChainProxy - Securing GET /api/v1/posts/08050bbb-abd0-4294-ac5d-9f2d58c7540d?viewerId=2ea069b0-fdb0-46f0-81d1-a6502ebfcce5
2026-05-07 17:05:35 [http-nio-8081-exec-1] DEBUG o.s.security.web.FilterChainProxy - Secured GET /api/v1/comments/post/08050bbb-abd0-4294-ac5d-9f2d58c7540d
2026-05-07 17:05:35 [http-nio-8081-exec-5] DEBUG o.s.security.web.FilterChainProxy - Secured GET /api/v1/posts/08050bbb-abd0-4294-ac5d-9f2d58c7540d?viewerId=2ea069b0-fdb0-46f0-81d1-a6502ebfcce5
2026-05-07 17:05:35 [http-nio-8081-exec-2] DEBUG o.s.security.web.FilterChainProxy - Securing GET /api/v1/comments/post/08050bbb-abd0-4294-ac5d-9f2d58c7540d
2026-05-07 17:05:35 [http-nio-8081-exec-2] DEBUG o.s.security.web.FilterChainProxy - Secured GET /api/v1/comments/post/08050bbb-abd0-4294-ac5d-9f2d58c7540d
2026-05-07 17:05:44 [http-nio-8081-exec-6] DEBUG o.s.security.web.FilterChainProxy - Securing GET /api/v1/posts/08050bbb-abd0-4294-ac5d-9f2d58c7540d
2026-05-07 17:05:44 [http-nio-8081-exec-9] DEBUG o.s.security.web.FilterChainProxy - Securing GET /users/me
2026-05-07 17:05:44 [http-nio-8081-exec-6] DEBUG o.s.security.web.FilterChainProxy - Secured GET /api/v1/posts/08050bbb-abd0-4294-ac5d-9f2d58c7540d
2026-05-07 17:05:44 [http-nio-8081-exec-9] DEBUG o.s.security.web.FilterChainProxy - Secured GET /users/me
2026-05-07 17:05:44 [http-nio-8081-exec-8] DEBUG o.s.security.web.FilterChainProxy - Securing GET /api/v1/comments/post/08050bbb-abd0-4294-ac5d-9f2d58c7540d
2026-05-07 17:05:44 [http-nio-8081-exec-4] DEBUG o.s.security.web.FilterChainProxy - Securing GET /api/v1/posts/08050bbb-abd0-4294-ac5d-9f2d58c7540d?viewerId=cb202a3a-1d25-42ea-9eee-67c7c85b9ef1
2026-05-07 17:05:44 [http-nio-8081-exec-8] DEBUG o.s.security.web.FilterChainProxy - Secured GET /api/v1/comments/post/08050bbb-abd0-4294-ac5d-9f2d58c7540d
2026-05-07 17:05:44 [http-nio-8081-exec-4] DEBUG o.s.security.web.FilterChainProxy - Secured GET /api/v1/posts/08050bbb-abd0-4294-ac5d-9f2d58c7540d?viewerId=cb202a3a-1d25-42ea-9eee-67c7c85b9ef1
2026-05-07 17:05:44 [http-nio-8081-exec-3] DEBUG o.s.security.web.FilterChainProxy - Securing GET /api/v1/comments/post/08050bbb-abd0-4294-ac5d-9f2d58c7540d
2026-05-07 17:05:44 [http-nio-8081-exec-3] DEBUG o.s.security.web.FilterChainProxy - Secured GET /api/v1/comments/post/08050bbb-abd0-4294-ac5d-9f2d58c7540d
2026-05-07 17:06:47 [http-nio-8081-exec-2] DEBUG o.s.security.web.FilterChainProxy - Securing POST /api/v1/comments
2026-05-07 17:06:47 [http-nio-8081-exec-2] DEBUG o.s.security.web.FilterChainProxy - Secured POST /api/v1/comments
2026-05-07 17:06:47 [http-nio-8081-exec-2] DEBUG o.s.s.a.m.AuthorizationManagerBeforeMethodInterceptor - Authorizing method invocation ReflectiveMethodInvocation: public com.example.backend.dto.response.CommentResponse com.example.backend.controller.CommentController.createComment(java.lang.String,com.example.backend.dto.request.CommentRequest); target is of class [com.example.backend.controller.CommentController]
2026-05-07 17:06:47 [http-nio-8081-exec-2] DEBUG o.s.s.a.m.AuthorizationManagerBeforeMethodInterceptor - Authorized method invocation ReflectiveMethodInvocation: public com.example.backend.dto.response.CommentResponse com.example.backend.controller.CommentController.createComment(java.lang.String,com.example.backend.dto.request.CommentRequest); target is of class [com.example.backend.controller.CommentController]
2026-05-07 17:06:57 [http-nio-8081-exec-6] DEBUG o.s.security.web.FilterChainProxy - Securing GET /users/me
2026-05-07 17:06:57 [http-nio-8081-exec-9] DEBUG o.s.security.web.FilterChainProxy - Securing GET /api/v1/posts/08050bbb-abd0-4294-ac5d-9f2d58c7540d
2026-05-07 17:06:57 [http-nio-8081-exec-9] DEBUG o.s.security.web.FilterChainProxy - Secured GET /api/v1/posts/08050bbb-abd0-4294-ac5d-9f2d58c7540d
2026-05-07 17:06:57 [http-nio-8081-exec-6] DEBUG o.s.security.web.FilterChainProxy - Secured GET /users/me
2026-05-07 17:06:57 [http-nio-8081-exec-4] DEBUG o.s.security.web.FilterChainProxy - Securing GET /api/v1/posts/08050bbb-abd0-4294-ac5d-9f2d58c7540d?viewerId=2ea069b0-fdb0-46f0-81d1-a6502ebfcce5
2026-05-07 17:06:57 [http-nio-8081-exec-8] DEBUG o.s.security.web.FilterChainProxy - Securing GET /api/v1/comments/post/08050bbb-abd0-4294-ac5d-9f2d58c7540d
2026-05-07 17:06:57 [http-nio-8081-exec-8] DEBUG o.s.security.web.FilterChainProxy - Secured GET /api/v1/comments/post/08050bbb-abd0-4294-ac5d-9f2d58c7540d
2026-05-07 17:06:57 [http-nio-8081-exec-4] DEBUG o.s.security.web.FilterChainProxy - Secured GET /api/v1/posts/08050bbb-abd0-4294-ac5d-9f2d58c7540d?viewerId=2ea069b0-fdb0-46f0-81d1-a6502ebfcce5
2026-05-07 17:06:57 [http-nio-8081-exec-3] DEBUG o.s.security.web.FilterChainProxy - Securing GET /api/v1/comments/post/08050bbb-abd0-4294-ac5d-9f2d58c7540d
2026-05-07 17:06:57 [http-nio-8081-exec-3] DEBUG o.s.security.web.FilterChainProxy - Secured GET /api/v1/comments/post/08050bbb-abd0-4294-ac5d-9f2d58c7540d
2026-05-07 17:06:58 [http-nio-8081-exec-10] DEBUG o.s.security.web.FilterChainProxy - Securing GET /api/v1/posts/08050bbb-abd0-4294-ac5d-9f2d58c7540d
2026-05-07 17:06:58 [http-nio-8081-exec-7] DEBUG o.s.security.web.FilterChainProxy - Securing GET /users/me
2026-05-07 17:06:58 [http-nio-8081-exec-7] DEBUG o.s.security.web.FilterChainProxy - Secured GET /users/me
2026-05-07 17:06:58 [http-nio-8081-exec-10] DEBUG o.s.security.web.FilterChainProxy - Secured GET /api/v1/posts/08050bbb-abd0-4294-ac5d-9f2d58c7540d
2026-05-07 17:06:58 [http-nio-8081-exec-5] DEBUG o.s.security.web.FilterChainProxy - Securing GET /api/v1/comments/post/08050bbb-abd0-4294-ac5d-9f2d58c7540d
2026-05-07 17:06:58 [http-nio-8081-exec-1] DEBUG o.s.security.web.FilterChainProxy - Securing GET /api/v1/posts/08050bbb-abd0-4294-ac5d-9f2d58c7540d?viewerId=cb202a3a-1d25-42ea-9eee-67c7c85b9ef1
2026-05-07 17:06:58 [http-nio-8081-exec-5] DEBUG o.s.security.web.FilterChainProxy - Secured GET /api/v1/comments/post/08050bbb-abd0-4294-ac5d-9f2d58c7540d
2026-05-07 17:06:58 [http-nio-8081-exec-1] DEBUG o.s.security.web.FilterChainProxy - Secured GET /api/v1/posts/08050bbb-abd0-4294-ac5d-9f2d58c7540d?viewerId=cb202a3a-1d25-42ea-9eee-67c7c85b9ef1
2026-05-07 17:06:58 [http-nio-8081-exec-2] DEBUG o.s.security.web.FilterChainProxy - Securing GET /api/v1/comments/post/08050bbb-abd0-4294-ac5d-9f2d58c7540d
2026-05-07 17:06:58 [http-nio-8081-exec-2] DEBUG o.s.security.web.FilterChainProxy - Secured GET /api/v1/comments/post/08050bbb-abd0-4294-ac5d-9f2d58c7540d
2026-05-07 17:07:04 [http-nio-8081-exec-6] DEBUG o.s.security.web.FilterChainProxy - Securing POST /api/v1/comments
2026-05-07 17:07:04 [http-nio-8081-exec-6] DEBUG o.s.security.web.FilterChainProxy - Secured POST /api/v1/comments
2026-05-07 17:07:04 [http-nio-8081-exec-6] DEBUG o.s.s.a.m.AuthorizationManagerBeforeMethodInterceptor - Authorizing method invocation ReflectiveMethodInvocation: public com.example.backend.dto.response.CommentResponse com.example.backend.controller.CommentController.createComment(java.lang.String,com.example.backend.dto.request.CommentRequest); target is of class [com.example.backend.controller.CommentController]
2026-05-07 17:07:04 [http-nio-8081-exec-6] DEBUG o.s.s.a.m.AuthorizationManagerBeforeMethodInterceptor - Authorized method invocation ReflectiveMethodInvocation: public com.example.backend.dto.response.CommentResponse com.example.backend.controller.CommentController.createComment(java.lang.String,com.example.backend.dto.request.CommentRequest); target is of class [com.example.backend.controller.CommentController]
2026-05-07 17:07:07 [http-nio-8081-exec-9] DEBUG o.s.security.web.FilterChainProxy - Securing GET /api/v1/comments/post/08050bbb-abd0-4294-ac5d-9f2d58c7540d
2026-05-07 17:07:07 [http-nio-8081-exec-9] DEBUG o.s.security.web.FilterChainProxy - Secured GET /api/v1/comments/post/08050bbb-abd0-4294-ac5d-9f2d58c7540d
2026-05-07 17:07:08 [http-nio-8081-exec-8] DEBUG o.s.security.web.FilterChainProxy - Securing GET /api/v1/comments/post/08050bbb-abd0-4294-ac5d-9f2d58c7540d
2026-05-07 17:07:08 [http-nio-8081-exec-8] DEBUG o.s.security.web.FilterChainProxy - Secured GET /api/v1/comments/post/08050bbb-abd0-4294-ac5d-9f2d58c7540d
2026-05-07 17:07:17 [http-nio-8081-exec-4] DEBUG o.s.security.web.FilterChainProxy - Securing GET /api/v1/comments/post/08050bbb-abd0-4294-ac5d-9f2d58c7540d
2026-05-07 17:07:17 [http-nio-8081-exec-4] DEBUG o.s.security.web.FilterChainProxy - Secured GET /api/v1/comments/post/08050bbb-abd0-4294-ac5d-9f2d58c7540d
2026-05-07 17:07:18 [http-nio-8081-exec-3] DEBUG o.s.security.web.FilterChainProxy - Securing GET /api/v1/comments/post/08050bbb-abd0-4294-ac5d-9f2d58c7540d
2026-05-07 17:07:18 [http-nio-8081-exec-3] DEBUG o.s.security.web.FilterChainProxy - Secured GET /api/v1/comments/post/08050bbb-abd0-4294-ac5d-9f2d58c7540d
2026-05-07 17:07:19 [http-nio-8081-exec-7] DEBUG o.s.security.web.FilterChainProxy - Securing POST /api/v1/comments
2026-05-07 17:07:19 [http-nio-8081-exec-7] DEBUG o.s.security.web.FilterChainProxy - Secured POST /api/v1/comments
2026-05-07 17:07:19 [http-nio-8081-exec-7] DEBUG o.s.s.a.m.AuthorizationManagerBeforeMethodInterceptor - Authorizing method invocation ReflectiveMethodInvocation: public com.example.backend.dto.response.CommentResponse com.example.backend.controller.CommentController.createComment(java.lang.String,com.example.backend.dto.request.CommentRequest); target is of class [com.example.backend.controller.CommentController]
2026-05-07 17:07:19 [http-nio-8081-exec-7] DEBUG o.s.s.a.m.AuthorizationManagerBeforeMethodInterceptor - Authorized method invocation ReflectiveMethodInvocation: public com.example.backend.dto.response.CommentResponse com.example.backend.controller.CommentController.createComment(java.lang.String,com.example.backend.dto.request.CommentRequest); target is of class [com.example.backend.controller.CommentController]
2026-05-07 17:07:27 [http-nio-8081-exec-10] DEBUG o.s.security.web.FilterChainProxy - Securing GET /api/v1/comments/post/08050bbb-abd0-4294-ac5d-9f2d58c7540d
2026-05-07 17:07:27 [http-nio-8081-exec-10] DEBUG o.s.security.web.FilterChainProxy - Secured GET /api/v1/comments/post/08050bbb-abd0-4294-ac5d-9f2d58c7540d
2026-05-07 17:07:28 [http-nio-8081-exec-5] DEBUG o.s.security.web.FilterChainProxy - Securing GET /api/v1/comments/post/08050bbb-abd0-4294-ac5d-9f2d58c7540d
2026-05-07 17:07:28 [http-nio-8081-exec-5] DEBUG o.s.security.web.FilterChainProxy - Secured GET /api/v1/comments/post/08050bbb-abd0-4294-ac5d-9f2d58c7540d
2026-05-07 17:07:37 [http-nio-8081-exec-1] DEBUG o.s.security.web.FilterChainProxy - Securing GET /api/v1/comments/post/08050bbb-abd0-4294-ac5d-9f2d58c7540d
2026-05-07 17:07:37 [http-nio-8081-exec-1] DEBUG o.s.security.web.FilterChainProxy - Secured GET /api/v1/comments/post/08050bbb-abd0-4294-ac5d-9f2d58c7540d
2026-05-07 17:07:38 [http-nio-8081-exec-2] DEBUG o.s.security.web.FilterChainProxy - Securing GET /api/v1/comments/post/08050bbb-abd0-4294-ac5d-9f2d58c7540d
2026-05-07 17:07:38 [http-nio-8081-exec-2] DEBUG o.s.security.web.FilterChainProxy - Secured GET /api/v1/comments/post/08050bbb-abd0-4294-ac5d-9f2d58c7540d
2026-05-07 17:07:47 [http-nio-8081-exec-6] DEBUG o.s.security.web.FilterChainProxy - Securing GET /api/v1/comments/post/08050bbb-abd0-4294-ac5d-9f2d58c7540d
2026-05-07 17:07:47 [http-nio-8081-exec-6] DEBUG o.s.security.web.FilterChainProxy - Secured GET /api/v1/comments/post/08050bbb-abd0-4294-ac5d-9f2d58c7540d
2026-05-07 17:07:48 [http-nio-8081-exec-9] DEBUG o.s.security.web.FilterChainProxy - Securing GET /api/v1/comments/post/08050bbb-abd0-4294-ac5d-9f2d58c7540d
2026-05-07 17:07:48 [http-nio-8081-exec-9] DEBUG o.s.security.web.FilterChainProxy - Secured GET /api/v1/comments/post/08050bbb-abd0-4294-ac5d-9f2d58c7540d
2026-05-07 17:07:57 [http-nio-8081-exec-8] DEBUG o.s.security.web.FilterChainProxy - Securing GET /api/v1/comments/post/08050bbb-abd0-4294-ac5d-9f2d58c7540d
2026-05-07 17:07:57 [http-nio-8081-exec-8] DEBUG o.s.security.web.FilterChainProxy - Secured GET /api/v1/comments/post/08050bbb-abd0-4294-ac5d-9f2d58c7540d
2026-05-07 17:07:58 [http-nio-8081-exec-4] DEBUG o.s.security.web.FilterChainProxy - Securing GET /api/v1/comments/post/08050bbb-abd0-4294-ac5d-9f2d58c7540d
2026-05-07 17:07:58 [http-nio-8081-exec-4] DEBUG o.s.security.web.FilterChainProxy - Secured GET /api/v1/comments/post/08050bbb-abd0-4294-ac5d-9f2d58c7540d
2026-05-07 17:08:07 [http-nio-8081-exec-10] DEBUG o.s.security.web.FilterChainProxy - Securing GET /api/v1/comments/post/08050bbb-abd0-4294-ac5d-9f2d58c7540d
2026-05-07 17:08:07 [http-nio-8081-exec-10] DEBUG o.s.security.web.FilterChainProxy - Secured GET /api/v1/comments/post/08050bbb-abd0-4294-ac5d-9f2d58c7540d
2026-05-07 17:08:08 [http-nio-8081-exec-5] DEBUG o.s.security.web.FilterChainProxy - Securing GET /api/v1/comments/post/08050bbb-abd0-4294-ac5d-9f2d58c7540d
2026-05-07 17:08:08 [http-nio-8081-exec-5] DEBUG o.s.security.web.FilterChainProxy - Secured GET /api/v1/comments/post/08050bbb-abd0-4294-ac5d-9f2d58c7540d
2026-05-07 17:08:17 [http-nio-8081-exec-1] DEBUG o.s.security.web.FilterChainProxy - Securing GET /api/v1/comments/post/08050bbb-abd0-4294-ac5d-9f2d58c7540d
2026-05-07 17:08:17 [http-nio-8081-exec-1] DEBUG o.s.security.web.FilterChainProxy - Secured GET /api/v1/comments/post/08050bbb-abd0-4294-ac5d-9f2d58c7540d
2026-05-07 17:08:18 [http-nio-8081-exec-2] DEBUG o.s.security.web.FilterChainProxy - Securing GET /api/v1/comments/post/08050bbb-abd0-4294-ac5d-9f2d58c7540d
2026-05-07 17:08:18 [http-nio-8081-exec-2] DEBUG o.s.security.web.FilterChainProxy - Secured GET /api/v1/comments/post/08050bbb-abd0-4294-ac5d-9f2d58c7540d
2026-05-07 17:08:27 [http-nio-8081-exec-6] DEBUG o.s.security.web.FilterChainProxy - Securing GET /api/v1/comments/post/08050bbb-abd0-4294-ac5d-9f2d58c7540d
2026-05-07 17:08:27 [http-nio-8081-exec-6] DEBUG o.s.security.web.FilterChainProxy - Secured GET /api/v1/comments/post/08050bbb-abd0-4294-ac5d-9f2d58c7540d
2026-05-07 17:08:28 [http-nio-8081-exec-9] DEBUG o.s.security.web.FilterChainProxy - Securing GET /api/v1/comments/post/08050bbb-abd0-4294-ac5d-9f2d58c7540d
2026-05-07 17:08:28 [http-nio-8081-exec-9] DEBUG o.s.security.web.FilterChainProxy - Secured GET /api/v1/comments/post/08050bbb-abd0-4294-ac5d-9f2d58c7540d
2026-05-07 17:08:37 [http-nio-8081-exec-8] DEBUG o.s.security.web.FilterChainProxy - Securing GET /api/v1/comments/post/08050bbb-abd0-4294-ac5d-9f2d58c7540d
2026-05-07 17:08:37 [http-nio-8081-exec-8] DEBUG o.s.security.web.FilterChainProxy - Secured GET /api/v1/comments/post/08050bbb-abd0-4294-ac5d-9f2d58c7540d
2026-05-07 17:08:38 [http-nio-8081-exec-4] DEBUG o.s.security.web.FilterChainProxy - Securing GET /api/v1/comments/post/08050bbb-abd0-4294-ac5d-9f2d58c7540d
2026-05-07 17:08:38 [http-nio-8081-exec-4] DEBUG o.s.security.web.FilterChainProxy - Secured GET /api/v1/comments/post/08050bbb-abd0-4294-ac5d-9f2d58c7540d
2026-05-07 17:08:47 [http-nio-8081-exec-3] DEBUG o.s.security.web.FilterChainProxy - Securing GET /api/v1/comments/post/08050bbb-abd0-4294-ac5d-9f2d58c7540d
2026-05-07 17:08:47 [http-nio-8081-exec-3] DEBUG o.s.security.web.FilterChainProxy - Secured GET /api/v1/comments/post/08050bbb-abd0-4294-ac5d-9f2d58c7540d
2026-05-07 17:08:48 [http-nio-8081-exec-7] DEBUG o.s.security.web.FilterChainProxy - Securing GET /api/v1/comments/post/08050bbb-abd0-4294-ac5d-9f2d58c7540d
2026-05-07 17:08:48 [http-nio-8081-exec-7] DEBUG o.s.security.web.FilterChainProxy - Secured GET /api/v1/comments/post/08050bbb-abd0-4294-ac5d-9f2d58c7540d
2026-05-07 17:08:57 [http-nio-8081-exec-10] DEBUG o.s.security.web.FilterChainProxy - Securing GET /api/v1/comments/post/08050bbb-abd0-4294-ac5d-9f2d58c7540d
2026-05-07 17:08:57 [http-nio-8081-exec-10] DEBUG o.s.security.web.FilterChainProxy - Secured GET /api/v1/comments/post/08050bbb-abd0-4294-ac5d-9f2d58c7540d
2026-05-07 17:08:58 [http-nio-8081-exec-5] DEBUG o.s.security.web.FilterChainProxy - Securing GET /api/v1/comments/post/08050bbb-abd0-4294-ac5d-9f2d58c7540d
2026-05-07 17:08:58 [http-nio-8081-exec-5] DEBUG o.s.security.web.FilterChainProxy - Secured GET /api/v1/comments/post/08050bbb-abd0-4294-ac5d-9f2d58c7540d
2026-05-07 17:09:07 [http-nio-8081-exec-1] DEBUG o.s.security.web.FilterChainProxy - Securing GET /api/v1/comments/post/08050bbb-abd0-4294-ac5d-9f2d58c7540d
2026-05-07 17:09:07 [http-nio-8081-exec-1] DEBUG o.s.security.web.FilterChainProxy - Secured GET /api/v1/comments/post/08050bbb-abd0-4294-ac5d-9f2d58c7540d
2026-05-07 17:09:08 [http-nio-8081-exec-2] DEBUG o.s.security.web.FilterChainProxy - Securing GET /api/v1/comments/post/08050bbb-abd0-4294-ac5d-9f2d58c7540d
2026-05-07 17:09:08 [http-nio-8081-exec-2] DEBUG o.s.security.web.FilterChainProxy - Secured GET /api/v1/comments/post/08050bbb-abd0-4294-ac5d-9f2d58c7540d
2026-05-07 17:09:17 [http-nio-8081-exec-6] DEBUG o.s.security.web.FilterChainProxy - Securing GET /api/v1/comments/post/08050bbb-abd0-4294-ac5d-9f2d58c7540d
2026-05-07 17:09:17 [http-nio-8081-exec-6] DEBUG o.s.security.web.FilterChainProxy - Secured GET /api/v1/comments/post/08050bbb-abd0-4294-ac5d-9f2d58c7540d
2026-05-07 17:09:18 [http-nio-8081-exec-9] DEBUG o.s.security.web.FilterChainProxy - Securing GET /api/v1/comments/post/08050bbb-abd0-4294-ac5d-9f2d58c7540d
2026-05-07 17:09:18 [http-nio-8081-exec-9] DEBUG o.s.security.web.FilterChainProxy - Secured GET /api/v1/comments/post/08050bbb-abd0-4294-ac5d-9f2d58c7540d
2026-05-07 17:09:25 [http-nio-8081-exec-8] DEBUG o.s.security.web.FilterChainProxy - Securing GET /api/locations
2026-05-07 17:09:25 [http-nio-8081-exec-8] DEBUG o.s.security.web.FilterChainProxy - Secured GET /api/locations
2026-05-07 17:09:25 [http-nio-8081-exec-4] DEBUG o.s.security.web.FilterChainProxy - Securing GET /api/locations
2026-05-07 17:09:25 [http-nio-8081-exec-4] DEBUG o.s.security.web.FilterChainProxy - Secured GET /api/locations
2026-05-07 17:09:26 [http-nio-8081-exec-7] DEBUG o.s.security.web.FilterChainProxy - Securing GET /api/v1/posts/getAll
2026-05-07 17:09:26 [http-nio-8081-exec-3] DEBUG o.s.security.web.FilterChainProxy - Securing GET /api/locations/9c647745-7d29-4ea8-990d-5c2392e276db
2026-05-07 17:09:26 [http-nio-8081-exec-3] DEBUG o.s.security.web.FilterChainProxy - Secured GET /api/locations/9c647745-7d29-4ea8-990d-5c2392e276db
2026-05-07 17:09:26 [http-nio-8081-exec-7] DEBUG o.s.security.web.FilterChainProxy - Secured GET /api/v1/posts/getAll
2026-05-07 17:09:26 [http-nio-8081-exec-10] DEBUG o.s.security.web.FilterChainProxy - Securing GET /api/locations/9c647745-7d29-4ea8-990d-5c2392e276db
2026-05-07 17:09:26 [http-nio-8081-exec-10] DEBUG o.s.security.web.FilterChainProxy - Secured GET /api/locations/9c647745-7d29-4ea8-990d-5c2392e276db
2026-05-07 17:09:26 [http-nio-8081-exec-5] DEBUG o.s.security.web.FilterChainProxy - Securing GET /api/v1/posts/getAll
2026-05-07 17:09:26 [http-nio-8081-exec-5] DEBUG o.s.security.web.FilterChainProxy - Secured GET /api/v1/posts/getAll
2026-05-07 17:09:28 [http-nio-8081-exec-1] DEBUG o.s.security.web.FilterChainProxy - Securing OPTIONS /api/v1/posts/08050bbb-abd0-4294-ac5d-9f2d58c7540d/like?userId=cb202a3a-1d25-42ea-9eee-67c7c85b9ef1
2026-05-07 17:09:28 [http-nio-8081-exec-2] DEBUG o.s.security.web.FilterChainProxy - Securing POST /api/v1/posts/08050bbb-abd0-4294-ac5d-9f2d58c7540d/like?userId=cb202a3a-1d25-42ea-9eee-67c7c85b9ef1
2026-05-07 17:09:28 [http-nio-8081-exec-2] DEBUG o.s.security.web.FilterChainProxy - Secured POST /api/v1/posts/08050bbb-abd0-4294-ac5d-9f2d58c7540d/like?userId=cb202a3a-1d25-42ea-9eee-67c7c85b9ef1
2026-05-07 17:09:29 [http-nio-8081-exec-6] DEBUG o.s.security.web.FilterChainProxy - Securing POST /api/v1/posts/08050bbb-abd0-4294-ac5d-9f2d58c7540d/like?userId=cb202a3a-1d25-42ea-9eee-67c7c85b9ef1
2026-05-07 17:09:29 [http-nio-8081-exec-6] DEBUG o.s.security.web.FilterChainProxy - Secured POST /api/v1/posts/08050bbb-abd0-4294-ac5d-9f2d58c7540d/like?userId=cb202a3a-1d25-42ea-9eee-67c7c85b9ef1
2026-05-07 17:09:32 [http-nio-8081-exec-9] DEBUG o.s.security.web.FilterChainProxy - Securing POST /api/v1/posts/1e53a30f-ef3d-44cb-ae06-7d2354225791/like?userId=cb202a3a-1d25-42ea-9eee-67c7c85b9ef1
2026-05-07 17:09:32 [http-nio-8081-exec-9] DEBUG o.s.security.web.FilterChainProxy - Secured POST /api/v1/posts/1e53a30f-ef3d-44cb-ae06-7d2354225791/like?userId=cb202a3a-1d25-42ea-9eee-67c7c85b9ef1
2026-05-07 17:09:33 [http-nio-8081-exec-8] DEBUG o.s.security.web.FilterChainProxy - Securing POST /api/v1/posts/1e53a30f-ef3d-44cb-ae06-7d2354225791/like?userId=cb202a3a-1d25-42ea-9eee-67c7c85b9ef1
2026-05-07 17:09:33 [http-nio-8081-exec-8] DEBUG o.s.security.web.FilterChainProxy - Secured POST /api/v1/posts/1e53a30f-ef3d-44cb-ae06-7d2354225791/like?userId=cb202a3a-1d25-42ea-9eee-67c7c85b9ef1
2026-05-07 17:11:47 [http-nio-8081-exec-5] DEBUG o.s.security.web.FilterChainProxy - Securing OPTIONS /api/v1/notifications
2026-05-07 17:11:47 [http-nio-8081-exec-1] DEBUG o.s.security.web.FilterChainProxy - Securing GET /users/me
2026-05-07 17:11:47 [http-nio-8081-exec-1] DEBUG o.s.security.web.FilterChainProxy - Secured GET /users/me
2026-05-07 17:11:47 [http-nio-8081-exec-2] DEBUG o.s.security.web.FilterChainProxy - Securing GET /api/v1/notifications
2026-05-07 17:11:47 [http-nio-8081-exec-2] DEBUG o.s.security.web.FilterChainProxy - Secured GET /api/v1/notifications
2026-05-07 17:11:48 [http-nio-8081-exec-6] DEBUG o.s.security.web.FilterChainProxy - Securing GET /api/locations/9c647745-7d29-4ea8-990d-5c2392e276db
2026-05-07 17:11:48 [http-nio-8081-exec-9] DEBUG o.s.security.web.FilterChainProxy - Securing GET /api/v1/posts/getAll
2026-05-07 17:11:48 [http-nio-8081-exec-2] DEBUG o.s.security.web.FilterChainProxy - Securing GET /error
2026-05-07 17:11:48 [http-nio-8081-exec-2] DEBUG o.s.security.web.FilterChainProxy - Secured GET /error
2026-05-07 17:11:48 [http-nio-8081-exec-9] DEBUG o.s.security.web.FilterChainProxy - Secured GET /api/v1/posts/getAll
2026-05-07 17:11:48 [http-nio-8081-exec-6] DEBUG o.s.security.web.FilterChainProxy - Secured GET /api/locations/9c647745-7d29-4ea8-990d-5c2392e276db
2026-05-07 17:11:48 [http-nio-8081-exec-8] DEBUG o.s.security.web.FilterChainProxy - Securing GET /users/me
2026-05-07 17:11:48 [http-nio-8081-exec-8] DEBUG o.s.security.web.FilterChainProxy - Secured GET /users/me
2026-05-07 17:11:48 [http-nio-8081-exec-2] DEBUG o.s.s.w.a.AnonymousAuthenticationFilter - Set SecurityContextHolder to anonymous SecurityContext
2026-05-07 17:11:59 [http-nio-8081-exec-4] DEBUG o.s.security.web.FilterChainProxy - Securing GET /api/locations
2026-05-07 17:11:59 [http-nio-8081-exec-4] DEBUG o.s.security.web.FilterChainProxy - Secured GET /api/locations
2026-05-07 17:11:59 [http-nio-8081-exec-10] DEBUG o.s.security.web.FilterChainProxy - Securing GET /api/locations
2026-05-07 17:11:59 [http-nio-8081-exec-10] DEBUG o.s.security.web.FilterChainProxy - Secured GET /api/locations
2026-05-07 17:12:01 [http-nio-8081-exec-3] DEBUG o.s.security.web.FilterChainProxy - Securing GET /api/locations
2026-05-07 17:12:01 [http-nio-8081-exec-3] DEBUG o.s.security.web.FilterChainProxy - Secured GET /api/locations
2026-05-07 17:12:01 [http-nio-8081-exec-7] DEBUG o.s.security.web.FilterChainProxy - Securing GET /api/locations
2026-05-07 17:12:01 [http-nio-8081-exec-7] DEBUG o.s.security.web.FilterChainProxy - Secured GET /api/locations
2026-05-07 17:12:05 [http-nio-8081-exec-5] DEBUG o.s.security.web.FilterChainProxy - Securing GET /api/v1/notifications
2026-05-07 17:12:05 [http-nio-8081-exec-5] DEBUG o.s.security.web.FilterChainProxy - Secured GET /api/v1/notifications
2026-05-07 17:12:05 [http-nio-8081-exec-5] DEBUG o.s.security.web.FilterChainProxy - Securing GET /error
2026-05-07 17:12:05 [http-nio-8081-exec-5] DEBUG o.s.security.web.FilterChainProxy - Secured GET /error
2026-05-07 17:12:05 [http-nio-8081-exec-5] DEBUG o.s.s.w.a.AnonymousAuthenticationFilter - Set SecurityContextHolder to anonymous SecurityContext
2026-05-07 17:12:05 [http-nio-8081-exec-1] DEBUG o.s.security.web.FilterChainProxy - Securing GET /api/v1/notifications
2026-05-07 17:12:05 [http-nio-8081-exec-1] DEBUG o.s.security.web.FilterChainProxy - Secured GET /api/v1/notifications
2026-05-07 17:12:05 [http-nio-8081-exec-1] DEBUG o.s.security.web.FilterChainProxy - Securing GET /error
2026-05-07 17:12:05 [http-nio-8081-exec-1] DEBUG o.s.security.web.FilterChainProxy - Secured GET /error
2026-05-07 17:12:05 [http-nio-8081-exec-1] DEBUG o.s.s.w.a.AnonymousAuthenticationFilter - Set SecurityContextHolder to anonymous SecurityContext
2026-05-07 17:12:12 [http-nio-8081-exec-2] DEBUG o.s.security.web.FilterChainProxy - Securing OPTIONS /api/v1/notifications/unread-count
2026-05-07 17:12:12 [http-nio-8081-exec-8] DEBUG o.s.security.web.FilterChainProxy - Securing GET /api/v1/notifications/unread-count
2026-05-07 17:12:12 [http-nio-8081-exec-6] DEBUG o.s.security.web.FilterChainProxy - Securing OPTIONS /api/v1/notifications/unread-count
2026-05-07 17:12:12 [http-nio-8081-exec-8] DEBUG o.s.security.web.FilterChainProxy - Secured GET /api/v1/notifications/unread-count
2026-05-07 17:12:12 [http-nio-8081-exec-9] DEBUG o.s.security.web.FilterChainProxy - Securing GET /api/v1/notifications/unread-count
2026-05-07 17:12:12 [http-nio-8081-exec-8] DEBUG o.s.security.web.FilterChainProxy - Securing GET /error
2026-05-07 17:12:12 [http-nio-8081-exec-8] DEBUG o.s.security.web.FilterChainProxy - Secured GET /error
2026-05-07 17:12:12 [http-nio-8081-exec-9] DEBUG o.s.security.web.FilterChainProxy - Secured GET /api/v1/notifications/unread-count
2026-05-07 17:12:12 [http-nio-8081-exec-8] DEBUG o.s.s.w.a.AnonymousAuthenticationFilter - Set SecurityContextHolder to anonymous SecurityContext
2026-05-07 17:12:12 [http-nio-8081-exec-9] DEBUG o.s.security.web.FilterChainProxy - Securing GET /error
2026-05-07 17:12:12 [http-nio-8081-exec-9] DEBUG o.s.security.web.FilterChainProxy - Secured GET /error
2026-05-07 17:12:12 [http-nio-8081-exec-9] DEBUG o.s.s.w.a.AnonymousAuthenticationFilter - Set SecurityContextHolder to anonymous SecurityContext
2026-05-07 17:12:27 [http-nio-8081-exec-4] DEBUG o.s.security.web.FilterChainProxy - Securing GET /api/v1/notifications/unread-count
2026-05-07 17:12:27 [http-nio-8081-exec-10] DEBUG o.s.security.web.FilterChainProxy - Securing GET /api/v1/notifications/unread-count
2026-05-07 17:12:27 [http-nio-8081-exec-10] DEBUG o.s.security.web.FilterChainProxy - Secured GET /api/v1/notifications/unread-count
2026-05-07 17:12:27 [http-nio-8081-exec-4] DEBUG o.s.security.web.FilterChainProxy - Secured GET /api/v1/notifications/unread-count
2026-05-07 17:12:27 [http-nio-8081-exec-4] DEBUG o.s.security.web.FilterChainProxy - Securing GET /error
2026-05-07 17:12:27 [http-nio-8081-exec-10] DEBUG o.s.security.web.FilterChainProxy - Securing GET /error
2026-05-07 17:12:27 [http-nio-8081-exec-10] DEBUG o.s.security.web.FilterChainProxy - Secured GET /error
2026-05-07 17:12:27 [http-nio-8081-exec-4] DEBUG o.s.security.web.FilterChainProxy - Secured GET /error
2026-05-07 17:12:27 [http-nio-8081-exec-4] DEBUG o.s.s.w.a.AnonymousAuthenticationFilter - Set SecurityContextHolder to anonymous SecurityContext
2026-05-07 17:12:27 [http-nio-8081-exec-10] DEBUG o.s.s.w.a.AnonymousAuthenticationFilter - Set SecurityContextHolder to anonymous SecurityContext
2026-05-07 17:12:36 [http-nio-8081-exec-7] DEBUG o.s.security.web.FilterChainProxy - Securing OPTIONS /api/v1/notifications
2026-05-07 17:12:36 [http-nio-8081-exec-3] DEBUG o.s.security.web.FilterChainProxy - Securing OPTIONS /api/v1/notifications
2026-05-07 17:12:36 [http-nio-8081-exec-5] DEBUG o.s.security.web.FilterChainProxy - Securing GET /api/v1/notifications
2026-05-07 17:12:36 [http-nio-8081-exec-5] DEBUG o.s.security.web.FilterChainProxy - Secured GET /api/v1/notifications
2026-05-07 17:12:36 [http-nio-8081-exec-5] DEBUG o.s.security.web.FilterChainProxy - Securing GET /error
2026-05-07 17:12:36 [http-nio-8081-exec-5] DEBUG o.s.security.web.FilterChainProxy - Secured GET /error
2026-05-07 17:12:36 [http-nio-8081-exec-5] DEBUG o.s.s.w.a.AnonymousAuthenticationFilter - Set SecurityContextHolder to anonymous SecurityContext
2026-05-07 17:12:36 [http-nio-8081-exec-1] DEBUG o.s.security.web.FilterChainProxy - Securing GET /api/v1/notifications
2026-05-07 17:12:36 [http-nio-8081-exec-1] DEBUG o.s.security.web.FilterChainProxy - Secured GET /api/v1/notifications
2026-05-07 17:12:36 [http-nio-8081-exec-1] DEBUG o.s.security.web.FilterChainProxy - Securing GET /error
2026-05-07 17:12:36 [http-nio-8081-exec-1] DEBUG o.s.security.web.FilterChainProxy - Secured GET /error
2026-05-07 17:12:36 [http-nio-8081-exec-1] DEBUG o.s.s.w.a.AnonymousAuthenticationFilter - Set SecurityContextHolder to anonymous SecurityContext
2026-05-07 17:12:39 [http-nio-8081-exec-2] DEBUG o.s.security.web.FilterChainProxy - Securing GET /api/v1/posts/getAll
2026-05-07 17:12:39 [http-nio-8081-exec-2] DEBUG o.s.security.web.FilterChainProxy - Secured GET /api/v1/posts/getAll
2026-05-07 17:12:39 [http-nio-8081-exec-6] DEBUG o.s.security.web.FilterChainProxy - Securing GET /api/v1/posts/getAll
2026-05-07 17:12:39 [http-nio-8081-exec-6] DEBUG o.s.security.web.FilterChainProxy - Secured GET /api/v1/posts/getAll
2026-05-07 17:12:42 [http-nio-8081-exec-8] DEBUG o.s.security.web.FilterChainProxy - Securing GET /api/v1/notifications/unread-count
2026-05-07 17:12:42 [http-nio-8081-exec-8] DEBUG o.s.security.web.FilterChainProxy - Secured GET /api/v1/notifications/unread-count
2026-05-07 17:12:42 [http-nio-8081-exec-8] DEBUG o.s.security.web.FilterChainProxy - Securing GET /error
2026-05-07 17:12:42 [http-nio-8081-exec-8] DEBUG o.s.security.web.FilterChainProxy - Secured GET /error
2026-05-07 17:12:42 [http-nio-8081-exec-8] DEBUG o.s.s.w.a.AnonymousAuthenticationFilter - Set SecurityContextHolder to anonymous SecurityContext
2026-05-07 17:12:42 [http-nio-8081-exec-9] DEBUG o.s.security.web.FilterChainProxy - Securing GET /api/v1/notifications/unread-count
2026-05-07 17:12:42 [http-nio-8081-exec-9] DEBUG o.s.security.web.FilterChainProxy - Secured GET /api/v1/notifications/unread-count
2026-05-07 17:12:42 [http-nio-8081-exec-9] DEBUG o.s.security.web.FilterChainProxy - Securing GET /error
2026-05-07 17:12:42 [http-nio-8081-exec-9] DEBUG o.s.security.web.FilterChainProxy - Secured GET /error
2026-05-07 17:12:42 [http-nio-8081-exec-9] DEBUG o.s.s.w.a.AnonymousAuthenticationFilter - Set SecurityContextHolder to anonymous SecurityContext
2026-05-07 17:12:46 [http-nio-8081-exec-10] DEBUG o.s.security.web.FilterChainProxy - Securing OPTIONS /api/v1/posts/458b6199-b4d6-4507-a29e-04497bce7150?viewerId=cb202a3a-1d25-42ea-9eee-67c7c85b9ef1
2026-05-07 17:12:46 [http-nio-8081-exec-4] DEBUG o.s.security.web.FilterChainProxy - Securing OPTIONS /api/v1/posts/458b6199-b4d6-4507-a29e-04497bce7150?viewerId=cb202a3a-1d25-42ea-9eee-67c7c85b9ef1
2026-05-07 17:12:46 [http-nio-8081-exec-7] DEBUG o.s.security.web.FilterChainProxy - Securing GET /api/v1/posts/458b6199-b4d6-4507-a29e-04497bce7150?viewerId=cb202a3a-1d25-42ea-9eee-67c7c85b9ef1
2026-05-07 17:12:46 [http-nio-8081-exec-7] DEBUG o.s.security.web.FilterChainProxy - Secured GET /api/v1/posts/458b6199-b4d6-4507-a29e-04497bce7150?viewerId=cb202a3a-1d25-42ea-9eee-67c7c85b9ef1
2026-05-07 17:12:46 [http-nio-8081-exec-3] DEBUG o.s.security.web.FilterChainProxy - Securing GET /api/v1/posts/458b6199-b4d6-4507-a29e-04497bce7150?viewerId=cb202a3a-1d25-42ea-9eee-67c7c85b9ef1
2026-05-07 17:12:46 [http-nio-8081-exec-3] DEBUG o.s.security.web.FilterChainProxy - Secured GET /api/v1/posts/458b6199-b4d6-4507-a29e-04497bce7150?viewerId=cb202a3a-1d25-42ea-9eee-67c7c85b9ef1
2026-05-07 17:12:46 [http-nio-8081-exec-5] DEBUG o.s.security.web.FilterChainProxy - Securing OPTIONS /api/v1/comments/post/458b6199-b4d6-4507-a29e-04497bce7150
2026-05-07 17:12:46 [http-nio-8081-exec-1] DEBUG o.s.security.web.FilterChainProxy - Securing GET /api/v1/comments/post/458b6199-b4d6-4507-a29e-04497bce7150
2026-05-07 17:12:46 [http-nio-8081-exec-1] DEBUG o.s.security.web.FilterChainProxy - Secured GET /api/v1/comments/post/458b6199-b4d6-4507-a29e-04497bce7150
2026-05-07 17:12:46 [http-nio-8081-exec-2] DEBUG o.s.security.web.FilterChainProxy - Securing GET /api/v1/comments/post/458b6199-b4d6-4507-a29e-04497bce7150
2026-05-07 17:12:46 [http-nio-8081-exec-2] DEBUG o.s.security.web.FilterChainProxy - Secured GET /api/v1/comments/post/458b6199-b4d6-4507-a29e-04497bce7150
2026-05-07 17:12:48 [http-nio-8081-exec-6] DEBUG o.s.security.web.FilterChainProxy - Securing GET /api/v1/notifications
2026-05-07 17:12:48 [http-nio-8081-exec-6] DEBUG o.s.security.web.FilterChainProxy - Secured GET /api/v1/notifications
2026-05-07 17:12:48 [http-nio-8081-exec-6] DEBUG o.s.security.web.FilterChainProxy - Securing GET /error
2026-05-07 17:12:48 [http-nio-8081-exec-6] DEBUG o.s.security.web.FilterChainProxy - Secured GET /error
2026-05-07 17:12:48 [http-nio-8081-exec-6] DEBUG o.s.s.w.a.AnonymousAuthenticationFilter - Set SecurityContextHolder to anonymous SecurityContext
2026-05-07 17:12:48 [http-nio-8081-exec-6] DEBUG o.s.security.web.FilterChainProxy - Securing GET /api/v1/notifications
2026-05-07 17:12:48 [http-nio-8081-exec-6] DEBUG o.s.security.web.FilterChainProxy - Secured GET /api/v1/notifications
2026-05-07 17:12:48 [http-nio-8081-exec-6] DEBUG o.s.security.web.FilterChainProxy - Securing GET /error
2026-05-07 17:12:48 [http-nio-8081-exec-6] DEBUG o.s.security.web.FilterChainProxy - Secured GET /error
2026-05-07 17:12:48 [http-nio-8081-exec-6] DEBUG o.s.s.w.a.AnonymousAuthenticationFilter - Set SecurityContextHolder to anonymous SecurityContext
2026-05-07 17:12:50 [http-nio-8081-exec-10] DEBUG o.s.security.web.FilterChainProxy - Securing GET /api/locations
2026-05-07 17:12:50 [http-nio-8081-exec-10] DEBUG o.s.security.web.FilterChainProxy - Secured GET /api/locations
2026-05-07 17:12:50 [http-nio-8081-exec-4] DEBUG o.s.security.web.FilterChainProxy - Securing GET /api/locations
2026-05-07 17:12:50 [http-nio-8081-exec-4] DEBUG o.s.security.web.FilterChainProxy - Secured GET /api/locations
2026-05-07 17:12:51 [http-nio-8081-exec-5] DEBUG o.s.security.web.FilterChainProxy - Securing GET /api/v1/posts/getAll
2026-05-07 17:12:51 [http-nio-8081-exec-7] DEBUG o.s.security.web.FilterChainProxy - Securing GET /api/locations/9c647745-7d29-4ea8-990d-5c2392e276db
2026-05-07 17:12:51 [http-nio-8081-exec-5] DEBUG o.s.security.web.FilterChainProxy - Secured GET /api/v1/posts/getAll
2026-05-07 17:12:51 [http-nio-8081-exec-7] DEBUG o.s.security.web.FilterChainProxy - Secured GET /api/locations/9c647745-7d29-4ea8-990d-5c2392e276db
2026-05-07 17:12:51 [http-nio-8081-exec-1] DEBUG o.s.security.web.FilterChainProxy - Securing GET /api/locations/9c647745-7d29-4ea8-990d-5c2392e276db
2026-05-07 17:12:51 [http-nio-8081-exec-1] DEBUG o.s.security.web.FilterChainProxy - Secured GET /api/locations/9c647745-7d29-4ea8-990d-5c2392e276db
2026-05-07 17:12:51 [http-nio-8081-exec-3] DEBUG o.s.security.web.FilterChainProxy - Securing GET /api/v1/posts/getAll
2026-05-07 17:12:51 [http-nio-8081-exec-3] DEBUG o.s.security.web.FilterChainProxy - Secured GET /api/v1/posts/getAll
2026-05-07 17:12:56 [http-nio-8081-exec-2] DEBUG o.s.security.web.FilterChainProxy - Securing POST /api/v1/posts/1e53a30f-ef3d-44cb-ae06-7d2354225791/like?userId=cb202a3a-1d25-42ea-9eee-67c7c85b9ef1
2026-05-07 17:12:56 [http-nio-8081-exec-2] DEBUG o.s.security.web.FilterChainProxy - Secured POST /api/v1/posts/1e53a30f-ef3d-44cb-ae06-7d2354225791/like?userId=cb202a3a-1d25-42ea-9eee-67c7c85b9ef1
2026-05-07 17:12:57 [http-nio-8081-exec-8] DEBUG o.s.security.web.FilterChainProxy - Securing POST /api/v1/posts/1e53a30f-ef3d-44cb-ae06-7d2354225791/like?userId=cb202a3a-1d25-42ea-9eee-67c7c85b9ef1
2026-05-07 17:12:57 [http-nio-8081-exec-8] DEBUG o.s.security.web.FilterChainProxy - Secured POST /api/v1/posts/1e53a30f-ef3d-44cb-ae06-7d2354225791/like?userId=cb202a3a-1d25-42ea-9eee-67c7c85b9ef1
2026-05-07 17:12:57 [http-nio-8081-exec-6] DEBUG o.s.security.web.FilterChainProxy - Securing GET /api/v1/notifications/unread-count
2026-05-07 17:12:57 [http-nio-8081-exec-6] DEBUG o.s.security.web.FilterChainProxy - Secured GET /api/v1/notifications/unread-count
2026-05-07 17:12:57 [http-nio-8081-exec-6] DEBUG o.s.security.web.FilterChainProxy - Securing GET /error
2026-05-07 17:12:57 [http-nio-8081-exec-6] DEBUG o.s.security.web.FilterChainProxy - Secured GET /error
2026-05-07 17:12:57 [http-nio-8081-exec-6] DEBUG o.s.s.w.a.AnonymousAuthenticationFilter - Set SecurityContextHolder to anonymous SecurityContext
2026-05-07 17:12:57 [http-nio-8081-exec-9] DEBUG o.s.security.web.FilterChainProxy - Securing GET /api/v1/notifications/unread-count
2026-05-07 17:12:57 [http-nio-8081-exec-9] DEBUG o.s.security.web.FilterChainProxy - Secured GET /api/v1/notifications/unread-count
2026-05-07 17:12:57 [http-nio-8081-exec-9] DEBUG o.s.security.web.FilterChainProxy - Securing GET /error
2026-05-07 17:12:57 [http-nio-8081-exec-9] DEBUG o.s.security.web.FilterChainProxy - Secured GET /error
2026-05-07 17:12:57 [http-nio-8081-exec-9] DEBUG o.s.s.w.a.AnonymousAuthenticationFilter - Set SecurityContextHolder to anonymous SecurityContext
2026-05-07 17:13:03 [http-nio-8081-exec-10] DEBUG o.s.security.web.FilterChainProxy - Securing GET /api/locations
2026-05-07 17:13:03 [http-nio-8081-exec-10] DEBUG o.s.security.web.FilterChainProxy - Secured GET /api/locations
2026-05-07 17:13:03 [http-nio-8081-exec-4] DEBUG o.s.security.web.FilterChainProxy - Securing GET /api/locations
2026-05-07 17:13:03 [http-nio-8081-exec-4] DEBUG o.s.security.web.FilterChainProxy - Secured GET /api/locations
2026-05-07 17:13:04 [http-nio-8081-exec-7] DEBUG o.s.security.web.FilterChainProxy - Securing GET /api/v1/notifications
2026-05-07 17:13:04 [http-nio-8081-exec-7] DEBUG o.s.security.web.FilterChainProxy - Secured GET /api/v1/notifications
2026-05-07 17:13:04 [http-nio-8081-exec-7] DEBUG o.s.security.web.FilterChainProxy - Securing GET /error
2026-05-07 17:13:04 [http-nio-8081-exec-7] DEBUG o.s.security.web.FilterChainProxy - Secured GET /error
2026-05-07 17:13:04 [http-nio-8081-exec-7] DEBUG o.s.s.w.a.AnonymousAuthenticationFilter - Set SecurityContextHolder to anonymous SecurityContext
2026-05-07 17:13:04 [http-nio-8081-exec-1] DEBUG o.s.security.web.FilterChainProxy - Securing GET /api/v1/notifications
2026-05-07 17:13:04 [http-nio-8081-exec-1] DEBUG o.s.security.web.FilterChainProxy - Secured GET /api/v1/notifications
2026-05-07 17:13:04 [http-nio-8081-exec-1] DEBUG o.s.security.web.FilterChainProxy - Securing GET /error
2026-05-07 17:13:04 [http-nio-8081-exec-1] DEBUG o.s.security.web.FilterChainProxy - Secured GET /error
2026-05-07 17:13:04 [http-nio-8081-exec-1] DEBUG o.s.s.w.a.AnonymousAuthenticationFilter - Set SecurityContextHolder to anonymous SecurityContext
2026-05-07 17:13:12 [http-nio-8081-exec-5] DEBUG o.s.security.web.FilterChainProxy - Securing GET /api/v1/notifications/unread-count
2026-05-07 17:13:12 [http-nio-8081-exec-5] DEBUG o.s.security.web.FilterChainProxy - Secured GET /api/v1/notifications/unread-count
2026-05-07 17:13:12 [http-nio-8081-exec-5] DEBUG o.s.security.web.FilterChainProxy - Securing GET /error
2026-05-07 17:13:12 [http-nio-8081-exec-5] DEBUG o.s.security.web.FilterChainProxy - Secured GET /error
2026-05-07 17:13:12 [http-nio-8081-exec-5] DEBUG o.s.s.w.a.AnonymousAuthenticationFilter - Set SecurityContextHolder to anonymous SecurityContext
2026-05-07 17:13:12 [http-nio-8081-exec-3] DEBUG o.s.security.web.FilterChainProxy - Securing GET /api/v1/notifications/unread-count
2026-05-07 17:13:12 [http-nio-8081-exec-3] DEBUG o.s.security.web.FilterChainProxy - Secured GET /api/v1/notifications/unread-count
2026-05-07 17:13:12 [http-nio-8081-exec-3] DEBUG o.s.security.web.FilterChainProxy - Securing GET /error
2026-05-07 17:13:12 [http-nio-8081-exec-3] DEBUG o.s.security.web.FilterChainProxy - Secured GET /error
2026-05-07 17:13:12 [http-nio-8081-exec-3] DEBUG o.s.s.w.a.AnonymousAuthenticationFilter - Set SecurityContextHolder to anonymous SecurityContext
2026-05-07 17:13:27 [http-nio-8081-exec-2] DEBUG o.s.security.web.FilterChainProxy - Securing GET /api/v1/notifications/unread-count
2026-05-07 17:13:27 [http-nio-8081-exec-8] DEBUG o.s.security.web.FilterChainProxy - Securing GET /api/v1/notifications/unread-count
2026-05-07 17:13:27 [http-nio-8081-exec-2] DEBUG o.s.security.web.FilterChainProxy - Secured GET /api/v1/notifications/unread-count
2026-05-07 17:13:27 [http-nio-8081-exec-8] DEBUG o.s.security.web.FilterChainProxy - Secured GET /api/v1/notifications/unread-count
2026-05-07 17:13:27 [http-nio-8081-exec-8] DEBUG o.s.security.web.FilterChainProxy - Securing GET /error
2026-05-07 17:13:27 [http-nio-8081-exec-2] DEBUG o.s.security.web.FilterChainProxy - Securing GET /error
2026-05-07 17:13:27 [http-nio-8081-exec-8] DEBUG o.s.security.web.FilterChainProxy - Secured GET /error
2026-05-07 17:13:27 [http-nio-8081-exec-2] DEBUG o.s.security.web.FilterChainProxy - Secured GET /error
2026-05-07 17:13:27 [http-nio-8081-exec-2] DEBUG o.s.s.w.a.AnonymousAuthenticationFilter - Set SecurityContextHolder to anonymous SecurityContext
2026-05-07 17:13:27 [http-nio-8081-exec-8] DEBUG o.s.s.w.a.AnonymousAuthenticationFilter - Set SecurityContextHolder to anonymous SecurityContext
2026-05-07 17:13:42 [http-nio-8081-exec-6] DEBUG o.s.security.web.FilterChainProxy - Securing GET /api/v1/notifications/unread-count
2026-05-07 17:13:42 [http-nio-8081-exec-9] DEBUG o.s.security.web.FilterChainProxy - Securing GET /api/v1/notifications/unread-count
2026-05-07 17:13:42 [http-nio-8081-exec-9] DEBUG o.s.security.web.FilterChainProxy - Secured GET /api/v1/notifications/unread-count
2026-05-07 17:13:42 [http-nio-8081-exec-6] DEBUG o.s.security.web.FilterChainProxy - Secured GET /api/v1/notifications/unread-count
2026-05-07 17:13:42 [http-nio-8081-exec-6] DEBUG o.s.security.web.FilterChainProxy - Securing GET /error
2026-05-07 17:13:42 [http-nio-8081-exec-9] DEBUG o.s.security.web.FilterChainProxy - Securing GET /error
2026-05-07 17:13:42 [http-nio-8081-exec-6] DEBUG o.s.security.web.FilterChainProxy - Secured GET /error
2026-05-07 17:13:42 [http-nio-8081-exec-9] DEBUG o.s.security.web.FilterChainProxy - Secured GET /error
2026-05-07 17:13:42 [http-nio-8081-exec-9] DEBUG o.s.s.w.a.AnonymousAuthenticationFilter - Set SecurityContextHolder to anonymous SecurityContext
2026-05-07 17:13:42 [http-nio-8081-exec-6] DEBUG o.s.s.w.a.AnonymousAuthenticationFilter - Set SecurityContextHolder to anonymous SecurityContext
2026-05-07 17:13:57 [http-nio-8081-exec-4] DEBUG o.s.security.web.FilterChainProxy - Securing GET /api/v1/notifications/unread-count
2026-05-07 17:13:57 [http-nio-8081-exec-7] DEBUG o.s.security.web.FilterChainProxy - Securing GET /api/v1/notifications/unread-count
2026-05-07 17:13:57 [http-nio-8081-exec-4] DEBUG o.s.security.web.FilterChainProxy - Secured GET /api/v1/notifications/unread-count
2026-05-07 17:13:57 [http-nio-8081-exec-7] DEBUG o.s.security.web.FilterChainProxy - Secured GET /api/v1/notifications/unread-count
2026-05-07 17:13:57 [http-nio-8081-exec-7] DEBUG o.s.security.web.FilterChainProxy - Securing GET /error
2026-05-07 17:13:57 [http-nio-8081-exec-4] DEBUG o.s.security.web.FilterChainProxy - Securing GET /error
2026-05-07 17:13:57 [http-nio-8081-exec-4] DEBUG o.s.security.web.FilterChainProxy - Secured GET /error
2026-05-07 17:13:57 [http-nio-8081-exec-7] DEBUG o.s.security.web.FilterChainProxy - Secured GET /error
2026-05-07 17:13:57 [http-nio-8081-exec-4] DEBUG o.s.s.w.a.AnonymousAuthenticationFilter - Set SecurityContextHolder to anonymous SecurityContext
2026-05-07 17:13:57 [http-nio-8081-exec-7] DEBUG o.s.s.w.a.AnonymousAuthenticationFilter - Set SecurityContextHolder to anonymous SecurityContext
2026-05-07 17:14:12 [http-nio-8081-exec-3] DEBUG o.s.security.web.FilterChainProxy - Securing GET /api/v1/notifications/unread-count
2026-05-07 17:14:12 [http-nio-8081-exec-3] DEBUG o.s.security.web.FilterChainProxy - Secured GET /api/v1/notifications/unread-count
2026-05-07 17:14:12 [http-nio-8081-exec-3] DEBUG o.s.security.web.FilterChainProxy - Securing GET /error
2026-05-07 17:14:12 [http-nio-8081-exec-3] DEBUG o.s.security.web.FilterChainProxy - Secured GET /error
2026-05-07 17:14:12 [http-nio-8081-exec-3] DEBUG o.s.s.w.a.AnonymousAuthenticationFilter - Set SecurityContextHolder to anonymous SecurityContext
2026-05-07 17:14:35 [http-nio-8081-exec-8] DEBUG o.s.security.web.FilterChainProxy - Securing HEAD /api/v1/notifications
2026-05-07 17:14:35 [http-nio-8081-exec-8] DEBUG o.s.security.web.FilterChainProxy - Secured HEAD /api/v1/notifications
2026-05-07 17:14:35 [http-nio-8081-exec-8] DEBUG o.s.s.w.a.AnonymousAuthenticationFilter - Set SecurityContextHolder to anonymous SecurityContext
2026-05-07 17:14:35 [http-nio-8081-exec-8] DEBUG o.s.security.web.FilterChainProxy - Securing GET /error
2026-05-07 17:14:35 [http-nio-8081-exec-8] DEBUG o.s.security.web.FilterChainProxy - Secured GET /error
2026-05-07 17:14:35 [http-nio-8081-exec-8] DEBUG o.s.s.w.a.AnonymousAuthenticationFilter - Set SecurityContextHolder to anonymous SecurityContext
2026-05-07 17:14:35 [http-nio-8081-exec-2] DEBUG o.s.security.web.FilterChainProxy - Securing GET /api/v1/notifications
2026-05-07 17:14:35 [http-nio-8081-exec-2] DEBUG o.s.security.web.FilterChainProxy - Secured GET /api/v1/notifications
2026-05-07 17:14:35 [http-nio-8081-exec-2] DEBUG o.s.s.w.a.AnonymousAuthenticationFilter - Set SecurityContextHolder to anonymous SecurityContext
2026-05-07 17:14:35 [http-nio-8081-exec-2] DEBUG o.s.security.web.FilterChainProxy - Securing GET /error
2026-05-07 17:14:35 [http-nio-8081-exec-2] DEBUG o.s.security.web.FilterChainProxy - Secured GET /error
2026-05-07 17:14:35 [http-nio-8081-exec-2] DEBUG o.s.s.w.a.AnonymousAuthenticationFilter - Set SecurityContextHolder to anonymous SecurityContext
2026-05-07 17:14:57 [http-nio-8081-exec-9] DEBUG o.s.security.web.FilterChainProxy - Securing GET /api/v1/notifications/unread-count
2026-05-07 17:14:57 [http-nio-8081-exec-6] DEBUG o.s.security.web.FilterChainProxy - Securing GET /api/v1/notifications/unread-count
2026-05-07 17:14:57 [http-nio-8081-exec-9] DEBUG o.s.security.web.FilterChainProxy - Secured GET /api/v1/notifications/unread-count
2026-05-07 17:14:57 [http-nio-8081-exec-6] DEBUG o.s.security.web.FilterChainProxy - Secured GET /api/v1/notifications/unread-count
2026-05-07 17:14:57 [http-nio-8081-exec-6] DEBUG o.s.security.web.FilterChainProxy - Securing GET /error
2026-05-07 17:14:57 [http-nio-8081-exec-9] DEBUG o.s.security.web.FilterChainProxy - Securing GET /error
2026-05-07 17:14:57 [http-nio-8081-exec-6] DEBUG o.s.security.web.FilterChainProxy - Secured GET /error
2026-05-07 17:14:57 [http-nio-8081-exec-9] DEBUG o.s.security.web.FilterChainProxy - Secured GET /error
2026-05-07 17:14:57 [http-nio-8081-exec-6] DEBUG o.s.s.w.a.AnonymousAuthenticationFilter - Set SecurityContextHolder to anonymous SecurityContext
2026-05-07 17:14:57 [http-nio-8081-exec-9] DEBUG o.s.s.w.a.AnonymousAuthenticationFilter - Set SecurityContextHolder to anonymous SecurityContext
2026-05-07 17:15:57 [http-nio-8081-exec-4] DEBUG o.s.security.web.FilterChainProxy - Securing GET /api/v1/notifications/unread-count
2026-05-07 17:15:57 [http-nio-8081-exec-7] DEBUG o.s.security.web.FilterChainProxy - Securing GET /api/v1/notifications/unread-count
2026-05-07 17:15:57 [http-nio-8081-exec-4] DEBUG o.s.security.web.FilterChainProxy - Secured GET /api/v1/notifications/unread-count
2026-05-07 17:15:57 [http-nio-8081-exec-7] DEBUG o.s.security.web.FilterChainProxy - Secured GET /api/v1/notifications/unread-count
2026-05-07 17:15:57 [http-nio-8081-exec-4] DEBUG o.s.security.web.FilterChainProxy - Securing GET /error
2026-05-07 17:15:57 [http-nio-8081-exec-7] DEBUG o.s.security.web.FilterChainProxy - Securing GET /error
2026-05-07 17:15:57 [http-nio-8081-exec-4] DEBUG o.s.security.web.FilterChainProxy - Secured GET /error
2026-05-07 17:15:57 [http-nio-8081-exec-7] DEBUG o.s.security.web.FilterChainProxy - Secured GET /error
2026-05-07 17:15:57 [http-nio-8081-exec-7] DEBUG o.s.s.w.a.AnonymousAuthenticationFilter - Set SecurityContextHolder to anonymous SecurityContext
2026-05-07 17:15:57 [http-nio-8081-exec-4] DEBUG o.s.s.w.a.AnonymousAuthenticationFilter - Set SecurityContextHolder to anonymous SecurityContext
2026-05-07 17:16:57 [http-nio-8081-exec-5] DEBUG o.s.security.web.FilterChainProxy - Securing GET /api/v1/notifications/unread-count
2026-05-07 17:16:57 [http-nio-8081-exec-1] DEBUG o.s.security.web.FilterChainProxy - Securing GET /api/v1/notifications/unread-count
2026-05-07 17:16:57 [http-nio-8081-exec-5] DEBUG o.s.security.web.FilterChainProxy - Secured GET /api/v1/notifications/unread-count
2026-05-07 17:16:57 [http-nio-8081-exec-1] DEBUG o.s.security.web.FilterChainProxy - Secured GET /api/v1/notifications/unread-count
2026-05-07 17:16:57 [http-nio-8081-exec-1] DEBUG o.s.security.web.FilterChainProxy - Securing GET /error
2026-05-07 17:16:57 [http-nio-8081-exec-5] DEBUG o.s.security.web.FilterChainProxy - Securing GET /error
2026-05-07 17:16:57 [http-nio-8081-exec-1] DEBUG o.s.security.web.FilterChainProxy - Secured GET /error
2026-05-07 17:16:57 [http-nio-8081-exec-5] DEBUG o.s.security.web.FilterChainProxy - Secured GET /error
2026-05-07 17:16:57 [http-nio-8081-exec-5] DEBUG o.s.s.w.a.AnonymousAuthenticationFilter - Set SecurityContextHolder to anonymous SecurityContext
2026-05-07 17:16:57 [http-nio-8081-exec-1] DEBUG o.s.s.w.a.AnonymousAuthenticationFilter - Set SecurityContextHolder to anonymous SecurityContext
2026-05-07 17:17:57 [http-nio-8081-exec-8] DEBUG o.s.security.web.FilterChainProxy - Securing GET /api/v1/notifications/unread-count
2026-05-07 17:17:57 [http-nio-8081-exec-3] DEBUG o.s.security.web.FilterChainProxy - Securing GET /api/v1/notifications/unread-count
2026-05-07 17:17:57 [http-nio-8081-exec-8] DEBUG o.s.security.web.FilterChainProxy - Secured GET /api/v1/notifications/unread-count
2026-05-07 17:17:57 [http-nio-8081-exec-3] DEBUG o.s.security.web.FilterChainProxy - Secured GET /api/v1/notifications/unread-count
2026-05-07 17:17:57 [http-nio-8081-exec-3] DEBUG o.s.security.web.FilterChainProxy - Securing GET /error
2026-05-07 17:17:57 [http-nio-8081-exec-8] DEBUG o.s.security.web.FilterChainProxy - Securing GET /error
2026-05-07 17:17:57 [http-nio-8081-exec-3] DEBUG o.s.security.web.FilterChainProxy - Secured GET /error
2026-05-07 17:17:57 [http-nio-8081-exec-8] DEBUG o.s.security.web.FilterChainProxy - Secured GET /error
2026-05-07 17:17:57 [http-nio-8081-exec-8] DEBUG o.s.s.w.a.AnonymousAuthenticationFilter - Set SecurityContextHolder to anonymous SecurityContext
2026-05-07 17:17:57 [http-nio-8081-exec-3] DEBUG o.s.s.w.a.AnonymousAuthenticationFilter - Set SecurityContextHolder to anonymous SecurityContext
2026-05-07 17:18:12 [http-nio-8081-exec-2] DEBUG o.s.security.web.FilterChainProxy - Securing GET /api/v1/notifications/unread-count
2026-05-07 17:18:12 [http-nio-8081-exec-2] DEBUG o.s.security.web.FilterChainProxy - Secured GET /api/v1/notifications/unread-count
2026-05-07 17:18:12 [http-nio-8081-exec-2] DEBUG o.s.security.web.FilterChainProxy - Securing GET /error
2026-05-07 17:18:12 [http-nio-8081-exec-2] DEBUG o.s.security.web.FilterChainProxy - Secured GET /error
2026-05-07 17:18:12 [http-nio-8081-exec-2] DEBUG o.s.s.w.a.AnonymousAuthenticationFilter - Set SecurityContextHolder to anonymous SecurityContext
2026-05-07 17:18:13 [http-nio-8081-exec-10] DEBUG o.s.security.web.FilterChainProxy - Securing GET /users/me
2026-05-07 17:18:13 [http-nio-8081-exec-6] DEBUG o.s.security.web.FilterChainProxy - Securing GET /api/locations/9c647745-7d29-4ea8-990d-5c2392e276db
2026-05-07 17:18:13 [http-nio-8081-exec-9] DEBUG o.s.security.web.FilterChainProxy - Securing GET /api/v1/posts/getAll
2026-05-07 17:18:13 [http-nio-8081-exec-10] DEBUG o.s.security.web.FilterChainProxy - Secured GET /users/me
2026-05-07 17:18:13 [http-nio-8081-exec-6] DEBUG o.s.security.web.FilterChainProxy - Secured GET /api/locations/9c647745-7d29-4ea8-990d-5c2392e276db
2026-05-07 17:18:13 [http-nio-8081-exec-9] DEBUG o.s.security.web.FilterChainProxy - Secured GET /api/v1/posts/getAll
2026-05-07 17:18:13 [http-nio-8081-exec-4] DEBUG o.s.security.web.FilterChainProxy - Securing GET /api/v1/notifications/unread-count
2026-05-07 17:18:13 [http-nio-8081-exec-4] DEBUG o.s.security.web.FilterChainProxy - Secured GET /api/v1/notifications/unread-count
2026-05-07 17:18:13 [http-nio-8081-exec-4] DEBUG o.s.security.web.FilterChainProxy - Securing GET /error
2026-05-07 17:18:13 [http-nio-8081-exec-4] DEBUG o.s.security.web.FilterChainProxy - Secured GET /error
2026-05-07 17:18:13 [http-nio-8081-exec-4] DEBUG o.s.s.w.a.AnonymousAuthenticationFilter - Set SecurityContextHolder to anonymous SecurityContext
2026-05-07 17:18:14 [http-nio-8081-exec-7] DEBUG o.s.security.web.FilterChainProxy - Securing GET /api/v1/notifications
2026-05-07 17:18:14 [http-nio-8081-exec-5] DEBUG o.s.security.web.FilterChainProxy - Securing GET /users/me
2026-05-07 17:18:14 [http-nio-8081-exec-7] DEBUG o.s.security.web.FilterChainProxy - Secured GET /api/v1/notifications
2026-05-07 17:18:14 [http-nio-8081-exec-5] DEBUG o.s.security.web.FilterChainProxy - Secured GET /users/me
2026-05-07 17:18:14 [http-nio-8081-exec-7] DEBUG o.s.security.web.FilterChainProxy - Securing GET /error
2026-05-07 17:18:14 [http-nio-8081-exec-7] DEBUG o.s.security.web.FilterChainProxy - Secured GET /error
2026-05-07 17:18:14 [http-nio-8081-exec-7] DEBUG o.s.s.w.a.AnonymousAuthenticationFilter - Set SecurityContextHolder to anonymous SecurityContext
2026-05-07 17:18:14 [http-nio-8081-exec-1] DEBUG o.s.security.web.FilterChainProxy - Securing GET /api/v1/notifications/unread-count
2026-05-07 17:18:14 [http-nio-8081-exec-1] DEBUG o.s.security.web.FilterChainProxy - Secured GET /api/v1/notifications/unread-count
2026-05-07 17:18:14 [http-nio-8081-exec-1] DEBUG o.s.security.web.FilterChainProxy - Securing GET /error
2026-05-07 17:18:14 [http-nio-8081-exec-1] DEBUG o.s.security.web.FilterChainProxy - Secured GET /error
2026-05-07 17:18:14 [http-nio-8081-exec-1] DEBUG o.s.s.w.a.AnonymousAuthenticationFilter - Set SecurityContextHolder to anonymous SecurityContext
2026-05-07 17:18:18 [http-nio-8081-exec-8] DEBUG o.s.security.web.FilterChainProxy - Securing GET /api/locations
2026-05-07 17:18:18 [http-nio-8081-exec-8] DEBUG o.s.security.web.FilterChainProxy - Secured GET /api/locations
2026-05-07 17:18:18 [http-nio-8081-exec-3] DEBUG o.s.security.web.FilterChainProxy - Securing GET /api/locations
2026-05-07 17:18:18 [http-nio-8081-exec-3] DEBUG o.s.security.web.FilterChainProxy - Secured GET /api/locations
2026-05-07 17:18:19 [http-nio-8081-exec-2] DEBUG o.s.security.web.FilterChainProxy - Securing GET /api/v1/notifications
2026-05-07 17:18:19 [http-nio-8081-exec-2] DEBUG o.s.security.web.FilterChainProxy - Secured GET /api/v1/notifications
2026-05-07 17:18:19 [http-nio-8081-exec-2] DEBUG o.s.security.web.FilterChainProxy - Securing GET /error
2026-05-07 17:18:19 [http-nio-8081-exec-2] DEBUG o.s.security.web.FilterChainProxy - Secured GET /error
2026-05-07 17:18:19 [http-nio-8081-exec-2] DEBUG o.s.s.w.a.AnonymousAuthenticationFilter - Set SecurityContextHolder to anonymous SecurityContext
2026-05-07 17:18:19 [http-nio-8081-exec-10] DEBUG o.s.security.web.FilterChainProxy - Securing GET /api/v1/notifications
2026-05-07 17:18:19 [http-nio-8081-exec-10] DEBUG o.s.security.web.FilterChainProxy - Secured GET /api/v1/notifications
2026-05-07 17:18:19 [http-nio-8081-exec-10] DEBUG o.s.security.web.FilterChainProxy - Securing GET /error
2026-05-07 17:18:19 [http-nio-8081-exec-10] DEBUG o.s.security.web.FilterChainProxy - Secured GET /error
2026-05-07 17:18:19 [http-nio-8081-exec-10] DEBUG o.s.s.w.a.AnonymousAuthenticationFilter - Set SecurityContextHolder to anonymous SecurityContext
2026-05-07 17:18:20 [http-nio-8081-exec-6] DEBUG o.s.security.web.FilterChainProxy - Securing GET /api/locations
2026-05-07 17:18:20 [http-nio-8081-exec-6] DEBUG o.s.security.web.FilterChainProxy - Secured GET /api/locations
2026-05-07 17:18:20 [http-nio-8081-exec-4] DEBUG o.s.security.web.FilterChainProxy - Securing GET /api/locations
2026-05-07 17:18:20 [http-nio-8081-exec-4] DEBUG o.s.security.web.FilterChainProxy - Secured GET /api/locations
2026-05-07 17:18:21 [http-nio-8081-exec-9] DEBUG o.s.security.web.FilterChainProxy - Securing GET /api/locations/9c647745-7d29-4ea8-990d-5c2392e276db
2026-05-07 17:18:21 [http-nio-8081-exec-7] DEBUG o.s.security.web.FilterChainProxy - Securing GET /api/v1/posts/getAll
2026-05-07 17:18:21 [http-nio-8081-exec-7] DEBUG o.s.security.web.FilterChainProxy - Secured GET /api/v1/posts/getAll
2026-05-07 17:18:21 [http-nio-8081-exec-9] DEBUG o.s.security.web.FilterChainProxy - Secured GET /api/locations/9c647745-7d29-4ea8-990d-5c2392e276db
2026-05-07 17:18:21 [http-nio-8081-exec-5] DEBUG o.s.security.web.FilterChainProxy - Securing GET /api/locations/9c647745-7d29-4ea8-990d-5c2392e276db
2026-05-07 17:18:21 [http-nio-8081-exec-5] DEBUG o.s.security.web.FilterChainProxy - Secured GET /api/locations/9c647745-7d29-4ea8-990d-5c2392e276db
2026-05-07 17:18:21 [http-nio-8081-exec-1] DEBUG o.s.security.web.FilterChainProxy - Securing GET /api/v1/posts/getAll
2026-05-07 17:18:21 [http-nio-8081-exec-1] DEBUG o.s.security.web.FilterChainProxy - Secured GET /api/v1/posts/getAll
2026-05-07 17:18:23 [http-nio-8081-exec-8] DEBUG o.s.security.web.FilterChainProxy - Securing POST /api/v1/posts/1e53a30f-ef3d-44cb-ae06-7d2354225791/like?userId=cb202a3a-1d25-42ea-9eee-67c7c85b9ef1
2026-05-07 17:18:23 [http-nio-8081-exec-8] DEBUG o.s.security.web.FilterChainProxy - Secured POST /api/v1/posts/1e53a30f-ef3d-44cb-ae06-7d2354225791/like?userId=cb202a3a-1d25-42ea-9eee-67c7c85b9ef1
2026-05-07 17:18:24 [http-nio-8081-exec-3] DEBUG o.s.security.web.FilterChainProxy - Securing POST /api/v1/posts/1e53a30f-ef3d-44cb-ae06-7d2354225791/like?userId=cb202a3a-1d25-42ea-9eee-67c7c85b9ef1
2026-05-07 17:18:24 [http-nio-8081-exec-3] DEBUG o.s.security.web.FilterChainProxy - Secured POST /api/v1/posts/1e53a30f-ef3d-44cb-ae06-7d2354225791/like?userId=cb202a3a-1d25-42ea-9eee-67c7c85b9ef1
2026-05-07 17:18:28 [http-nio-8081-exec-2] DEBUG o.s.security.web.FilterChainProxy - Securing GET /api/locations
2026-05-07 17:18:28 [http-nio-8081-exec-2] DEBUG o.s.security.web.FilterChainProxy - Secured GET /api/locations
2026-05-07 17:18:28 [http-nio-8081-exec-10] DEBUG o.s.security.web.FilterChainProxy - Securing GET /api/locations
2026-05-07 17:18:28 [http-nio-8081-exec-10] DEBUG o.s.security.web.FilterChainProxy - Secured GET /api/locations
2026-05-07 17:18:28 [http-nio-8081-exec-6] DEBUG o.s.security.web.FilterChainProxy - Securing GET /api/v1/notifications/unread-count
2026-05-07 17:18:28 [http-nio-8081-exec-6] DEBUG o.s.security.web.FilterChainProxy - Secured GET /api/v1/notifications/unread-count
2026-05-07 17:18:28 [http-nio-8081-exec-6] DEBUG o.s.security.web.FilterChainProxy - Securing GET /error
2026-05-07 17:18:28 [http-nio-8081-exec-6] DEBUG o.s.security.web.FilterChainProxy - Secured GET /error
2026-05-07 17:18:28 [http-nio-8081-exec-6] DEBUG o.s.s.w.a.AnonymousAuthenticationFilter - Set SecurityContextHolder to anonymous SecurityContext
2026-05-07 17:18:29 [http-nio-8081-exec-4] DEBUG o.s.security.web.FilterChainProxy - Securing GET /api/v1/notifications
2026-05-07 17:18:29 [http-nio-8081-exec-4] DEBUG o.s.security.web.FilterChainProxy - Secured GET /api/v1/notifications
2026-05-07 17:18:29 [http-nio-8081-exec-4] DEBUG o.s.security.web.FilterChainProxy - Securing GET /error
2026-05-07 17:18:29 [http-nio-8081-exec-4] DEBUG o.s.security.web.FilterChainProxy - Secured GET /error
2026-05-07 17:18:29 [http-nio-8081-exec-4] DEBUG o.s.s.w.a.AnonymousAuthenticationFilter - Set SecurityContextHolder to anonymous SecurityContext
2026-05-07 17:18:29 [http-nio-8081-exec-9] DEBUG o.s.security.web.FilterChainProxy - Securing GET /api/v1/notifications
2026-05-07 17:18:29 [http-nio-8081-exec-9] DEBUG o.s.security.web.FilterChainProxy - Secured GET /api/v1/notifications
2026-05-07 17:18:29 [http-nio-8081-exec-9] DEBUG o.s.security.web.FilterChainProxy - Securing GET /error
2026-05-07 17:18:29 [http-nio-8081-exec-9] DEBUG o.s.security.web.FilterChainProxy - Secured GET /error
2026-05-07 17:18:29 [http-nio-8081-exec-9] DEBUG o.s.s.w.a.AnonymousAuthenticationFilter - Set SecurityContextHolder to anonymous SecurityContext
2026-05-07 17:18:29 [http-nio-8081-exec-5] DEBUG o.s.security.web.FilterChainProxy - Securing GET /api/v1/notifications/unread-count
2026-05-07 17:18:29 [http-nio-8081-exec-5] DEBUG o.s.security.web.FilterChainProxy - Secured GET /api/v1/notifications/unread-count
2026-05-07 17:18:29 [http-nio-8081-exec-5] DEBUG o.s.security.web.FilterChainProxy - Securing GET /error
2026-05-07 17:18:29 [http-nio-8081-exec-5] DEBUG o.s.security.web.FilterChainProxy - Secured GET /error
2026-05-07 17:18:29 [http-nio-8081-exec-5] DEBUG o.s.s.w.a.AnonymousAuthenticationFilter - Set SecurityContextHolder to anonymous SecurityContext
2026-05-07 17:18:33 [http-nio-8081-exec-7] DEBUG o.s.security.web.FilterChainProxy - Securing GET /api/v1/notifications
2026-05-07 17:18:33 [http-nio-8081-exec-1] DEBUG o.s.security.web.FilterChainProxy - Securing GET /users/me
2026-05-07 17:18:33 [http-nio-8081-exec-7] DEBUG o.s.security.web.FilterChainProxy - Secured GET /api/v1/notifications
2026-05-07 17:18:33 [http-nio-8081-exec-1] DEBUG o.s.security.web.FilterChainProxy - Secured GET /users/me
2026-05-07 17:18:33 [http-nio-8081-exec-7] DEBUG o.s.security.web.FilterChainProxy - Securing GET /error
2026-05-07 17:18:33 [http-nio-8081-exec-7] DEBUG o.s.security.web.FilterChainProxy - Secured GET /error
2026-05-07 17:18:33 [http-nio-8081-exec-7] DEBUG o.s.s.w.a.AnonymousAuthenticationFilter - Set SecurityContextHolder to anonymous SecurityContext
2026-05-07 17:18:33 [http-nio-8081-exec-8] DEBUG o.s.security.web.FilterChainProxy - Securing GET /api/v1/notifications/unread-count
2026-05-07 17:18:33 [http-nio-8081-exec-8] DEBUG o.s.security.web.FilterChainProxy - Secured GET /api/v1/notifications/unread-count
2026-05-07 17:18:33 [http-nio-8081-exec-8] DEBUG o.s.security.web.FilterChainProxy - Securing GET /error
2026-05-07 17:18:33 [http-nio-8081-exec-8] DEBUG o.s.security.web.FilterChainProxy - Secured GET /error
2026-05-07 17:18:33 [http-nio-8081-exec-8] DEBUG o.s.s.w.a.AnonymousAuthenticationFilter - Set SecurityContextHolder to anonymous SecurityContext
2026-05-07 17:18:43 [http-nio-8081-exec-3] DEBUG o.s.security.web.FilterChainProxy - Securing GET /api/v1/notifications/unread-count
2026-05-07 17:18:43 [http-nio-8081-exec-3] DEBUG o.s.security.web.FilterChainProxy - Secured GET /api/v1/notifications/unread-count
2026-05-07 17:18:43 [http-nio-8081-exec-3] DEBUG o.s.security.web.FilterChainProxy - Securing GET /error
2026-05-07 17:18:43 [http-nio-8081-exec-3] DEBUG o.s.security.web.FilterChainProxy - Secured GET /error
2026-05-07 17:18:43 [http-nio-8081-exec-3] DEBUG o.s.s.w.a.AnonymousAuthenticationFilter - Set SecurityContextHolder to anonymous SecurityContext
2026-05-07 17:18:48 [http-nio-8081-exec-2] DEBUG o.s.security.web.FilterChainProxy - Securing GET /api/v1/notifications/unread-count
2026-05-07 17:18:48 [http-nio-8081-exec-2] DEBUG o.s.security.web.FilterChainProxy - Secured GET /api/v1/notifications/unread-count
2026-05-07 17:18:48 [http-nio-8081-exec-2] DEBUG o.s.security.web.FilterChainProxy - Securing GET /error
2026-05-07 17:18:48 [http-nio-8081-exec-2] DEBUG o.s.security.web.FilterChainProxy - Secured GET /error
2026-05-07 17:18:48 [http-nio-8081-exec-2] DEBUG o.s.s.w.a.AnonymousAuthenticationFilter - Set SecurityContextHolder to anonymous SecurityContext
2026-05-07 17:18:58 [http-nio-8081-exec-10] DEBUG o.s.security.web.FilterChainProxy - Securing GET /api/v1/notifications/unread-count
2026-05-07 17:18:58 [http-nio-8081-exec-10] DEBUG o.s.security.web.FilterChainProxy - Secured GET /api/v1/notifications/unread-count
2026-05-07 17:18:58 [http-nio-8081-exec-10] DEBUG o.s.security.web.FilterChainProxy - Securing GET /error
2026-05-07 17:18:58 [http-nio-8081-exec-10] DEBUG o.s.security.web.FilterChainProxy - Secured GET /error
2026-05-07 17:18:58 [http-nio-8081-exec-10] DEBUG o.s.s.w.a.AnonymousAuthenticationFilter - Set SecurityContextHolder to anonymous SecurityContext
2026-05-07 17:19:03 [http-nio-8081-exec-6] DEBUG o.s.security.web.FilterChainProxy - Securing GET /api/v1/notifications/unread-count
2026-05-07 17:19:03 [http-nio-8081-exec-6] DEBUG o.s.security.web.FilterChainProxy - Secured GET /api/v1/notifications/unread-count
2026-05-07 17:19:03 [http-nio-8081-exec-6] DEBUG o.s.security.web.FilterChainProxy - Securing GET /error
2026-05-07 17:19:03 [http-nio-8081-exec-6] DEBUG o.s.security.web.FilterChainProxy - Secured GET /error
2026-05-07 17:19:03 [http-nio-8081-exec-6] DEBUG o.s.s.w.a.AnonymousAuthenticationFilter - Set SecurityContextHolder to anonymous SecurityContext
2026-05-07 17:19:13 [http-nio-8081-exec-4] DEBUG o.s.security.web.FilterChainProxy - Securing GET /api/v1/notifications/unread-count
2026-05-07 17:19:13 [http-nio-8081-exec-4] DEBUG o.s.security.web.FilterChainProxy - Secured GET /api/v1/notifications/unread-count
2026-05-07 17:19:13 [http-nio-8081-exec-4] DEBUG o.s.security.web.FilterChainProxy - Securing GET /error
2026-05-07 17:19:13 [http-nio-8081-exec-4] DEBUG o.s.security.web.FilterChainProxy - Secured GET /error
2026-05-07 17:19:13 [http-nio-8081-exec-4] DEBUG o.s.s.w.a.AnonymousAuthenticationFilter - Set SecurityContextHolder to anonymous SecurityContext
2026-05-07 17:19:18 [http-nio-8081-exec-9] DEBUG o.s.security.web.FilterChainProxy - Securing GET /api/v1/notifications/unread-count
2026-05-07 17:19:18 [http-nio-8081-exec-9] DEBUG o.s.security.web.FilterChainProxy - Secured GET /api/v1/notifications/unread-count
2026-05-07 17:19:18 [http-nio-8081-exec-9] DEBUG o.s.security.web.FilterChainProxy - Securing GET /error
2026-05-07 17:19:18 [http-nio-8081-exec-9] DEBUG o.s.security.web.FilterChainProxy - Secured GET /error
2026-05-07 17:19:18 [http-nio-8081-exec-9] DEBUG o.s.s.w.a.AnonymousAuthenticationFilter - Set SecurityContextHolder to anonymous SecurityContext
2026-05-07 17:19:28 [http-nio-8081-exec-1] DEBUG o.s.security.web.FilterChainProxy - Securing GET /api/v1/notifications/unread-count
2026-05-07 17:19:28 [http-nio-8081-exec-1] DEBUG o.s.security.web.FilterChainProxy - Secured GET /api/v1/notifications/unread-count
2026-05-07 17:19:28 [http-nio-8081-exec-1] DEBUG o.s.security.web.FilterChainProxy - Securing GET /error
2026-05-07 17:19:28 [http-nio-8081-exec-1] DEBUG o.s.security.web.FilterChainProxy - Secured GET /error
2026-05-07 17:19:28 [http-nio-8081-exec-1] DEBUG o.s.s.w.a.AnonymousAuthenticationFilter - Set SecurityContextHolder to anonymous SecurityContext
2026-05-07 17:19:33 [http-nio-8081-exec-8] DEBUG o.s.security.web.FilterChainProxy - Securing GET /api/v1/notifications/unread-count
2026-05-07 17:19:33 [http-nio-8081-exec-8] DEBUG o.s.security.web.FilterChainProxy - Secured GET /api/v1/notifications/unread-count
2026-05-07 17:19:33 [http-nio-8081-exec-8] DEBUG o.s.security.web.FilterChainProxy - Securing GET /error
2026-05-07 17:19:33 [http-nio-8081-exec-8] DEBUG o.s.security.web.FilterChainProxy - Secured GET /error
2026-05-07 17:19:33 [http-nio-8081-exec-8] DEBUG o.s.s.w.a.AnonymousAuthenticationFilter - Set SecurityContextHolder to anonymous SecurityContext
2026-05-07 17:19:43 [http-nio-8081-exec-2] DEBUG o.s.security.web.FilterChainProxy - Securing GET /api/v1/notifications/unread-count
2026-05-07 17:19:43 [http-nio-8081-exec-2] DEBUG o.s.security.web.FilterChainProxy - Secured GET /api/v1/notifications/unread-count
2026-05-07 17:19:43 [http-nio-8081-exec-2] DEBUG o.s.security.web.FilterChainProxy - Securing GET /error
2026-05-07 17:19:43 [http-nio-8081-exec-2] DEBUG o.s.security.web.FilterChainProxy - Secured GET /error
2026-05-07 17:19:43 [http-nio-8081-exec-2] DEBUG o.s.s.w.a.AnonymousAuthenticationFilter - Set SecurityContextHolder to anonymous SecurityContext
2026-05-07 17:19:48 [http-nio-8081-exec-10] DEBUG o.s.security.web.FilterChainProxy - Securing GET /api/v1/notifications/unread-count
2026-05-07 17:19:48 [http-nio-8081-exec-10] DEBUG o.s.security.web.FilterChainProxy - Secured GET /api/v1/notifications/unread-count
2026-05-07 17:19:48 [http-nio-8081-exec-10] DEBUG o.s.security.web.FilterChainProxy - Securing GET /error
2026-05-07 17:19:48 [http-nio-8081-exec-10] DEBUG o.s.security.web.FilterChainProxy - Secured GET /error
2026-05-07 17:19:48 [http-nio-8081-exec-10] DEBUG o.s.s.w.a.AnonymousAuthenticationFilter - Set SecurityContextHolder to anonymous SecurityContext
2026-05-07 17:19:58 [http-nio-8081-exec-6] DEBUG o.s.security.web.FilterChainProxy - Securing GET /api/v1/notifications/unread-count
2026-05-07 17:19:58 [http-nio-8081-exec-6] DEBUG o.s.security.web.FilterChainProxy - Secured GET /api/v1/notifications/unread-count
2026-05-07 17:19:58 [http-nio-8081-exec-6] DEBUG o.s.security.web.FilterChainProxy - Securing GET /error
2026-05-07 17:19:58 [http-nio-8081-exec-6] DEBUG o.s.security.web.FilterChainProxy - Secured GET /error
2026-05-07 17:19:58 [http-nio-8081-exec-6] DEBUG o.s.s.w.a.AnonymousAuthenticationFilter - Set SecurityContextHolder to anonymous SecurityContext
2026-05-07 17:20:03 [http-nio-8081-exec-4] DEBUG o.s.security.web.FilterChainProxy - Securing GET /api/v1/notifications/unread-count
2026-05-07 17:20:03 [http-nio-8081-exec-4] DEBUG o.s.security.web.FilterChainProxy - Secured GET /api/v1/notifications/unread-count
2026-05-07 17:20:03 [http-nio-8081-exec-4] DEBUG o.s.security.web.FilterChainProxy - Securing GET /error
2026-05-07 17:20:03 [http-nio-8081-exec-4] DEBUG o.s.security.web.FilterChainProxy - Secured GET /error
2026-05-07 17:20:03 [http-nio-8081-exec-4] DEBUG o.s.s.w.a.AnonymousAuthenticationFilter - Set SecurityContextHolder to anonymous SecurityContext
2026-05-07 17:20:16 [http-nio-8081-exec-9] DEBUG o.s.security.web.FilterChainProxy - Securing GET /api/v1/notifications/unread-count
2026-05-07 17:20:16 [http-nio-8081-exec-9] DEBUG o.s.security.web.FilterChainProxy - Secured GET /api/v1/notifications/unread-count
2026-05-07 17:20:16 [http-nio-8081-exec-9] DEBUG o.s.security.web.FilterChainProxy - Securing GET /error
2026-05-07 17:20:16 [http-nio-8081-exec-9] DEBUG o.s.security.web.FilterChainProxy - Secured GET /error
2026-05-07 17:20:16 [http-nio-8081-exec-9] DEBUG o.s.s.w.a.AnonymousAuthenticationFilter - Set SecurityContextHolder to anonymous SecurityContext
2026-05-07 17:20:24 [http-nio-8081-exec-7] DEBUG o.s.security.web.FilterChainProxy - Securing GET /api/v1/notifications/unread-count
2026-05-07 17:20:24 [http-nio-8081-exec-7] DEBUG o.s.security.web.FilterChainProxy - Secured GET /api/v1/notifications/unread-count
2026-05-07 17:20:24 [http-nio-8081-exec-7] DEBUG o.s.security.web.FilterChainProxy - Securing GET /error
2026-05-07 17:20:24 [http-nio-8081-exec-7] DEBUG o.s.security.web.FilterChainProxy - Secured GET /error
2026-05-07 17:20:24 [http-nio-8081-exec-7] DEBUG o.s.s.w.a.AnonymousAuthenticationFilter - Set SecurityContextHolder to anonymous SecurityContext
2026-05-07 17:20:28 [http-nio-8081-exec-5] DEBUG o.s.security.web.FilterChainProxy - Securing GET /api/v1/notifications/unread-count
2026-05-07 17:20:28 [http-nio-8081-exec-5] DEBUG o.s.security.web.FilterChainProxy - Secured GET /api/v1/notifications/unread-count
2026-05-07 17:20:28 [http-nio-8081-exec-5] DEBUG o.s.security.web.FilterChainProxy - Securing GET /error
2026-05-07 17:20:28 [http-nio-8081-exec-5] DEBUG o.s.security.web.FilterChainProxy - Secured GET /error
2026-05-07 17:20:28 [http-nio-8081-exec-5] DEBUG o.s.s.w.a.AnonymousAuthenticationFilter - Set SecurityContextHolder to anonymous SecurityContext
2026-05-07 17:20:33 [http-nio-8081-exec-1] DEBUG o.s.security.web.FilterChainProxy - Securing GET /api/v1/notifications/unread-count
2026-05-07 17:20:33 [http-nio-8081-exec-1] DEBUG o.s.security.web.FilterChainProxy - Secured GET /api/v1/notifications/unread-count
2026-05-07 17:20:33 [http-nio-8081-exec-1] DEBUG o.s.security.web.FilterChainProxy - Securing GET /error
2026-05-07 17:20:33 [http-nio-8081-exec-1] DEBUG o.s.security.web.FilterChainProxy - Secured GET /error
2026-05-07 17:20:33 [http-nio-8081-exec-1] DEBUG o.s.s.w.a.AnonymousAuthenticationFilter - Set SecurityContextHolder to anonymous SecurityContext
2026-05-07 17:20:43 [http-nio-8081-exec-8] DEBUG o.s.security.web.FilterChainProxy - Securing GET /api/v1/notifications/unread-count
2026-05-07 17:20:43 [http-nio-8081-exec-8] DEBUG o.s.security.web.FilterChainProxy - Secured GET /api/v1/notifications/unread-count
2026-05-07 17:20:43 [http-nio-8081-exec-8] DEBUG o.s.security.web.FilterChainProxy - Securing GET /error
2026-05-07 17:20:43 [http-nio-8081-exec-8] DEBUG o.s.security.web.FilterChainProxy - Secured GET /error
2026-05-07 17:20:43 [http-nio-8081-exec-8] DEBUG o.s.s.w.a.AnonymousAuthenticationFilter - Set SecurityContextHolder to anonymous SecurityContext
2026-05-07 17:20:48 [http-nio-8081-exec-3] DEBUG o.s.security.web.FilterChainProxy - Securing GET /api/v1/notifications/unread-count
2026-05-07 17:20:48 [http-nio-8081-exec-3] DEBUG o.s.security.web.FilterChainProxy - Secured GET /api/v1/notifications/unread-count
2026-05-07 17:20:48 [http-nio-8081-exec-3] DEBUG o.s.security.web.FilterChainProxy - Securing GET /error
2026-05-07 17:20:48 [http-nio-8081-exec-3] DEBUG o.s.security.web.FilterChainProxy - Secured GET /error
2026-05-07 17:20:48 [http-nio-8081-exec-3] DEBUG o.s.s.w.a.AnonymousAuthenticationFilter - Set SecurityContextHolder to anonymous SecurityContext
2026-05-07 17:20:58 [http-nio-8081-exec-2] DEBUG o.s.security.web.FilterChainProxy - Securing GET /api/v1/notifications/unread-count
2026-05-07 17:20:58 [http-nio-8081-exec-2] DEBUG o.s.security.web.FilterChainProxy - Secured GET /api/v1/notifications/unread-count
2026-05-07 17:20:58 [http-nio-8081-exec-2] DEBUG o.s.security.web.FilterChainProxy - Securing GET /error
2026-05-07 17:20:58 [http-nio-8081-exec-2] DEBUG o.s.security.web.FilterChainProxy - Secured GET /error
2026-05-07 17:20:58 [http-nio-8081-exec-2] DEBUG o.s.s.w.a.AnonymousAuthenticationFilter - Set SecurityContextHolder to anonymous SecurityContext
2026-05-07 17:21:03 [http-nio-8081-exec-10] DEBUG o.s.security.web.FilterChainProxy - Securing GET /api/v1/notifications/unread-count
2026-05-07 17:21:03 [http-nio-8081-exec-10] DEBUG o.s.security.web.FilterChainProxy - Secured GET /api/v1/notifications/unread-count
2026-05-07 17:21:03 [http-nio-8081-exec-10] DEBUG o.s.security.web.FilterChainProxy - Securing GET /error
2026-05-07 17:21:03 [http-nio-8081-exec-10] DEBUG o.s.security.web.FilterChainProxy - Secured GET /error
2026-05-07 17:21:03 [http-nio-8081-exec-10] DEBUG o.s.s.w.a.AnonymousAuthenticationFilter - Set SecurityContextHolder to anonymous SecurityContext
2026-05-07 17:21:13 [http-nio-8081-exec-6] DEBUG o.s.security.web.FilterChainProxy - Securing GET /api/v1/notifications/unread-count
2026-05-07 17:21:13 [http-nio-8081-exec-6] DEBUG o.s.security.web.FilterChainProxy - Secured GET /api/v1/notifications/unread-count
2026-05-07 17:21:13 [http-nio-8081-exec-6] DEBUG o.s.security.web.FilterChainProxy - Securing GET /error
2026-05-07 17:21:13 [http-nio-8081-exec-6] DEBUG o.s.security.web.FilterChainProxy - Secured GET /error
2026-05-07 17:21:13 [http-nio-8081-exec-6] DEBUG o.s.s.w.a.AnonymousAuthenticationFilter - Set SecurityContextHolder to anonymous SecurityContext
2026-05-07 17:21:18 [http-nio-8081-exec-4] DEBUG o.s.security.web.FilterChainProxy - Securing GET /api/v1/notifications/unread-count
2026-05-07 17:21:18 [http-nio-8081-exec-4] DEBUG o.s.security.web.FilterChainProxy - Secured GET /api/v1/notifications/unread-count
2026-05-07 17:21:18 [http-nio-8081-exec-4] DEBUG o.s.security.web.FilterChainProxy - Securing GET /error
2026-05-07 17:21:18 [http-nio-8081-exec-4] DEBUG o.s.security.web.FilterChainProxy - Secured GET /error
2026-05-07 17:21:18 [http-nio-8081-exec-4] DEBUG o.s.s.w.a.AnonymousAuthenticationFilter - Set SecurityContextHolder to anonymous SecurityContext
2026-05-07 17:21:28 [http-nio-8081-exec-9] DEBUG o.s.security.web.FilterChainProxy - Securing GET /api/v1/notifications/unread-count
2026-05-07 17:21:28 [http-nio-8081-exec-9] DEBUG o.s.security.web.FilterChainProxy - Secured GET /api/v1/notifications/unread-count
2026-05-07 17:21:28 [http-nio-8081-exec-9] DEBUG o.s.security.web.FilterChainProxy - Securing GET /error
2026-05-07 17:21:28 [http-nio-8081-exec-9] DEBUG o.s.security.web.FilterChainProxy - Secured GET /error
2026-05-07 17:21:28 [http-nio-8081-exec-9] DEBUG o.s.s.w.a.AnonymousAuthenticationFilter - Set SecurityContextHolder to anonymous SecurityContext
2026-05-07 17:21:33 [http-nio-8081-exec-7] DEBUG o.s.security.web.FilterChainProxy - Securing GET /api/v1/notifications/unread-count
2026-05-07 17:21:33 [http-nio-8081-exec-7] DEBUG o.s.security.web.FilterChainProxy - Secured GET /api/v1/notifications/unread-count
2026-05-07 17:21:33 [http-nio-8081-exec-7] DEBUG o.s.security.web.FilterChainProxy - Securing GET /error
2026-05-07 17:21:33 [http-nio-8081-exec-7] DEBUG o.s.security.web.FilterChainProxy - Secured GET /error
2026-05-07 17:21:33 [http-nio-8081-exec-7] DEBUG o.s.s.w.a.AnonymousAuthenticationFilter - Set SecurityContextHolder to anonymous SecurityContext
2026-05-07 17:21:57 [http-nio-8081-exec-1] DEBUG o.s.security.web.FilterChainProxy - Securing GET /api/v1/notifications/unread-count
2026-05-07 17:21:57 [http-nio-8081-exec-5] DEBUG o.s.security.web.FilterChainProxy - Securing GET /api/v1/notifications/unread-count
2026-05-07 17:21:57 [http-nio-8081-exec-1] DEBUG o.s.security.web.FilterChainProxy - Secured GET /api/v1/notifications/unread-count
2026-05-07 17:21:57 [http-nio-8081-exec-5] DEBUG o.s.security.web.FilterChainProxy - Secured GET /api/v1/notifications/unread-count
2026-05-07 17:21:57 [http-nio-8081-exec-1] DEBUG o.s.security.web.FilterChainProxy - Securing GET /error
2026-05-07 17:21:57 [http-nio-8081-exec-5] DEBUG o.s.security.web.FilterChainProxy - Securing GET /error
2026-05-07 17:21:57 [http-nio-8081-exec-5] DEBUG o.s.security.web.FilterChainProxy - Secured GET /error
2026-05-07 17:21:57 [http-nio-8081-exec-1] DEBUG o.s.security.web.FilterChainProxy - Secured GET /error
2026-05-07 17:21:57 [http-nio-8081-exec-1] DEBUG o.s.s.w.a.AnonymousAuthenticationFilter - Set SecurityContextHolder to anonymous SecurityContext
2026-05-07 17:21:57 [http-nio-8081-exec-5] DEBUG o.s.s.w.a.AnonymousAuthenticationFilter - Set SecurityContextHolder to anonymous SecurityContext
2026-05-07 17:22:06 [http-nio-8081-exec-8] DEBUG o.s.security.web.FilterChainProxy - Securing GET /api/v1/notifications
2026-05-07 17:22:06 [http-nio-8081-exec-8] DEBUG o.s.security.web.FilterChainProxy - Secured GET /api/v1/notifications
2026-05-07 17:22:06 [http-nio-8081-exec-8] DEBUG o.s.s.w.a.AnonymousAuthenticationFilter - Set SecurityContextHolder to anonymous SecurityContext
2026-05-07 17:22:06 [http-nio-8081-exec-8] DEBUG o.s.security.web.FilterChainProxy - Securing GET /error
2026-05-07 17:22:06 [http-nio-8081-exec-8] DEBUG o.s.security.web.FilterChainProxy - Secured GET /error
2026-05-07 17:22:06 [http-nio-8081-exec-8] DEBUG o.s.s.w.a.AnonymousAuthenticationFilter - Set SecurityContextHolder to anonymous SecurityContext
2026-05-07 17:22:57 [http-nio-8081-exec-10] DEBUG o.s.security.web.FilterChainProxy - Securing GET /api/v1/notifications/unread-count
2026-05-07 17:22:57 [http-nio-8081-exec-2] DEBUG o.s.security.web.FilterChainProxy - Securing GET /api/v1/notifications/unread-count
2026-05-07 17:22:57 [http-nio-8081-exec-2] DEBUG o.s.security.web.FilterChainProxy - Secured GET /api/v1/notifications/unread-count
2026-05-07 17:22:57 [http-nio-8081-exec-10] DEBUG o.s.security.web.FilterChainProxy - Secured GET /api/v1/notifications/unread-count
2026-05-07 17:22:57 [http-nio-8081-exec-2] DEBUG o.s.security.web.FilterChainProxy - Securing GET /error
2026-05-07 17:22:57 [http-nio-8081-exec-10] DEBUG o.s.security.web.FilterChainProxy - Securing GET /error
2026-05-07 17:22:57 [http-nio-8081-exec-2] DEBUG o.s.security.web.FilterChainProxy - Secured GET /error
2026-05-07 17:22:57 [http-nio-8081-exec-10] DEBUG o.s.security.web.FilterChainProxy - Secured GET /error
2026-05-07 17:22:57 [http-nio-8081-exec-2] DEBUG o.s.s.w.a.AnonymousAuthenticationFilter - Set SecurityContextHolder to anonymous SecurityContext
2026-05-07 17:22:57 [http-nio-8081-exec-10] DEBUG o.s.s.w.a.AnonymousAuthenticationFilter - Set SecurityContextHolder to anonymous SecurityContext
2026-05-07 17:23:37 [SpringApplicationShutdownHook] INFO  o.s.boot.tomcat.GracefulShutdown - Commencing graceful shutdown. Waiting for active requests to complete
2026-05-07 17:23:37 [tomcat-shutdown] INFO  o.s.boot.tomcat.GracefulShutdown - Graceful shutdown complete
2026-05-07 17:23:37 [SpringApplicationShutdownHook] INFO  o.s.o.j.LocalContainerEntityManagerFactoryBean - Closing JPA EntityManagerFactory for persistence unit 'default'
2026-05-07 17:23:37 [SpringApplicationShutdownHook] INFO  com.zaxxer.hikari.HikariDataSource - HikariPool-1 - Shutdown initiated...
2026-05-07 17:23:37 [SpringApplicationShutdownHook] INFO  com.zaxxer.hikari.HikariDataSource - HikariPool-1 - Shutdown completed.
2026-05-07 17:23:41 [main] INFO  c.example.backend.BackendApplication - Starting BackendApplication using Java 17.0.18 with PID 28216 (D:\DATN\VietnamPhoto\backend\target\classes started by Tuna in D:\DATN\VietnamPhoto)
2026-05-07 17:23:41 [main] DEBUG c.example.backend.BackendApplication - Running with Spring Boot v4.0.3, Spring v7.0.5
2026-05-07 17:23:41 [main] INFO  c.example.backend.BackendApplication - No active profile set, falling back to 1 default profile: "default"
2026-05-07 17:23:41 [background-preinit] INFO  o.h.validator.internal.util.Version - HV000001: Hibernate Validator 9.0.1.Final
2026-05-07 17:23:41 [main] INFO  o.s.d.r.c.RepositoryConfigurationDelegate - Bootstrapping Spring Data JPA repositories in DEFAULT mode.
2026-05-07 17:23:41 [main] INFO  o.s.d.r.c.RepositoryConfigurationDelegate - Finished Spring Data repository scanning in 66 ms. Found 9 JPA repository interfaces.
2026-05-07 17:23:42 [main] INFO  o.s.boot.tomcat.TomcatWebServer - Tomcat initialized with port 8081 (http)
2026-05-07 17:23:42 [main] INFO  o.a.coyote.http11.Http11NioProtocol - Initializing ProtocolHandler ["http-nio-8081"]
2026-05-07 17:23:42 [main] INFO  o.a.catalina.core.StandardService - Starting service [Tomcat]
2026-05-07 17:23:42 [main] INFO  o.a.catalina.core.StandardEngine - Starting Servlet engine: [Apache Tomcat/11.0.18]
2026-05-07 17:23:42 [main] INFO  o.s.b.w.c.s.WebApplicationContextInitializer - Root WebApplicationContext: initialization completed in 1619 ms
2026-05-07 17:23:42 [main] DEBUG c.example.backend.config.JwtFilter - Filter 'jwtFilter' configured for use
2026-05-07 17:23:43 [main] INFO  org.hibernate.orm.jpa - HHH008540: Processing PersistenceUnitInfo [name: default]
2026-05-07 17:23:43 [main] INFO  org.hibernate.orm.core - HHH000001: Hibernate ORM core version 7.2.4.Final
2026-05-07 17:23:44 [main] INFO  o.s.o.j.p.SpringPersistenceUnitInfo - No LoadTimeWeaver setup: ignoring JPA class transformer
2026-05-07 17:23:44 [main] INFO  com.zaxxer.hikari.HikariDataSource - HikariPool-1 - Starting...
2026-05-07 17:23:44 [main] INFO  com.zaxxer.hikari.pool.HikariPool - HikariPool-1 - Added connection com.mysql.cj.jdbc.ConnectionImpl@70819ba8
2026-05-07 17:23:44 [main] INFO  com.zaxxer.hikari.HikariDataSource - HikariPool-1 - Start completed.
2026-05-07 17:23:44 [main] INFO  o.hibernate.orm.connections.pooling - HHH10001005: Database info:
	Database JDBC URL [jdbc:mysql://localhost:3306/VNScout]
	Database driver: MySQL Connector/J
	Database dialect: MySQLDialect
	Database version: 8.0.46
	Default catalog/schema: VNScout/undefined
	Autocommit mode: undefined/unknown
	Isolation level: REPEATABLE_READ [default REPEATABLE_READ]
	JDBC fetch size: none
	Pool: DataSourceConnectionProvider
	Minimum pool size: undefined/unknown
	Maximum pool size: undefined/unknown
2026-05-07 17:23:45 [main] INFO  org.hibernate.orm.core - HHH000489: No JTA platform available (set 'hibernate.transaction.jta.platform' to enable JTA platform integration)
2026-05-07 17:23:45 [main] INFO  o.s.o.j.LocalContainerEntityManagerFactoryBean - Initialized JPA EntityManagerFactory for persistence unit 'default'
2026-05-07 17:23:45 [main] INFO  o.s.d.j.r.q.QueryEnhancerFactories - Hibernate is in classpath; If applicable, HQL parser will be used.
2026-05-07 17:23:47 [main] WARN  o.s.b.j.a.JpaBaseConfiguration$JpaWebConfiguration - spring.jpa.open-in-view is enabled by default. Therefore, database queries may be performed during view rendering. Explicitly configure spring.jpa.open-in-view to disable this warning
2026-05-07 17:23:47 [main] WARN  o.s.b.s.a.UserDetailsServiceAutoConfiguration - 

Using generated security password: 2288d79a-24ab-4e7d-88c8-38d622828e04

This generated password is for development use only. Your security configuration must be updated before running your application in production.

2026-05-07 17:23:47 [main] INFO  o.s.s.c.a.a.c.InitializeUserDetailsBeanManagerConfigurer$InitializeUserDetailsManagerConfigurer - Global AuthenticationManager configured with UserDetailsService bean with name inMemoryUserDetailsManager
2026-05-07 17:23:48 [main] DEBUG o.s.s.web.DefaultSecurityFilterChain - Will secure any request with filters: DisableEncodeUrlFilter, WebAsyncManagerIntegrationFilter, SecurityContextHolderFilter, HeaderWriterFilter, CorsFilter, LogoutFilter, JwtFilter, RequestCacheAwareFilter, SecurityContextHolderAwareRequestFilter, AnonymousAuthenticationFilter, ExceptionTranslationFilter, AuthorizationFilter
2026-05-07 17:23:48 [main] INFO  o.a.coyote.http11.Http11NioProtocol - Starting ProtocolHandler ["http-nio-8081"]
2026-05-07 17:23:48 [main] INFO  o.s.boot.tomcat.TomcatWebServer - Tomcat started on port 8081 (http) with context path '/'
2026-05-07 17:23:48 [main] INFO  c.example.backend.BackendApplication - Started BackendApplication in 7.799 seconds (process running for 8.212)
2026-05-07 17:23:48 [main] INFO  c.e.b.c.BannedWordDataInitializer - Banned words already initialized. Skip import.
2026-05-07 17:23:53 [http-nio-8081-exec-1] INFO  o.a.c.c.C.[Tomcat].[localhost].[/] - Initializing Spring DispatcherServlet 'dispatcherServlet'
2026-05-07 17:23:53 [http-nio-8081-exec-1] INFO  o.s.web.servlet.DispatcherServlet - Initializing Servlet 'dispatcherServlet'
2026-05-07 17:23:53 [http-nio-8081-exec-1] INFO  o.s.web.servlet.DispatcherServlet - Completed initialization in 1 ms
2026-05-07 17:23:53 [http-nio-8081-exec-1] DEBUG o.s.security.web.FilterChainProxy - Securing GET /api/v1/notifications/unread-count
2026-05-07 17:23:53 [http-nio-8081-exec-1] WARN  o.s.w.s.h.HandlerMappingIntrospector - Cache miss for REQUEST dispatch to '/api/v1/notifications/unread-count' (previous null). Performing CorsConfiguration lookup. This is logged once only at WARN level, and every time at TRACE.
2026-05-07 17:23:53 [http-nio-8081-exec-1] DEBUG o.s.security.web.FilterChainProxy - Secured GET /api/v1/notifications/unread-count
2026-05-07 17:23:53 [http-nio-8081-exec-1] DEBUG o.s.s.a.m.AuthorizationManagerBeforeMethodInterceptor - Authorizing method invocation ReflectiveMethodInvocation: public java.lang.Long com.example.backend.controller.NotificationController.getUnreadCount(java.lang.String); target is of class [com.example.backend.controller.NotificationController]
2026-05-07 17:23:53 [http-nio-8081-exec-1] DEBUG o.s.s.a.m.AuthorizationManagerBeforeMethodInterceptor - Authorized method invocation ReflectiveMethodInvocation: public java.lang.Long com.example.backend.controller.NotificationController.getUnreadCount(java.lang.String); target is of class [com.example.backend.controller.NotificationController]
2026-05-07 17:23:54 [http-nio-8081-exec-5] DEBUG o.s.security.web.FilterChainProxy - Securing POST /api/v1/posts/1e53a30f-ef3d-44cb-ae06-7d2354225791/like?userId=cb202a3a-1d25-42ea-9eee-67c7c85b9ef1
2026-05-07 17:23:54 [http-nio-8081-exec-5] DEBUG o.s.security.web.FilterChainProxy - Secured POST /api/v1/posts/1e53a30f-ef3d-44cb-ae06-7d2354225791/like?userId=cb202a3a-1d25-42ea-9eee-67c7c85b9ef1
2026-05-07 17:23:55 [http-nio-8081-exec-3] DEBUG o.s.security.web.FilterChainProxy - Securing POST /api/v1/posts/1e53a30f-ef3d-44cb-ae06-7d2354225791/like?userId=cb202a3a-1d25-42ea-9eee-67c7c85b9ef1
2026-05-07 17:23:55 [http-nio-8081-exec-3] DEBUG o.s.security.web.FilterChainProxy - Secured POST /api/v1/posts/1e53a30f-ef3d-44cb-ae06-7d2354225791/like?userId=cb202a3a-1d25-42ea-9eee-67c7c85b9ef1
2026-05-07 17:23:57 [http-nio-8081-exec-10] DEBUG o.s.security.web.FilterChainProxy - Securing GET /api/v1/notifications/unread-count
2026-05-07 17:23:57 [http-nio-8081-exec-10] DEBUG o.s.security.web.FilterChainProxy - Secured GET /api/v1/notifications/unread-count
2026-05-07 17:23:57 [http-nio-8081-exec-10] DEBUG o.s.s.a.m.AuthorizationManagerBeforeMethodInterceptor - Authorizing method invocation ReflectiveMethodInvocation: public java.lang.Long com.example.backend.controller.NotificationController.getUnreadCount(java.lang.String); target is of class [com.example.backend.controller.NotificationController]
2026-05-07 17:23:57 [http-nio-8081-exec-10] DEBUG o.s.s.a.m.AuthorizationManagerBeforeMethodInterceptor - Authorized method invocation ReflectiveMethodInvocation: public java.lang.Long com.example.backend.controller.NotificationController.getUnreadCount(java.lang.String); target is of class [com.example.backend.controller.NotificationController]
2026-05-07 17:23:58 [http-nio-8081-exec-2] DEBUG o.s.security.web.FilterChainProxy - Securing GET /api/v1/notifications/unread-count
2026-05-07 17:23:58 [http-nio-8081-exec-2] DEBUG o.s.security.web.FilterChainProxy - Secured GET /api/v1/notifications/unread-count
2026-05-07 17:23:58 [http-nio-8081-exec-2] DEBUG o.s.s.a.m.AuthorizationManagerBeforeMethodInterceptor - Authorizing method invocation ReflectiveMethodInvocation: public java.lang.Long com.example.backend.controller.NotificationController.getUnreadCount(java.lang.String); target is of class [com.example.backend.controller.NotificationController]
2026-05-07 17:23:58 [http-nio-8081-exec-2] DEBUG o.s.s.a.m.AuthorizationManagerBeforeMethodInterceptor - Authorized method invocation ReflectiveMethodInvocation: public java.lang.Long com.example.backend.controller.NotificationController.getUnreadCount(java.lang.String); target is of class [com.example.backend.controller.NotificationController]
2026-05-07 17:24:00 [http-nio-8081-exec-6] DEBUG o.s.security.web.FilterChainProxy - Securing GET /api/locations
2026-05-07 17:24:00 [http-nio-8081-exec-6] DEBUG o.s.security.web.FilterChainProxy - Secured GET /api/locations
2026-05-07 17:24:01 [http-nio-8081-exec-7] DEBUG o.s.security.web.FilterChainProxy - Securing GET /api/locations
2026-05-07 17:24:01 [http-nio-8081-exec-7] DEBUG o.s.security.web.FilterChainProxy - Secured GET /api/locations
2026-05-07 17:24:01 [http-nio-8081-exec-8] DEBUG o.s.security.web.FilterChainProxy - Securing GET /api/v1/notifications
2026-05-07 17:24:01 [http-nio-8081-exec-8] DEBUG o.s.security.web.FilterChainProxy - Secured GET /api/v1/notifications
2026-05-07 17:24:01 [http-nio-8081-exec-8] DEBUG o.s.s.a.m.AuthorizationManagerBeforeMethodInterceptor - Authorizing method invocation ReflectiveMethodInvocation: public org.springframework.data.domain.Page com.example.backend.controller.NotificationController.getMyNotifications(java.lang.String,int,int); target is of class [com.example.backend.controller.NotificationController]
2026-05-07 17:24:01 [http-nio-8081-exec-8] DEBUG o.s.s.a.m.AuthorizationManagerBeforeMethodInterceptor - Authorized method invocation ReflectiveMethodInvocation: public org.springframework.data.domain.Page com.example.backend.controller.NotificationController.getMyNotifications(java.lang.String,int,int); target is of class [com.example.backend.controller.NotificationController]
2026-05-07 17:24:01 [http-nio-8081-exec-8] WARN  o.s.d.w.c.SpringDataJackson3Configuration$PageModule$WarningLoggingModifier - Serializing PageImpl instances as-is is not supported, meaning that there is no guarantee about the stability of the resulting JSON structure!
	For a stable JSON structure, please use Spring Data's PagedModel (globally via @EnableSpringDataWebSupport(pageSerializationMode = VIA_DTO))
	or Spring HATEOAS and Spring Data's PagedResourcesAssembler as documented in https://docs.spring.io/spring-data/commons/reference/repositories/core-extensions.html#core.web.pageables.

2026-05-07 17:24:01 [http-nio-8081-exec-9] DEBUG o.s.security.web.FilterChainProxy - Securing GET /api/v1/notifications
2026-05-07 17:24:01 [http-nio-8081-exec-9] DEBUG o.s.security.web.FilterChainProxy - Secured GET /api/v1/notifications
2026-05-07 17:24:01 [http-nio-8081-exec-9] DEBUG o.s.s.a.m.AuthorizationManagerBeforeMethodInterceptor - Authorizing method invocation ReflectiveMethodInvocation: public org.springframework.data.domain.Page com.example.backend.controller.NotificationController.getMyNotifications(java.lang.String,int,int); target is of class [com.example.backend.controller.NotificationController]
2026-05-07 17:24:01 [http-nio-8081-exec-9] DEBUG o.s.s.a.m.AuthorizationManagerBeforeMethodInterceptor - Authorized method invocation ReflectiveMethodInvocation: public org.springframework.data.domain.Page com.example.backend.controller.NotificationController.getMyNotifications(java.lang.String,int,int); target is of class [com.example.backend.controller.NotificationController]
2026-05-07 17:24:03 [http-nio-8081-exec-4] DEBUG o.s.security.web.FilterChainProxy - Securing GET /api/v1/notifications/unread-count
2026-05-07 17:24:03 [http-nio-8081-exec-4] DEBUG o.s.security.web.FilterChainProxy - Secured GET /api/v1/notifications/unread-count
2026-05-07 17:24:03 [http-nio-8081-exec-4] DEBUG o.s.s.a.m.AuthorizationManagerBeforeMethodInterceptor - Authorizing method invocation ReflectiveMethodInvocation: public java.lang.Long com.example.backend.controller.NotificationController.getUnreadCount(java.lang.String); target is of class [com.example.backend.controller.NotificationController]
2026-05-07 17:24:03 [http-nio-8081-exec-4] DEBUG o.s.s.a.m.AuthorizationManagerBeforeMethodInterceptor - Authorized method invocation ReflectiveMethodInvocation: public java.lang.Long com.example.backend.controller.NotificationController.getUnreadCount(java.lang.String); target is of class [com.example.backend.controller.NotificationController]
2026-05-07 17:24:03 [http-nio-8081-exec-1] DEBUG o.s.security.web.FilterChainProxy - Securing GET /api/locations
2026-05-07 17:24:03 [http-nio-8081-exec-1] DEBUG o.s.security.web.FilterChainProxy - Secured GET /api/locations
2026-05-07 17:24:03 [http-nio-8081-exec-5] DEBUG o.s.security.web.FilterChainProxy - Securing GET /api/locations
2026-05-07 17:24:03 [http-nio-8081-exec-5] DEBUG o.s.security.web.FilterChainProxy - Secured GET /api/locations
2026-05-07 17:24:05 [http-nio-8081-exec-3] DEBUG o.s.security.web.FilterChainProxy - Securing GET /api/v1/posts/getAll
2026-05-07 17:24:05 [http-nio-8081-exec-3] DEBUG o.s.security.web.FilterChainProxy - Secured GET /api/v1/posts/getAll
2026-05-07 17:24:05 [http-nio-8081-exec-10] DEBUG o.s.security.web.FilterChainProxy - Securing GET /api/v1/posts/getAll
2026-05-07 17:24:05 [http-nio-8081-exec-10] DEBUG o.s.security.web.FilterChainProxy - Secured GET /api/v1/posts/getAll
2026-05-07 17:24:12 [http-nio-8081-exec-2] DEBUG o.s.security.web.FilterChainProxy - Securing GET /api/locations
2026-05-07 17:24:12 [http-nio-8081-exec-2] DEBUG o.s.security.web.FilterChainProxy - Secured GET /api/locations
2026-05-07 17:24:12 [http-nio-8081-exec-6] DEBUG o.s.security.web.FilterChainProxy - Securing GET /api/locations
2026-05-07 17:24:12 [http-nio-8081-exec-6] DEBUG o.s.security.web.FilterChainProxy - Secured GET /api/locations
2026-05-07 17:24:13 [http-nio-8081-exec-7] DEBUG o.s.security.web.FilterChainProxy - Securing OPTIONS /api/locations/7a362581-f0df-43d4-b7c7-074bde1b7c3d
2026-05-07 17:24:13 [http-nio-8081-exec-9] DEBUG o.s.security.web.FilterChainProxy - Securing GET /api/v1/posts/getAll
2026-05-07 17:24:13 [http-nio-8081-exec-8] DEBUG o.s.security.web.FilterChainProxy - Securing OPTIONS /api/locations/7a362581-f0df-43d4-b7c7-074bde1b7c3d
2026-05-07 17:24:13 [http-nio-8081-exec-9] DEBUG o.s.security.web.FilterChainProxy - Secured GET /api/v1/posts/getAll
2026-05-07 17:24:13 [http-nio-8081-exec-4] DEBUG o.s.security.web.FilterChainProxy - Securing GET /api/locations/7a362581-f0df-43d4-b7c7-074bde1b7c3d
2026-05-07 17:24:13 [http-nio-8081-exec-4] DEBUG o.s.security.web.FilterChainProxy - Secured GET /api/locations/7a362581-f0df-43d4-b7c7-074bde1b7c3d
2026-05-07 17:24:13 [http-nio-8081-exec-1] DEBUG o.s.security.web.FilterChainProxy - Securing GET /api/locations/7a362581-f0df-43d4-b7c7-074bde1b7c3d
2026-05-07 17:24:13 [http-nio-8081-exec-1] DEBUG o.s.security.web.FilterChainProxy - Secured GET /api/locations/7a362581-f0df-43d4-b7c7-074bde1b7c3d
2026-05-07 17:24:13 [http-nio-8081-exec-5] DEBUG o.s.security.web.FilterChainProxy - Securing GET /api/v1/posts/getAll
2026-05-07 17:24:13 [http-nio-8081-exec-5] DEBUG o.s.security.web.FilterChainProxy - Secured GET /api/v1/posts/getAll
2026-05-07 17:24:13 [http-nio-8081-exec-3] DEBUG o.s.security.web.FilterChainProxy - Securing GET /api/v1/notifications/unread-count
2026-05-07 17:24:13 [http-nio-8081-exec-3] DEBUG o.s.security.web.FilterChainProxy - Secured GET /api/v1/notifications/unread-count
2026-05-07 17:24:13 [http-nio-8081-exec-3] DEBUG o.s.s.a.m.AuthorizationManagerBeforeMethodInterceptor - Authorizing method invocation ReflectiveMethodInvocation: public java.lang.Long com.example.backend.controller.NotificationController.getUnreadCount(java.lang.String); target is of class [com.example.backend.controller.NotificationController]
2026-05-07 17:24:13 [http-nio-8081-exec-3] DEBUG o.s.s.a.m.AuthorizationManagerBeforeMethodInterceptor - Authorized method invocation ReflectiveMethodInvocation: public java.lang.Long com.example.backend.controller.NotificationController.getUnreadCount(java.lang.String); target is of class [com.example.backend.controller.NotificationController]
2026-05-07 17:24:16 [http-nio-8081-exec-10] DEBUG o.s.security.web.FilterChainProxy - Securing OPTIONS /api/v1/posts/1a31afa4-7e4b-4801-9e2d-e37dc45ca555/like?userId=cb202a3a-1d25-42ea-9eee-67c7c85b9ef1
2026-05-07 17:24:16 [http-nio-8081-exec-2] DEBUG o.s.security.web.FilterChainProxy - Securing POST /api/v1/posts/1a31afa4-7e4b-4801-9e2d-e37dc45ca555/like?userId=cb202a3a-1d25-42ea-9eee-67c7c85b9ef1
2026-05-07 17:24:16 [http-nio-8081-exec-2] DEBUG o.s.security.web.FilterChainProxy - Secured POST /api/v1/posts/1a31afa4-7e4b-4801-9e2d-e37dc45ca555/like?userId=cb202a3a-1d25-42ea-9eee-67c7c85b9ef1
2026-05-07 17:24:18 [http-nio-8081-exec-6] DEBUG o.s.security.web.FilterChainProxy - Securing GET /api/v1/notifications/unread-count
2026-05-07 17:24:18 [http-nio-8081-exec-6] DEBUG o.s.security.web.FilterChainProxy - Secured GET /api/v1/notifications/unread-count
2026-05-07 17:24:18 [http-nio-8081-exec-6] DEBUG o.s.s.a.m.AuthorizationManagerBeforeMethodInterceptor - Authorizing method invocation ReflectiveMethodInvocation: public java.lang.Long com.example.backend.controller.NotificationController.getUnreadCount(java.lang.String); target is of class [com.example.backend.controller.NotificationController]
2026-05-07 17:24:18 [http-nio-8081-exec-6] DEBUG o.s.s.a.m.AuthorizationManagerBeforeMethodInterceptor - Authorized method invocation ReflectiveMethodInvocation: public java.lang.Long com.example.backend.controller.NotificationController.getUnreadCount(java.lang.String); target is of class [com.example.backend.controller.NotificationController]
2026-05-07 17:24:22 [http-nio-8081-exec-7] DEBUG o.s.security.web.FilterChainProxy - Securing GET /api/v1/notifications
2026-05-07 17:24:22 [http-nio-8081-exec-7] DEBUG o.s.security.web.FilterChainProxy - Secured GET /api/v1/notifications
2026-05-07 17:24:22 [http-nio-8081-exec-7] DEBUG o.s.s.a.m.AuthorizationManagerBeforeMethodInterceptor - Authorizing method invocation ReflectiveMethodInvocation: public org.springframework.data.domain.Page com.example.backend.controller.NotificationController.getMyNotifications(java.lang.String,int,int); target is of class [com.example.backend.controller.NotificationController]
2026-05-07 17:24:22 [http-nio-8081-exec-7] DEBUG o.s.s.a.m.AuthorizationManagerBeforeMethodInterceptor - Authorized method invocation ReflectiveMethodInvocation: public org.springframework.data.domain.Page com.example.backend.controller.NotificationController.getMyNotifications(java.lang.String,int,int); target is of class [com.example.backend.controller.NotificationController]
2026-05-07 17:24:22 [http-nio-8081-exec-7] DEBUG o.s.security.web.FilterChainProxy - Securing GET /api/v1/notifications
2026-05-07 17:24:22 [http-nio-8081-exec-7] DEBUG o.s.security.web.FilterChainProxy - Secured GET /api/v1/notifications
2026-05-07 17:24:22 [http-nio-8081-exec-7] DEBUG o.s.s.a.m.AuthorizationManagerBeforeMethodInterceptor - Authorizing method invocation ReflectiveMethodInvocation: public org.springframework.data.domain.Page com.example.backend.controller.NotificationController.getMyNotifications(java.lang.String,int,int); target is of class [com.example.backend.controller.NotificationController]
2026-05-07 17:24:22 [http-nio-8081-exec-7] DEBUG o.s.s.a.m.AuthorizationManagerBeforeMethodInterceptor - Authorized method invocation ReflectiveMethodInvocation: public org.springframework.data.domain.Page com.example.backend.controller.NotificationController.getMyNotifications(java.lang.String,int,int); target is of class [com.example.backend.controller.NotificationController]
2026-05-07 17:24:28 [http-nio-8081-exec-4] DEBUG o.s.security.web.FilterChainProxy - Securing GET /api/v1/notifications/unread-count
2026-05-07 17:24:28 [http-nio-8081-exec-4] DEBUG o.s.security.web.FilterChainProxy - Secured GET /api/v1/notifications/unread-count
2026-05-07 17:24:28 [http-nio-8081-exec-4] DEBUG o.s.s.a.m.AuthorizationManagerBeforeMethodInterceptor - Authorizing method invocation ReflectiveMethodInvocation: public java.lang.Long com.example.backend.controller.NotificationController.getUnreadCount(java.lang.String); target is of class [com.example.backend.controller.NotificationController]
2026-05-07 17:24:28 [http-nio-8081-exec-4] DEBUG o.s.s.a.m.AuthorizationManagerBeforeMethodInterceptor - Authorized method invocation ReflectiveMethodInvocation: public java.lang.Long com.example.backend.controller.NotificationController.getUnreadCount(java.lang.String); target is of class [com.example.backend.controller.NotificationController]
2026-05-07 17:24:33 [http-nio-8081-exec-1] DEBUG o.s.security.web.FilterChainProxy - Securing GET /api/v1/notifications/unread-count
2026-05-07 17:24:33 [http-nio-8081-exec-1] DEBUG o.s.security.web.FilterChainProxy - Secured GET /api/v1/notifications/unread-count
2026-05-07 17:24:33 [http-nio-8081-exec-1] DEBUG o.s.s.a.m.AuthorizationManagerBeforeMethodInterceptor - Authorizing method invocation ReflectiveMethodInvocation: public java.lang.Long com.example.backend.controller.NotificationController.getUnreadCount(java.lang.String); target is of class [com.example.backend.controller.NotificationController]
2026-05-07 17:24:33 [http-nio-8081-exec-1] DEBUG o.s.s.a.m.AuthorizationManagerBeforeMethodInterceptor - Authorized method invocation ReflectiveMethodInvocation: public java.lang.Long com.example.backend.controller.NotificationController.getUnreadCount(java.lang.String); target is of class [com.example.backend.controller.NotificationController]
2026-05-07 17:24:43 [http-nio-8081-exec-5] DEBUG o.s.security.web.FilterChainProxy - Securing GET /users/me
2026-05-07 17:24:43 [http-nio-8081-exec-9] DEBUG o.s.security.web.FilterChainProxy - Securing GET /api/v1/notifications
2026-05-07 17:24:43 [http-nio-8081-exec-5] DEBUG o.s.security.web.FilterChainProxy - Secured GET /users/me
2026-05-07 17:24:43 [http-nio-8081-exec-9] DEBUG o.s.security.web.FilterChainProxy - Secured GET /api/v1/notifications
2026-05-07 17:24:43 [http-nio-8081-exec-9] DEBUG o.s.s.a.m.AuthorizationManagerBeforeMethodInterceptor - Authorizing method invocation ReflectiveMethodInvocation: public org.springframework.data.domain.Page com.example.backend.controller.NotificationController.getMyNotifications(java.lang.String,int,int); target is of class [com.example.backend.controller.NotificationController]
2026-05-07 17:24:43 [http-nio-8081-exec-9] DEBUG o.s.s.a.m.AuthorizationManagerBeforeMethodInterceptor - Authorized method invocation ReflectiveMethodInvocation: public org.springframework.data.domain.Page com.example.backend.controller.NotificationController.getMyNotifications(java.lang.String,int,int); target is of class [com.example.backend.controller.NotificationController]
2026-05-07 17:24:43 [http-nio-8081-exec-3] DEBUG o.s.security.web.FilterChainProxy - Securing GET /api/v1/notifications/unread-count
2026-05-07 17:24:43 [http-nio-8081-exec-3] DEBUG o.s.security.web.FilterChainProxy - Secured GET /api/v1/notifications/unread-count
2026-05-07 17:24:43 [http-nio-8081-exec-3] DEBUG o.s.s.a.m.AuthorizationManagerBeforeMethodInterceptor - Authorizing method invocation ReflectiveMethodInvocation: public java.lang.Long com.example.backend.controller.NotificationController.getUnreadCount(java.lang.String); target is of class [com.example.backend.controller.NotificationController]
2026-05-07 17:24:43 [http-nio-8081-exec-3] DEBUG o.s.s.a.m.AuthorizationManagerBeforeMethodInterceptor - Authorized method invocation ReflectiveMethodInvocation: public java.lang.Long com.example.backend.controller.NotificationController.getUnreadCount(java.lang.String); target is of class [com.example.backend.controller.NotificationController]
2026-05-07 17:24:43 [http-nio-8081-exec-10] DEBUG o.s.security.web.FilterChainProxy - Securing GET /api/v1/notifications/unread-count
2026-05-07 17:24:43 [http-nio-8081-exec-10] DEBUG o.s.security.web.FilterChainProxy - Secured GET /api/v1/notifications/unread-count
2026-05-07 17:24:43 [http-nio-8081-exec-10] DEBUG o.s.s.a.m.AuthorizationManagerBeforeMethodInterceptor - Authorizing method invocation ReflectiveMethodInvocation: public java.lang.Long com.example.backend.controller.NotificationController.getUnreadCount(java.lang.String); target is of class [com.example.backend.controller.NotificationController]
2026-05-07 17:24:43 [http-nio-8081-exec-10] DEBUG o.s.s.a.m.AuthorizationManagerBeforeMethodInterceptor - Authorized method invocation ReflectiveMethodInvocation: public java.lang.Long com.example.backend.controller.NotificationController.getUnreadCount(java.lang.String); target is of class [com.example.backend.controller.NotificationController]
2026-05-07 17:24:48 [http-nio-8081-exec-2] DEBUG o.s.security.web.FilterChainProxy - Securing GET /api/locations/7a362581-f0df-43d4-b7c7-074bde1b7c3d
2026-05-07 17:24:48 [http-nio-8081-exec-6] DEBUG o.s.security.web.FilterChainProxy - Securing GET /api/v1/posts/getAll
2026-05-07 17:24:48 [http-nio-8081-exec-8] DEBUG o.s.security.web.FilterChainProxy - Securing GET /users/me
2026-05-07 17:24:48 [http-nio-8081-exec-6] DEBUG o.s.security.web.FilterChainProxy - Secured GET /api/v1/posts/getAll
2026-05-07 17:24:48 [http-nio-8081-exec-8] DEBUG o.s.security.web.FilterChainProxy - Secured GET /users/me
2026-05-07 17:24:48 [http-nio-8081-exec-2] DEBUG o.s.security.web.FilterChainProxy - Secured GET /api/locations/7a362581-f0df-43d4-b7c7-074bde1b7c3d
2026-05-07 17:24:49 [http-nio-8081-exec-7] DEBUG o.s.security.web.FilterChainProxy - Securing GET /api/v1/notifications/unread-count
2026-05-07 17:24:49 [http-nio-8081-exec-7] DEBUG o.s.security.web.FilterChainProxy - Secured GET /api/v1/notifications/unread-count
2026-05-07 17:24:49 [http-nio-8081-exec-7] DEBUG o.s.s.a.m.AuthorizationManagerBeforeMethodInterceptor - Authorizing method invocation ReflectiveMethodInvocation: public java.lang.Long com.example.backend.controller.NotificationController.getUnreadCount(java.lang.String); target is of class [com.example.backend.controller.NotificationController]
2026-05-07 17:24:49 [http-nio-8081-exec-7] DEBUG o.s.s.a.m.AuthorizationManagerBeforeMethodInterceptor - Authorized method invocation ReflectiveMethodInvocation: public java.lang.Long com.example.backend.controller.NotificationController.getUnreadCount(java.lang.String); target is of class [com.example.backend.controller.NotificationController]
2026-05-07 17:24:50 [http-nio-8081-exec-4] DEBUG o.s.security.web.FilterChainProxy - Securing GET /api/v1/notifications
2026-05-07 17:24:50 [http-nio-8081-exec-4] DEBUG o.s.security.web.FilterChainProxy - Secured GET /api/v1/notifications
2026-05-07 17:24:50 [http-nio-8081-exec-4] DEBUG o.s.s.a.m.AuthorizationManagerBeforeMethodInterceptor - Authorizing method invocation ReflectiveMethodInvocation: public org.springframework.data.domain.Page com.example.backend.controller.NotificationController.getMyNotifications(java.lang.String,int,int); target is of class [com.example.backend.controller.NotificationController]
2026-05-07 17:24:50 [http-nio-8081-exec-4] DEBUG o.s.s.a.m.AuthorizationManagerBeforeMethodInterceptor - Authorized method invocation ReflectiveMethodInvocation: public org.springframework.data.domain.Page com.example.backend.controller.NotificationController.getMyNotifications(java.lang.String,int,int); target is of class [com.example.backend.controller.NotificationController]
2026-05-07 17:24:50 [http-nio-8081-exec-1] DEBUG o.s.security.web.FilterChainProxy - Securing GET /api/v1/notifications
2026-05-07 17:24:50 [http-nio-8081-exec-1] DEBUG o.s.security.web.FilterChainProxy - Secured GET /api/v1/notifications
2026-05-07 17:24:50 [http-nio-8081-exec-1] DEBUG o.s.s.a.m.AuthorizationManagerBeforeMethodInterceptor - Authorizing method invocation ReflectiveMethodInvocation: public org.springframework.data.domain.Page com.example.backend.controller.NotificationController.getMyNotifications(java.lang.String,int,int); target is of class [com.example.backend.controller.NotificationController]
2026-05-07 17:24:50 [http-nio-8081-exec-1] DEBUG o.s.s.a.m.AuthorizationManagerBeforeMethodInterceptor - Authorized method invocation ReflectiveMethodInvocation: public org.springframework.data.domain.Page com.example.backend.controller.NotificationController.getMyNotifications(java.lang.String,int,int); target is of class [com.example.backend.controller.NotificationController]
2026-05-07 17:24:52 [http-nio-8081-exec-5] DEBUG o.s.security.web.FilterChainProxy - Securing GET /api/locations
2026-05-07 17:24:52 [http-nio-8081-exec-5] DEBUG o.s.security.web.FilterChainProxy - Secured GET /api/locations
2026-05-07 17:24:52 [http-nio-8081-exec-9] DEBUG o.s.security.web.FilterChainProxy - Securing GET /api/locations
2026-05-07 17:24:52 [http-nio-8081-exec-9] DEBUG o.s.security.web.FilterChainProxy - Secured GET /api/locations
2026-05-07 17:24:53 [http-nio-8081-exec-3] DEBUG o.s.security.web.FilterChainProxy - Securing GET /api/locations/7a362581-f0df-43d4-b7c7-074bde1b7c3d
2026-05-07 17:24:53 [http-nio-8081-exec-10] DEBUG o.s.security.web.FilterChainProxy - Securing GET /api/v1/posts/getAll
2026-05-07 17:24:53 [http-nio-8081-exec-3] DEBUG o.s.security.web.FilterChainProxy - Secured GET /api/locations/7a362581-f0df-43d4-b7c7-074bde1b7c3d
2026-05-07 17:24:53 [http-nio-8081-exec-10] DEBUG o.s.security.web.FilterChainProxy - Secured GET /api/v1/posts/getAll
2026-05-07 17:24:53 [http-nio-8081-exec-8] DEBUG o.s.security.web.FilterChainProxy - Securing GET /api/locations/7a362581-f0df-43d4-b7c7-074bde1b7c3d
2026-05-07 17:24:53 [http-nio-8081-exec-8] DEBUG o.s.security.web.FilterChainProxy - Secured GET /api/locations/7a362581-f0df-43d4-b7c7-074bde1b7c3d
2026-05-07 17:24:53 [http-nio-8081-exec-2] DEBUG o.s.security.web.FilterChainProxy - Securing GET /api/v1/posts/getAll
2026-05-07 17:24:53 [http-nio-8081-exec-2] DEBUG o.s.security.web.FilterChainProxy - Secured GET /api/v1/posts/getAll
2026-05-07 17:24:55 [http-nio-8081-exec-7] DEBUG o.s.security.web.FilterChainProxy - Securing POST /api/v1/posts/1a31afa4-7e4b-4801-9e2d-e37dc45ca555/like?userId=cb202a3a-1d25-42ea-9eee-67c7c85b9ef1
2026-05-07 17:24:55 [http-nio-8081-exec-7] DEBUG o.s.security.web.FilterChainProxy - Secured POST /api/v1/posts/1a31afa4-7e4b-4801-9e2d-e37dc45ca555/like?userId=cb202a3a-1d25-42ea-9eee-67c7c85b9ef1
2026-05-07 17:24:56 [http-nio-8081-exec-6] DEBUG o.s.security.web.FilterChainProxy - Securing POST /api/v1/posts/1a31afa4-7e4b-4801-9e2d-e37dc45ca555/like?userId=cb202a3a-1d25-42ea-9eee-67c7c85b9ef1
2026-05-07 17:24:56 [http-nio-8081-exec-6] DEBUG o.s.security.web.FilterChainProxy - Secured POST /api/v1/posts/1a31afa4-7e4b-4801-9e2d-e37dc45ca555/like?userId=cb202a3a-1d25-42ea-9eee-67c7c85b9ef1
2026-05-07 17:24:58 [http-nio-8081-exec-4] DEBUG o.s.security.web.FilterChainProxy - Securing GET /api/v1/notifications/unread-count
2026-05-07 17:24:58 [http-nio-8081-exec-4] DEBUG o.s.security.web.FilterChainProxy - Secured GET /api/v1/notifications/unread-count
2026-05-07 17:24:58 [http-nio-8081-exec-4] DEBUG o.s.s.a.m.AuthorizationManagerBeforeMethodInterceptor - Authorizing method invocation ReflectiveMethodInvocation: public java.lang.Long com.example.backend.controller.NotificationController.getUnreadCount(java.lang.String); target is of class [com.example.backend.controller.NotificationController]
2026-05-07 17:24:58 [http-nio-8081-exec-4] DEBUG o.s.s.a.m.AuthorizationManagerBeforeMethodInterceptor - Authorized method invocation ReflectiveMethodInvocation: public java.lang.Long com.example.backend.controller.NotificationController.getUnreadCount(java.lang.String); target is of class [com.example.backend.controller.NotificationController]
2026-05-07 17:25:01 [http-nio-8081-exec-1] DEBUG o.s.security.web.FilterChainProxy - Securing GET /api/locations
2026-05-07 17:25:01 [http-nio-8081-exec-1] DEBUG o.s.security.web.FilterChainProxy - Secured GET /api/locations
2026-05-07 17:25:01 [http-nio-8081-exec-5] DEBUG o.s.security.web.FilterChainProxy - Securing GET /api/locations
2026-05-07 17:25:01 [http-nio-8081-exec-5] DEBUG o.s.security.web.FilterChainProxy - Secured GET /api/locations
2026-05-07 17:25:02 [http-nio-8081-exec-9] DEBUG o.s.security.web.FilterChainProxy - Securing GET /api/v1/notifications
2026-05-07 17:25:02 [http-nio-8081-exec-9] DEBUG o.s.security.web.FilterChainProxy - Secured GET /api/v1/notifications
2026-05-07 17:25:02 [http-nio-8081-exec-9] DEBUG o.s.s.a.m.AuthorizationManagerBeforeMethodInterceptor - Authorizing method invocation ReflectiveMethodInvocation: public org.springframework.data.domain.Page com.example.backend.controller.NotificationController.getMyNotifications(java.lang.String,int,int); target is of class [com.example.backend.controller.NotificationController]
2026-05-07 17:25:02 [http-nio-8081-exec-9] DEBUG o.s.s.a.m.AuthorizationManagerBeforeMethodInterceptor - Authorized method invocation ReflectiveMethodInvocation: public org.springframework.data.domain.Page com.example.backend.controller.NotificationController.getMyNotifications(java.lang.String,int,int); target is of class [com.example.backend.controller.NotificationController]
2026-05-07 17:25:02 [http-nio-8081-exec-3] DEBUG o.s.security.web.FilterChainProxy - Securing GET /api/v1/notifications
2026-05-07 17:25:02 [http-nio-8081-exec-3] DEBUG o.s.security.web.FilterChainProxy - Secured GET /api/v1/notifications
2026-05-07 17:25:02 [http-nio-8081-exec-3] DEBUG o.s.s.a.m.AuthorizationManagerBeforeMethodInterceptor - Authorizing method invocation ReflectiveMethodInvocation: public org.springframework.data.domain.Page com.example.backend.controller.NotificationController.getMyNotifications(java.lang.String,int,int); target is of class [com.example.backend.controller.NotificationController]
2026-05-07 17:25:02 [http-nio-8081-exec-3] DEBUG o.s.s.a.m.AuthorizationManagerBeforeMethodInterceptor - Authorized method invocation ReflectiveMethodInvocation: public org.springframework.data.domain.Page com.example.backend.controller.NotificationController.getMyNotifications(java.lang.String,int,int); target is of class [com.example.backend.controller.NotificationController]
2026-05-07 17:25:04 [http-nio-8081-exec-8] DEBUG o.s.security.web.FilterChainProxy - Securing GET /api/v1/notifications/unread-count
2026-05-07 17:25:04 [http-nio-8081-exec-8] DEBUG o.s.security.web.FilterChainProxy - Secured GET /api/v1/notifications/unread-count
2026-05-07 17:25:04 [http-nio-8081-exec-8] DEBUG o.s.s.a.m.AuthorizationManagerBeforeMethodInterceptor - Authorizing method invocation ReflectiveMethodInvocation: public java.lang.Long com.example.backend.controller.NotificationController.getUnreadCount(java.lang.String); target is of class [com.example.backend.controller.NotificationController]
2026-05-07 17:25:04 [http-nio-8081-exec-8] DEBUG o.s.s.a.m.AuthorizationManagerBeforeMethodInterceptor - Authorized method invocation ReflectiveMethodInvocation: public java.lang.Long com.example.backend.controller.NotificationController.getUnreadCount(java.lang.String); target is of class [com.example.backend.controller.NotificationController]
2026-05-07 17:25:13 [http-nio-8081-exec-10] DEBUG o.s.security.web.FilterChainProxy - Securing GET /api/v1/notifications/unread-count
2026-05-07 17:25:13 [http-nio-8081-exec-10] DEBUG o.s.security.web.FilterChainProxy - Secured GET /api/v1/notifications/unread-count
2026-05-07 17:25:13 [http-nio-8081-exec-10] DEBUG o.s.s.a.m.AuthorizationManagerBeforeMethodInterceptor - Authorizing method invocation ReflectiveMethodInvocation: public java.lang.Long com.example.backend.controller.NotificationController.getUnreadCount(java.lang.String); target is of class [com.example.backend.controller.NotificationController]
2026-05-07 17:25:13 [http-nio-8081-exec-10] DEBUG o.s.s.a.m.AuthorizationManagerBeforeMethodInterceptor - Authorized method invocation ReflectiveMethodInvocation: public java.lang.Long com.example.backend.controller.NotificationController.getUnreadCount(java.lang.String); target is of class [com.example.backend.controller.NotificationController]
2026-05-07 17:25:19 [http-nio-8081-exec-2] DEBUG o.s.security.web.FilterChainProxy - Securing GET /api/v1/notifications/unread-count
2026-05-07 17:25:19 [http-nio-8081-exec-2] DEBUG o.s.security.web.FilterChainProxy - Secured GET /api/v1/notifications/unread-count
2026-05-07 17:25:19 [http-nio-8081-exec-2] DEBUG o.s.s.a.m.AuthorizationManagerBeforeMethodInterceptor - Authorizing method invocation ReflectiveMethodInvocation: public java.lang.Long com.example.backend.controller.NotificationController.getUnreadCount(java.lang.String); target is of class [com.example.backend.controller.NotificationController]
2026-05-07 17:25:19 [http-nio-8081-exec-2] DEBUG o.s.s.a.m.AuthorizationManagerBeforeMethodInterceptor - Authorized method invocation ReflectiveMethodInvocation: public java.lang.Long com.example.backend.controller.NotificationController.getUnreadCount(java.lang.String); target is of class [com.example.backend.controller.NotificationController]
2026-05-07 17:25:28 [http-nio-8081-exec-7] DEBUG o.s.security.web.FilterChainProxy - Securing GET /api/v1/notifications/unread-count
2026-05-07 17:25:28 [http-nio-8081-exec-7] DEBUG o.s.security.web.FilterChainProxy - Secured GET /api/v1/notifications/unread-count
2026-05-07 17:25:28 [http-nio-8081-exec-7] DEBUG o.s.s.a.m.AuthorizationManagerBeforeMethodInterceptor - Authorizing method invocation ReflectiveMethodInvocation: public java.lang.Long com.example.backend.controller.NotificationController.getUnreadCount(java.lang.String); target is of class [com.example.backend.controller.NotificationController]
2026-05-07 17:25:28 [http-nio-8081-exec-7] DEBUG o.s.s.a.m.AuthorizationManagerBeforeMethodInterceptor - Authorized method invocation ReflectiveMethodInvocation: public java.lang.Long com.example.backend.controller.NotificationController.getUnreadCount(java.lang.String); target is of class [com.example.backend.controller.NotificationController]
2026-05-07 17:25:34 [http-nio-8081-exec-6] DEBUG o.s.security.web.FilterChainProxy - Securing GET /api/v1/notifications/unread-count
2026-05-07 17:25:34 [http-nio-8081-exec-6] DEBUG o.s.security.web.FilterChainProxy - Secured GET /api/v1/notifications/unread-count
2026-05-07 17:25:34 [http-nio-8081-exec-6] DEBUG o.s.s.a.m.AuthorizationManagerBeforeMethodInterceptor - Authorizing method invocation ReflectiveMethodInvocation: public java.lang.Long com.example.backend.controller.NotificationController.getUnreadCount(java.lang.String); target is of class [com.example.backend.controller.NotificationController]
2026-05-07 17:25:34 [http-nio-8081-exec-6] DEBUG o.s.s.a.m.AuthorizationManagerBeforeMethodInterceptor - Authorized method invocation ReflectiveMethodInvocation: public java.lang.Long com.example.backend.controller.NotificationController.getUnreadCount(java.lang.String); target is of class [com.example.backend.controller.NotificationController]
2026-05-07 17:25:43 [http-nio-8081-exec-4] DEBUG o.s.security.web.FilterChainProxy - Securing GET /api/v1/notifications/unread-count
2026-05-07 17:25:43 [http-nio-8081-exec-4] DEBUG o.s.security.web.FilterChainProxy - Secured GET /api/v1/notifications/unread-count
2026-05-07 17:25:43 [http-nio-8081-exec-4] DEBUG o.s.s.a.m.AuthorizationManagerBeforeMethodInterceptor - Authorizing method invocation ReflectiveMethodInvocation: public java.lang.Long com.example.backend.controller.NotificationController.getUnreadCount(java.lang.String); target is of class [com.example.backend.controller.NotificationController]
2026-05-07 17:25:43 [http-nio-8081-exec-4] DEBUG o.s.s.a.m.AuthorizationManagerBeforeMethodInterceptor - Authorized method invocation ReflectiveMethodInvocation: public java.lang.Long com.example.backend.controller.NotificationController.getUnreadCount(java.lang.String); target is of class [com.example.backend.controller.NotificationController]
2026-05-07 17:25:49 [http-nio-8081-exec-1] DEBUG o.s.security.web.FilterChainProxy - Securing GET /api/v1/notifications/unread-count
2026-05-07 17:25:49 [http-nio-8081-exec-1] DEBUG o.s.security.web.FilterChainProxy - Secured GET /api/v1/notifications/unread-count
2026-05-07 17:25:49 [http-nio-8081-exec-1] DEBUG o.s.s.a.m.AuthorizationManagerBeforeMethodInterceptor - Authorizing method invocation ReflectiveMethodInvocation: public java.lang.Long com.example.backend.controller.NotificationController.getUnreadCount(java.lang.String); target is of class [com.example.backend.controller.NotificationController]
2026-05-07 17:25:49 [http-nio-8081-exec-1] DEBUG o.s.s.a.m.AuthorizationManagerBeforeMethodInterceptor - Authorized method invocation ReflectiveMethodInvocation: public java.lang.Long com.example.backend.controller.NotificationController.getUnreadCount(java.lang.String); target is of class [com.example.backend.controller.NotificationController]
2026-05-07 17:25:57 [http-nio-8081-exec-3] DEBUG o.s.security.web.FilterChainProxy - Securing POST /api/v1/posts/1a31afa4-7e4b-4801-9e2d-e37dc45ca555/like?userId=cb202a3a-1d25-42ea-9eee-67c7c85b9ef1
2026-05-07 17:25:57 [http-nio-8081-exec-3] DEBUG o.s.security.web.FilterChainProxy - Secured POST /api/v1/posts/1a31afa4-7e4b-4801-9e2d-e37dc45ca555/like?userId=cb202a3a-1d25-42ea-9eee-67c7c85b9ef1
2026-05-07 17:25:58 [http-nio-8081-exec-8] DEBUG o.s.security.web.FilterChainProxy - Securing GET /api/v1/notifications/unread-count
2026-05-07 17:25:58 [http-nio-8081-exec-8] DEBUG o.s.security.web.FilterChainProxy - Secured GET /api/v1/notifications/unread-count
2026-05-07 17:25:58 [http-nio-8081-exec-8] DEBUG o.s.s.a.m.AuthorizationManagerBeforeMethodInterceptor - Authorizing method invocation ReflectiveMethodInvocation: public java.lang.Long com.example.backend.controller.NotificationController.getUnreadCount(java.lang.String); target is of class [com.example.backend.controller.NotificationController]
2026-05-07 17:25:58 [http-nio-8081-exec-8] DEBUG o.s.s.a.m.AuthorizationManagerBeforeMethodInterceptor - Authorized method invocation ReflectiveMethodInvocation: public java.lang.Long com.example.backend.controller.NotificationController.getUnreadCount(java.lang.String); target is of class [com.example.backend.controller.NotificationController]
2026-05-07 17:26:04 [http-nio-8081-exec-2] DEBUG o.s.security.web.FilterChainProxy - Securing GET /api/v1/notifications/unread-count
2026-05-07 17:26:04 [http-nio-8081-exec-2] DEBUG o.s.security.web.FilterChainProxy - Secured GET /api/v1/notifications/unread-count
2026-05-07 17:26:04 [http-nio-8081-exec-2] DEBUG o.s.s.a.m.AuthorizationManagerBeforeMethodInterceptor - Authorizing method invocation ReflectiveMethodInvocation: public java.lang.Long com.example.backend.controller.NotificationController.getUnreadCount(java.lang.String); target is of class [com.example.backend.controller.NotificationController]
2026-05-07 17:26:04 [http-nio-8081-exec-2] DEBUG o.s.s.a.m.AuthorizationManagerBeforeMethodInterceptor - Authorized method invocation ReflectiveMethodInvocation: public java.lang.Long com.example.backend.controller.NotificationController.getUnreadCount(java.lang.String); target is of class [com.example.backend.controller.NotificationController]
2026-05-07 17:26:13 [http-nio-8081-exec-7] DEBUG o.s.security.web.FilterChainProxy - Securing GET /api/v1/notifications/unread-count
2026-05-07 17:26:13 [http-nio-8081-exec-7] DEBUG o.s.security.web.FilterChainProxy - Secured GET /api/v1/notifications/unread-count
2026-05-07 17:26:13 [http-nio-8081-exec-7] DEBUG o.s.s.a.m.AuthorizationManagerBeforeMethodInterceptor - Authorizing method invocation ReflectiveMethodInvocation: public java.lang.Long com.example.backend.controller.NotificationController.getUnreadCount(java.lang.String); target is of class [com.example.backend.controller.NotificationController]
2026-05-07 17:26:13 [http-nio-8081-exec-7] DEBUG o.s.s.a.m.AuthorizationManagerBeforeMethodInterceptor - Authorized method invocation ReflectiveMethodInvocation: public java.lang.Long com.example.backend.controller.NotificationController.getUnreadCount(java.lang.String); target is of class [com.example.backend.controller.NotificationController]
2026-05-07 17:26:19 [http-nio-8081-exec-6] DEBUG o.s.security.web.FilterChainProxy - Securing GET /api/v1/notifications/unread-count
2026-05-07 17:26:19 [http-nio-8081-exec-6] DEBUG o.s.security.web.FilterChainProxy - Secured GET /api/v1/notifications/unread-count
2026-05-07 17:26:19 [http-nio-8081-exec-6] DEBUG o.s.s.a.m.AuthorizationManagerBeforeMethodInterceptor - Authorizing method invocation ReflectiveMethodInvocation: public java.lang.Long com.example.backend.controller.NotificationController.getUnreadCount(java.lang.String); target is of class [com.example.backend.controller.NotificationController]
2026-05-07 17:26:19 [http-nio-8081-exec-6] DEBUG o.s.s.a.m.AuthorizationManagerBeforeMethodInterceptor - Authorized method invocation ReflectiveMethodInvocation: public java.lang.Long com.example.backend.controller.NotificationController.getUnreadCount(java.lang.String); target is of class [com.example.backend.controller.NotificationController]
2026-05-07 17:26:28 [http-nio-8081-exec-4] DEBUG o.s.security.web.FilterChainProxy - Securing GET /api/v1/notifications/unread-count
2026-05-07 17:26:28 [http-nio-8081-exec-4] DEBUG o.s.security.web.FilterChainProxy - Secured GET /api/v1/notifications/unread-count
2026-05-07 17:26:28 [http-nio-8081-exec-4] DEBUG o.s.s.a.m.AuthorizationManagerBeforeMethodInterceptor - Authorizing method invocation ReflectiveMethodInvocation: public java.lang.Long com.example.backend.controller.NotificationController.getUnreadCount(java.lang.String); target is of class [com.example.backend.controller.NotificationController]
2026-05-07 17:26:28 [http-nio-8081-exec-4] DEBUG o.s.s.a.m.AuthorizationManagerBeforeMethodInterceptor - Authorized method invocation ReflectiveMethodInvocation: public java.lang.Long com.example.backend.controller.NotificationController.getUnreadCount(java.lang.String); target is of class [com.example.backend.controller.NotificationController]
2026-05-07 17:26:34 [http-nio-8081-exec-1] DEBUG o.s.security.web.FilterChainProxy - Securing GET /api/v1/notifications/unread-count
2026-05-07 17:26:34 [http-nio-8081-exec-1] DEBUG o.s.security.web.FilterChainProxy - Secured GET /api/v1/notifications/unread-count
2026-05-07 17:26:34 [http-nio-8081-exec-1] DEBUG o.s.s.a.m.AuthorizationManagerBeforeMethodInterceptor - Authorizing method invocation ReflectiveMethodInvocation: public java.lang.Long com.example.backend.controller.NotificationController.getUnreadCount(java.lang.String); target is of class [com.example.backend.controller.NotificationController]
2026-05-07 17:26:34 [http-nio-8081-exec-1] DEBUG o.s.s.a.m.AuthorizationManagerBeforeMethodInterceptor - Authorized method invocation ReflectiveMethodInvocation: public java.lang.Long com.example.backend.controller.NotificationController.getUnreadCount(java.lang.String); target is of class [com.example.backend.controller.NotificationController]
2026-05-07 17:26:43 [http-nio-8081-exec-5] DEBUG o.s.security.web.FilterChainProxy - Securing GET /api/v1/notifications/unread-count
2026-05-07 17:26:43 [http-nio-8081-exec-5] DEBUG o.s.security.web.FilterChainProxy - Secured GET /api/v1/notifications/unread-count
2026-05-07 17:26:43 [http-nio-8081-exec-5] DEBUG o.s.s.a.m.AuthorizationManagerBeforeMethodInterceptor - Authorizing method invocation ReflectiveMethodInvocation: public java.lang.Long com.example.backend.controller.NotificationController.getUnreadCount(java.lang.String); target is of class [com.example.backend.controller.NotificationController]
2026-05-07 17:26:43 [http-nio-8081-exec-5] DEBUG o.s.s.a.m.AuthorizationManagerBeforeMethodInterceptor - Authorized method invocation ReflectiveMethodInvocation: public java.lang.Long com.example.backend.controller.NotificationController.getUnreadCount(java.lang.String); target is of class [com.example.backend.controller.NotificationController]
2026-05-07 17:26:49 [http-nio-8081-exec-9] DEBUG o.s.security.web.FilterChainProxy - Securing GET /api/v1/notifications/unread-count
2026-05-07 17:26:49 [http-nio-8081-exec-9] DEBUG o.s.security.web.FilterChainProxy - Secured GET /api/v1/notifications/unread-count
2026-05-07 17:26:49 [http-nio-8081-exec-9] DEBUG o.s.s.a.m.AuthorizationManagerBeforeMethodInterceptor - Authorizing method invocation ReflectiveMethodInvocation: public java.lang.Long com.example.backend.controller.NotificationController.getUnreadCount(java.lang.String); target is of class [com.example.backend.controller.NotificationController]
2026-05-07 17:26:49 [http-nio-8081-exec-9] DEBUG o.s.s.a.m.AuthorizationManagerBeforeMethodInterceptor - Authorized method invocation ReflectiveMethodInvocation: public java.lang.Long com.example.backend.controller.NotificationController.getUnreadCount(java.lang.String); target is of class [com.example.backend.controller.NotificationController]
2026-05-07 17:27:04 [http-nio-8081-exec-3] DEBUG o.s.security.web.FilterChainProxy - Securing GET /api/v1/notifications/unread-count
2026-05-07 17:27:04 [http-nio-8081-exec-3] DEBUG o.s.security.web.FilterChainProxy - Secured GET /api/v1/notifications/unread-count
2026-05-07 17:27:04 [http-nio-8081-exec-3] DEBUG o.s.s.a.m.AuthorizationManagerBeforeMethodInterceptor - Authorizing method invocation ReflectiveMethodInvocation: public java.lang.Long com.example.backend.controller.NotificationController.getUnreadCount(java.lang.String); target is of class [com.example.backend.controller.NotificationController]
2026-05-07 17:27:04 [http-nio-8081-exec-3] DEBUG o.s.s.a.m.AuthorizationManagerBeforeMethodInterceptor - Authorized method invocation ReflectiveMethodInvocation: public java.lang.Long com.example.backend.controller.NotificationController.getUnreadCount(java.lang.String); target is of class [com.example.backend.controller.NotificationController]
2026-05-07 17:27:30 [http-nio-8081-exec-8] DEBUG o.s.security.web.FilterChainProxy - Securing GET /api/v1/notifications/unread-count
2026-05-07 17:27:30 [http-nio-8081-exec-10] DEBUG o.s.security.web.FilterChainProxy - Securing GET /api/v1/notifications/unread-count
2026-05-07 17:27:30 [http-nio-8081-exec-10] DEBUG o.s.security.web.FilterChainProxy - Secured GET /api/v1/notifications/unread-count
2026-05-07 17:27:30 [http-nio-8081-exec-8] DEBUG o.s.security.web.FilterChainProxy - Secured GET /api/v1/notifications/unread-count
2026-05-07 17:27:30 [http-nio-8081-exec-8] DEBUG o.s.s.a.m.AuthorizationManagerBeforeMethodInterceptor - Authorizing method invocation ReflectiveMethodInvocation: public java.lang.Long com.example.backend.controller.NotificationController.getUnreadCount(java.lang.String); target is of class [com.example.backend.controller.NotificationController]
2026-05-07 17:27:30 [http-nio-8081-exec-10] DEBUG o.s.s.a.m.AuthorizationManagerBeforeMethodInterceptor - Authorizing method invocation ReflectiveMethodInvocation: public java.lang.Long com.example.backend.controller.NotificationController.getUnreadCount(java.lang.String); target is of class [com.example.backend.controller.NotificationController]
2026-05-07 17:27:30 [http-nio-8081-exec-8] DEBUG o.s.s.a.m.AuthorizationManagerBeforeMethodInterceptor - Authorized method invocation ReflectiveMethodInvocation: public java.lang.Long com.example.backend.controller.NotificationController.getUnreadCount(java.lang.String); target is of class [com.example.backend.controller.NotificationController]
2026-05-07 17:27:30 [http-nio-8081-exec-10] DEBUG o.s.s.a.m.AuthorizationManagerBeforeMethodInterceptor - Authorized method invocation ReflectiveMethodInvocation: public java.lang.Long com.example.backend.controller.NotificationController.getUnreadCount(java.lang.String); target is of class [com.example.backend.controller.NotificationController]
2026-05-07 17:27:57 [http-nio-8081-exec-7] DEBUG o.s.security.web.FilterChainProxy - Securing GET /api/v1/notifications/unread-count
2026-05-07 17:27:57 [http-nio-8081-exec-2] DEBUG o.s.security.web.FilterChainProxy - Securing GET /api/v1/notifications/unread-count
2026-05-07 17:27:57 [http-nio-8081-exec-2] DEBUG o.s.security.web.FilterChainProxy - Secured GET /api/v1/notifications/unread-count
2026-05-07 17:27:57 [http-nio-8081-exec-7] DEBUG o.s.security.web.FilterChainProxy - Secured GET /api/v1/notifications/unread-count
2026-05-07 17:27:57 [http-nio-8081-exec-2] DEBUG o.s.s.a.m.AuthorizationManagerBeforeMethodInterceptor - Authorizing method invocation ReflectiveMethodInvocation: public java.lang.Long com.example.backend.controller.NotificationController.getUnreadCount(java.lang.String); target is of class [com.example.backend.controller.NotificationController]
2026-05-07 17:27:57 [http-nio-8081-exec-7] DEBUG o.s.s.a.m.AuthorizationManagerBeforeMethodInterceptor - Authorizing method invocation ReflectiveMethodInvocation: public java.lang.Long com.example.backend.controller.NotificationController.getUnreadCount(java.lang.String); target is of class [com.example.backend.controller.NotificationController]
2026-05-07 17:27:57 [http-nio-8081-exec-7] DEBUG o.s.s.a.m.AuthorizationManagerBeforeMethodInterceptor - Authorized method invocation ReflectiveMethodInvocation: public java.lang.Long com.example.backend.controller.NotificationController.getUnreadCount(java.lang.String); target is of class [com.example.backend.controller.NotificationController]
2026-05-07 17:27:57 [http-nio-8081-exec-2] DEBUG o.s.s.a.m.AuthorizationManagerBeforeMethodInterceptor - Authorized method invocation ReflectiveMethodInvocation: public java.lang.Long com.example.backend.controller.NotificationController.getUnreadCount(java.lang.String); target is of class [com.example.backend.controller.NotificationController]
2026-05-07 17:28:13 [http-nio-8081-exec-6] DEBUG o.s.security.web.FilterChainProxy - Securing OPTIONS /api/locations
2026-05-07 17:28:13 [http-nio-8081-exec-4] DEBUG o.s.security.web.FilterChainProxy - Securing OPTIONS /users/me
2026-05-07 17:28:13 [http-nio-8081-exec-1] DEBUG o.s.security.web.FilterChainProxy - Securing GET /api/locations
2026-05-07 17:28:13 [http-nio-8081-exec-5] DEBUG o.s.security.web.FilterChainProxy - Securing GET /users/me
2026-05-07 17:28:13 [http-nio-8081-exec-1] DEBUG o.s.security.web.FilterChainProxy - Secured GET /api/locations
2026-05-07 17:28:13 [http-nio-8081-exec-5] DEBUG o.s.security.web.FilterChainProxy - Secured GET /users/me
2026-05-07 17:28:13 [http-nio-8081-exec-9] DEBUG o.s.security.web.FilterChainProxy - Securing OPTIONS /api/v1/notifications/unread-count
2026-05-07 17:28:13 [http-nio-8081-exec-3] DEBUG o.s.security.web.FilterChainProxy - Securing GET /api/v1/notifications/unread-count
2026-05-07 17:28:13 [http-nio-8081-exec-3] DEBUG o.s.security.web.FilterChainProxy - Secured GET /api/v1/notifications/unread-count
2026-05-07 17:28:13 [http-nio-8081-exec-3] DEBUG o.s.s.a.m.AuthorizationManagerBeforeMethodInterceptor - Authorizing method invocation ReflectiveMethodInvocation: public java.lang.Long com.example.backend.controller.NotificationController.getUnreadCount(java.lang.String); target is of class [com.example.backend.controller.NotificationController]
2026-05-07 17:28:13 [http-nio-8081-exec-3] DEBUG o.s.s.a.m.AuthorizationManagerBeforeMethodInterceptor - Authorized method invocation ReflectiveMethodInvocation: public java.lang.Long com.example.backend.controller.NotificationController.getUnreadCount(java.lang.String); target is of class [com.example.backend.controller.NotificationController]
2026-05-07 17:28:14 [http-nio-8081-exec-10] DEBUG o.s.security.web.FilterChainProxy - Securing GET /api/v1/posts/getAll
2026-05-07 17:28:14 [http-nio-8081-exec-7] DEBUG o.s.security.web.FilterChainProxy - Securing GET /users/me
2026-05-07 17:28:14 [http-nio-8081-exec-8] DEBUG o.s.security.web.FilterChainProxy - Securing GET /api/locations/7a362581-f0df-43d4-b7c7-074bde1b7c3d
2026-05-07 17:28:14 [http-nio-8081-exec-7] DEBUG o.s.security.web.FilterChainProxy - Secured GET /users/me
2026-05-07 17:28:14 [http-nio-8081-exec-8] DEBUG o.s.security.web.FilterChainProxy - Secured GET /api/locations/7a362581-f0df-43d4-b7c7-074bde1b7c3d
2026-05-07 17:28:14 [http-nio-8081-exec-10] DEBUG o.s.security.web.FilterChainProxy - Secured GET /api/v1/posts/getAll
2026-05-07 17:28:14 [http-nio-8081-exec-2] DEBUG o.s.security.web.FilterChainProxy - Securing GET /api/v1/notifications/unread-count
2026-05-07 17:28:14 [http-nio-8081-exec-2] DEBUG o.s.security.web.FilterChainProxy - Secured GET /api/v1/notifications/unread-count
2026-05-07 17:28:14 [http-nio-8081-exec-2] DEBUG o.s.s.a.m.AuthorizationManagerBeforeMethodInterceptor - Authorizing method invocation ReflectiveMethodInvocation: public java.lang.Long com.example.backend.controller.NotificationController.getUnreadCount(java.lang.String); target is of class [com.example.backend.controller.NotificationController]
2026-05-07 17:28:14 [http-nio-8081-exec-2] DEBUG o.s.s.a.m.AuthorizationManagerBeforeMethodInterceptor - Authorized method invocation ReflectiveMethodInvocation: public java.lang.Long com.example.backend.controller.NotificationController.getUnreadCount(java.lang.String); target is of class [com.example.backend.controller.NotificationController]
2026-05-07 17:28:22 [http-nio-8081-exec-6] DEBUG o.s.security.web.FilterChainProxy - Securing GET /users/me
2026-05-07 17:28:22 [http-nio-8081-exec-6] DEBUG o.s.security.web.FilterChainProxy - Secured GET /users/me
2026-05-07 17:28:29 [http-nio-8081-exec-4] DEBUG o.s.security.web.FilterChainProxy - Securing GET /api/v1/notifications/unread-count
2026-05-07 17:28:29 [http-nio-8081-exec-4] DEBUG o.s.security.web.FilterChainProxy - Secured GET /api/v1/notifications/unread-count
2026-05-07 17:28:29 [http-nio-8081-exec-4] DEBUG o.s.s.a.m.AuthorizationManagerBeforeMethodInterceptor - Authorizing method invocation ReflectiveMethodInvocation: public java.lang.Long com.example.backend.controller.NotificationController.getUnreadCount(java.lang.String); target is of class [com.example.backend.controller.NotificationController]
2026-05-07 17:28:29 [http-nio-8081-exec-4] DEBUG o.s.s.a.m.AuthorizationManagerBeforeMethodInterceptor - Authorized method invocation ReflectiveMethodInvocation: public java.lang.Long com.example.backend.controller.NotificationController.getUnreadCount(java.lang.String); target is of class [com.example.backend.controller.NotificationController]
2026-05-07 17:28:44 [http-nio-8081-exec-5] DEBUG o.s.security.web.FilterChainProxy - Securing GET /api/v1/notifications/unread-count
2026-05-07 17:28:44 [http-nio-8081-exec-5] DEBUG o.s.security.web.FilterChainProxy - Secured GET /api/v1/notifications/unread-count
2026-05-07 17:28:44 [http-nio-8081-exec-5] DEBUG o.s.s.a.m.AuthorizationManagerBeforeMethodInterceptor - Authorizing method invocation ReflectiveMethodInvocation: public java.lang.Long com.example.backend.controller.NotificationController.getUnreadCount(java.lang.String); target is of class [com.example.backend.controller.NotificationController]
2026-05-07 17:28:44 [http-nio-8081-exec-5] DEBUG o.s.s.a.m.AuthorizationManagerBeforeMethodInterceptor - Authorized method invocation ReflectiveMethodInvocation: public java.lang.Long com.example.backend.controller.NotificationController.getUnreadCount(java.lang.String); target is of class [com.example.backend.controller.NotificationController]
2026-05-07 17:28:45 [http-nio-8081-exec-9] DEBUG o.s.security.web.FilterChainProxy - Securing OPTIONS /auth/login
2026-05-07 17:28:45 [http-nio-8081-exec-3] DEBUG o.s.security.web.FilterChainProxy - Securing POST /auth/login
2026-05-07 17:28:45 [http-nio-8081-exec-3] DEBUG o.s.security.web.FilterChainProxy - Secured POST /auth/login
2026-05-07 17:28:45 [http-nio-8081-exec-1] DEBUG o.s.security.web.FilterChainProxy - Securing GET /users/me
2026-05-07 17:28:45 [http-nio-8081-exec-1] DEBUG o.s.security.web.FilterChainProxy - Secured GET /users/me
2026-05-07 17:28:46 [http-nio-8081-exec-7] DEBUG o.s.security.web.FilterChainProxy - Securing GET /api/v1/notifications/unread-count
2026-05-07 17:28:46 [http-nio-8081-exec-7] DEBUG o.s.security.web.FilterChainProxy - Secured GET /api/v1/notifications/unread-count
2026-05-07 17:28:46 [http-nio-8081-exec-7] DEBUG o.s.s.a.m.AuthorizationManagerBeforeMethodInterceptor - Authorizing method invocation ReflectiveMethodInvocation: public java.lang.Long com.example.backend.controller.NotificationController.getUnreadCount(java.lang.String); target is of class [com.example.backend.controller.NotificationController]
2026-05-07 17:28:46 [http-nio-8081-exec-7] DEBUG o.s.s.a.m.AuthorizationManagerBeforeMethodInterceptor - Authorized method invocation ReflectiveMethodInvocation: public java.lang.Long com.example.backend.controller.NotificationController.getUnreadCount(java.lang.String); target is of class [com.example.backend.controller.NotificationController]
2026-05-07 17:28:46 [http-nio-8081-exec-8] DEBUG o.s.security.web.FilterChainProxy - Securing GET /api/locations
2026-05-07 17:28:46 [http-nio-8081-exec-8] DEBUG o.s.security.web.FilterChainProxy - Secured GET /api/locations
2026-05-07 17:28:46 [http-nio-8081-exec-2] DEBUG o.s.security.web.FilterChainProxy - Securing GET /api/v1/notifications/unread-count
2026-05-07 17:28:46 [http-nio-8081-exec-2] DEBUG o.s.security.web.FilterChainProxy - Secured GET /api/v1/notifications/unread-count
2026-05-07 17:28:46 [http-nio-8081-exec-2] DEBUG o.s.s.a.m.AuthorizationManagerBeforeMethodInterceptor - Authorizing method invocation ReflectiveMethodInvocation: public java.lang.Long com.example.backend.controller.NotificationController.getUnreadCount(java.lang.String); target is of class [com.example.backend.controller.NotificationController]
2026-05-07 17:28:46 [http-nio-8081-exec-2] DEBUG o.s.s.a.m.AuthorizationManagerBeforeMethodInterceptor - Authorized method invocation ReflectiveMethodInvocation: public java.lang.Long com.example.backend.controller.NotificationController.getUnreadCount(java.lang.String); target is of class [com.example.backend.controller.NotificationController]
2026-05-07 17:28:46 [http-nio-8081-exec-10] DEBUG o.s.security.web.FilterChainProxy - Securing GET /api/locations
2026-05-07 17:28:46 [http-nio-8081-exec-10] DEBUG o.s.security.web.FilterChainProxy - Secured GET /api/locations
2026-05-07 17:28:59 [http-nio-8081-exec-4] DEBUG o.s.security.web.FilterChainProxy - Securing OPTIONS /api/v1/notifications
2026-05-07 17:28:59 [http-nio-8081-exec-5] DEBUG o.s.security.web.FilterChainProxy - Securing GET /api/v1/notifications
2026-05-07 17:28:59 [http-nio-8081-exec-5] DEBUG o.s.security.web.FilterChainProxy - Secured GET /api/v1/notifications
2026-05-07 17:28:59 [http-nio-8081-exec-5] DEBUG o.s.s.a.m.AuthorizationManagerBeforeMethodInterceptor - Authorizing method invocation ReflectiveMethodInvocation: public org.springframework.data.domain.Page com.example.backend.controller.NotificationController.getMyNotifications(java.lang.String,int,int); target is of class [com.example.backend.controller.NotificationController]
2026-05-07 17:28:59 [http-nio-8081-exec-5] DEBUG o.s.s.a.m.AuthorizationManagerBeforeMethodInterceptor - Authorized method invocation ReflectiveMethodInvocation: public org.springframework.data.domain.Page com.example.backend.controller.NotificationController.getMyNotifications(java.lang.String,int,int); target is of class [com.example.backend.controller.NotificationController]
2026-05-07 17:28:59 [http-nio-8081-exec-9] DEBUG o.s.security.web.FilterChainProxy - Securing GET /api/v1/notifications
2026-05-07 17:28:59 [http-nio-8081-exec-9] DEBUG o.s.security.web.FilterChainProxy - Secured GET /api/v1/notifications
2026-05-07 17:28:59 [http-nio-8081-exec-9] DEBUG o.s.s.a.m.AuthorizationManagerBeforeMethodInterceptor - Authorizing method invocation ReflectiveMethodInvocation: public org.springframework.data.domain.Page com.example.backend.controller.NotificationController.getMyNotifications(java.lang.String,int,int); target is of class [com.example.backend.controller.NotificationController]
2026-05-07 17:28:59 [http-nio-8081-exec-9] DEBUG o.s.s.a.m.AuthorizationManagerBeforeMethodInterceptor - Authorized method invocation ReflectiveMethodInvocation: public org.springframework.data.domain.Page com.example.backend.controller.NotificationController.getMyNotifications(java.lang.String,int,int); target is of class [com.example.backend.controller.NotificationController]
2026-05-07 17:28:59 [http-nio-8081-exec-3] DEBUG o.s.security.web.FilterChainProxy - Securing GET /api/v1/notifications/unread-count
2026-05-07 17:28:59 [http-nio-8081-exec-3] DEBUG o.s.security.web.FilterChainProxy - Secured GET /api/v1/notifications/unread-count
2026-05-07 17:28:59 [http-nio-8081-exec-3] DEBUG o.s.s.a.m.AuthorizationManagerBeforeMethodInterceptor - Authorizing method invocation ReflectiveMethodInvocation: public java.lang.Long com.example.backend.controller.NotificationController.getUnreadCount(java.lang.String); target is of class [com.example.backend.controller.NotificationController]
2026-05-07 17:28:59 [http-nio-8081-exec-3] DEBUG o.s.s.a.m.AuthorizationManagerBeforeMethodInterceptor - Authorized method invocation ReflectiveMethodInvocation: public java.lang.Long com.example.backend.controller.NotificationController.getUnreadCount(java.lang.String); target is of class [com.example.backend.controller.NotificationController]
2026-05-07 17:29:01 [http-nio-8081-exec-1] DEBUG o.s.security.web.FilterChainProxy - Securing GET /api/v1/notifications/unread-count
2026-05-07 17:29:01 [http-nio-8081-exec-1] DEBUG o.s.security.web.FilterChainProxy - Secured GET /api/v1/notifications/unread-count
2026-05-07 17:29:01 [http-nio-8081-exec-1] DEBUG o.s.s.a.m.AuthorizationManagerBeforeMethodInterceptor - Authorizing method invocation ReflectiveMethodInvocation: public java.lang.Long com.example.backend.controller.NotificationController.getUnreadCount(java.lang.String); target is of class [com.example.backend.controller.NotificationController]
2026-05-07 17:29:01 [http-nio-8081-exec-1] DEBUG o.s.s.a.m.AuthorizationManagerBeforeMethodInterceptor - Authorized method invocation ReflectiveMethodInvocation: public java.lang.Long com.example.backend.controller.NotificationController.getUnreadCount(java.lang.String); target is of class [com.example.backend.controller.NotificationController]
2026-05-07 17:29:09 [http-nio-8081-exec-7] DEBUG o.s.security.web.FilterChainProxy - Securing OPTIONS /api/locations/9c647745-7d29-4ea8-990d-5c2392e276db
2026-05-07 17:29:09 [http-nio-8081-exec-2] DEBUG o.s.security.web.FilterChainProxy - Securing OPTIONS /api/v1/posts/getAll
2026-05-07 17:29:09 [http-nio-8081-exec-8] DEBUG o.s.security.web.FilterChainProxy - Securing GET /api/locations/9c647745-7d29-4ea8-990d-5c2392e276db
2026-05-07 17:29:09 [http-nio-8081-exec-10] DEBUG o.s.security.web.FilterChainProxy - Securing GET /api/v1/posts/getAll
2026-05-07 17:29:09 [http-nio-8081-exec-8] DEBUG o.s.security.web.FilterChainProxy - Secured GET /api/locations/9c647745-7d29-4ea8-990d-5c2392e276db
2026-05-07 17:29:09 [http-nio-8081-exec-10] DEBUG o.s.security.web.FilterChainProxy - Secured GET /api/v1/posts/getAll
2026-05-07 17:29:09 [http-nio-8081-exec-6] DEBUG o.s.security.web.FilterChainProxy - Securing GET /users/me
2026-05-07 17:29:09 [http-nio-8081-exec-6] DEBUG o.s.security.web.FilterChainProxy - Secured GET /users/me
2026-05-07 17:29:09 [http-nio-8081-exec-4] DEBUG o.s.security.web.FilterChainProxy - Securing GET /api/v1/notifications/unread-count
2026-05-07 17:29:09 [http-nio-8081-exec-4] DEBUG o.s.security.web.FilterChainProxy - Secured GET /api/v1/notifications/unread-count
2026-05-07 17:29:09 [http-nio-8081-exec-4] DEBUG o.s.s.a.m.AuthorizationManagerBeforeMethodInterceptor - Authorizing method invocation ReflectiveMethodInvocation: public java.lang.Long com.example.backend.controller.NotificationController.getUnreadCount(java.lang.String); target is of class [com.example.backend.controller.NotificationController]
2026-05-07 17:29:09 [http-nio-8081-exec-4] DEBUG o.s.s.a.m.AuthorizationManagerBeforeMethodInterceptor - Authorized method invocation ReflectiveMethodInvocation: public java.lang.Long com.example.backend.controller.NotificationController.getUnreadCount(java.lang.String); target is of class [com.example.backend.controller.NotificationController]
2026-05-07 17:29:14 [http-nio-8081-exec-5] DEBUG o.s.security.web.FilterChainProxy - Securing GET /api/v1/notifications/unread-count
2026-05-07 17:29:14 [http-nio-8081-exec-5] DEBUG o.s.security.web.FilterChainProxy - Secured GET /api/v1/notifications/unread-count
2026-05-07 17:29:14 [http-nio-8081-exec-5] DEBUG o.s.s.a.m.AuthorizationManagerBeforeMethodInterceptor - Authorizing method invocation ReflectiveMethodInvocation: public java.lang.Long com.example.backend.controller.NotificationController.getUnreadCount(java.lang.String); target is of class [com.example.backend.controller.NotificationController]
2026-05-07 17:29:14 [http-nio-8081-exec-5] DEBUG o.s.s.a.m.AuthorizationManagerBeforeMethodInterceptor - Authorized method invocation ReflectiveMethodInvocation: public java.lang.Long com.example.backend.controller.NotificationController.getUnreadCount(java.lang.String); target is of class [com.example.backend.controller.NotificationController]
2026-05-07 17:29:24 [http-nio-8081-exec-6] DEBUG o.s.security.web.FilterChainProxy - Securing GET /api/v1/notifications/unread-count
2026-05-07 17:29:24 [http-nio-8081-exec-6] DEBUG o.s.security.web.FilterChainProxy - Secured GET /api/v1/notifications/unread-count
2026-05-07 17:29:24 [http-nio-8081-exec-6] DEBUG o.s.s.a.m.AuthorizationManagerBeforeMethodInterceptor - Authorizing method invocation ReflectiveMethodInvocation: public java.lang.Long com.example.backend.controller.NotificationController.getUnreadCount(java.lang.String); target is of class [com.example.backend.controller.NotificationController]
2026-05-07 17:29:24 [http-nio-8081-exec-6] DEBUG o.s.s.a.m.AuthorizationManagerBeforeMethodInterceptor - Authorized method invocation ReflectiveMethodInvocation: public java.lang.Long com.example.backend.controller.NotificationController.getUnreadCount(java.lang.String); target is of class [com.example.backend.controller.NotificationController]
2026-05-07 17:29:29 [http-nio-8081-exec-4] DEBUG o.s.security.web.FilterChainProxy - Securing OPTIONS /api/v1/posts/08050bbb-abd0-4294-ac5d-9f2d58c7540d?viewerId=cb202a3a-1d25-42ea-9eee-67c7c85b9ef1
2026-05-07 17:29:29 [http-nio-8081-exec-10] DEBUG o.s.security.web.FilterChainProxy - Securing GET /api/v1/posts/08050bbb-abd0-4294-ac5d-9f2d58c7540d?viewerId=cb202a3a-1d25-42ea-9eee-67c7c85b9ef1
2026-05-07 17:29:29 [http-nio-8081-exec-10] DEBUG o.s.security.web.FilterChainProxy - Secured GET /api/v1/posts/08050bbb-abd0-4294-ac5d-9f2d58c7540d?viewerId=cb202a3a-1d25-42ea-9eee-67c7c85b9ef1
2026-05-07 17:29:29 [http-nio-8081-exec-5] DEBUG o.s.security.web.FilterChainProxy - Securing GET /api/v1/notifications/unread-count
2026-05-07 17:29:29 [http-nio-8081-exec-5] DEBUG o.s.security.web.FilterChainProxy - Secured GET /api/v1/notifications/unread-count
2026-05-07 17:29:29 [http-nio-8081-exec-5] DEBUG o.s.s.a.m.AuthorizationManagerBeforeMethodInterceptor - Authorizing method invocation ReflectiveMethodInvocation: public java.lang.Long com.example.backend.controller.NotificationController.getUnreadCount(java.lang.String); target is of class [com.example.backend.controller.NotificationController]
2026-05-07 17:29:29 [http-nio-8081-exec-5] DEBUG o.s.s.a.m.AuthorizationManagerBeforeMethodInterceptor - Authorized method invocation ReflectiveMethodInvocation: public java.lang.Long com.example.backend.controller.NotificationController.getUnreadCount(java.lang.String); target is of class [com.example.backend.controller.NotificationController]
2026-05-07 17:29:29 [http-nio-8081-exec-3] DEBUG o.s.security.web.FilterChainProxy - Securing GET /api/v1/posts/08050bbb-abd0-4294-ac5d-9f2d58c7540d?viewerId=cb202a3a-1d25-42ea-9eee-67c7c85b9ef1
2026-05-07 17:29:29 [http-nio-8081-exec-3] DEBUG o.s.security.web.FilterChainProxy - Secured GET /api/v1/posts/08050bbb-abd0-4294-ac5d-9f2d58c7540d?viewerId=cb202a3a-1d25-42ea-9eee-67c7c85b9ef1
2026-05-07 17:29:30 [http-nio-8081-exec-9] DEBUG o.s.security.web.FilterChainProxy - Securing OPTIONS /api/v1/comments/post/08050bbb-abd0-4294-ac5d-9f2d58c7540d
2026-05-07 17:29:30 [http-nio-8081-exec-2] DEBUG o.s.security.web.FilterChainProxy - Securing GET /api/v1/comments/post/08050bbb-abd0-4294-ac5d-9f2d58c7540d
2026-05-07 17:29:30 [http-nio-8081-exec-2] DEBUG o.s.security.web.FilterChainProxy - Secured GET /api/v1/comments/post/08050bbb-abd0-4294-ac5d-9f2d58c7540d
2026-05-07 17:29:30 [http-nio-8081-exec-7] DEBUG o.s.security.web.FilterChainProxy - Securing GET /api/v1/comments/post/08050bbb-abd0-4294-ac5d-9f2d58c7540d
2026-05-07 17:29:30 [http-nio-8081-exec-7] DEBUG o.s.security.web.FilterChainProxy - Secured GET /api/v1/comments/post/08050bbb-abd0-4294-ac5d-9f2d58c7540d
2026-05-07 17:29:39 [http-nio-8081-exec-1] DEBUG o.s.security.web.FilterChainProxy - Securing GET /api/v1/notifications/unread-count
2026-05-07 17:29:39 [http-nio-8081-exec-1] DEBUG o.s.security.web.FilterChainProxy - Secured GET /api/v1/notifications/unread-count
2026-05-07 17:29:39 [http-nio-8081-exec-1] DEBUG o.s.s.a.m.AuthorizationManagerBeforeMethodInterceptor - Authorizing method invocation ReflectiveMethodInvocation: public java.lang.Long com.example.backend.controller.NotificationController.getUnreadCount(java.lang.String); target is of class [com.example.backend.controller.NotificationController]
2026-05-07 17:29:39 [http-nio-8081-exec-1] DEBUG o.s.s.a.m.AuthorizationManagerBeforeMethodInterceptor - Authorized method invocation ReflectiveMethodInvocation: public java.lang.Long com.example.backend.controller.NotificationController.getUnreadCount(java.lang.String); target is of class [com.example.backend.controller.NotificationController]
2026-05-07 17:29:39 [http-nio-8081-exec-6] DEBUG o.s.security.web.FilterChainProxy - Securing GET /api/v1/comments/post/08050bbb-abd0-4294-ac5d-9f2d58c7540d
2026-05-07 17:29:39 [http-nio-8081-exec-6] DEBUG o.s.security.web.FilterChainProxy - Secured GET /api/v1/comments/post/08050bbb-abd0-4294-ac5d-9f2d58c7540d
2026-05-07 17:29:44 [http-nio-8081-exec-8] DEBUG o.s.security.web.FilterChainProxy - Securing GET /api/v1/notifications/unread-count
2026-05-07 17:29:44 [http-nio-8081-exec-8] DEBUG o.s.security.web.FilterChainProxy - Secured GET /api/v1/notifications/unread-count
2026-05-07 17:29:44 [http-nio-8081-exec-8] DEBUG o.s.s.a.m.AuthorizationManagerBeforeMethodInterceptor - Authorizing method invocation ReflectiveMethodInvocation: public java.lang.Long com.example.backend.controller.NotificationController.getUnreadCount(java.lang.String); target is of class [com.example.backend.controller.NotificationController]
2026-05-07 17:29:44 [http-nio-8081-exec-8] DEBUG o.s.s.a.m.AuthorizationManagerBeforeMethodInterceptor - Authorized method invocation ReflectiveMethodInvocation: public java.lang.Long com.example.backend.controller.NotificationController.getUnreadCount(java.lang.String); target is of class [com.example.backend.controller.NotificationController]
2026-05-07 17:29:49 [http-nio-8081-exec-4] DEBUG o.s.security.web.FilterChainProxy - Securing GET /api/v1/comments/post/08050bbb-abd0-4294-ac5d-9f2d58c7540d
2026-05-07 17:29:49 [http-nio-8081-exec-4] DEBUG o.s.security.web.FilterChainProxy - Secured GET /api/v1/comments/post/08050bbb-abd0-4294-ac5d-9f2d58c7540d
2026-05-07 17:29:54 [http-nio-8081-exec-5] DEBUG o.s.security.web.FilterChainProxy - Securing GET /api/v1/notifications/unread-count
2026-05-07 17:29:54 [http-nio-8081-exec-5] DEBUG o.s.security.web.FilterChainProxy - Secured GET /api/v1/notifications/unread-count
2026-05-07 17:29:54 [http-nio-8081-exec-5] DEBUG o.s.s.a.m.AuthorizationManagerBeforeMethodInterceptor - Authorizing method invocation ReflectiveMethodInvocation: public java.lang.Long com.example.backend.controller.NotificationController.getUnreadCount(java.lang.String); target is of class [com.example.backend.controller.NotificationController]
2026-05-07 17:29:54 [http-nio-8081-exec-5] DEBUG o.s.s.a.m.AuthorizationManagerBeforeMethodInterceptor - Authorized method invocation ReflectiveMethodInvocation: public java.lang.Long com.example.backend.controller.NotificationController.getUnreadCount(java.lang.String); target is of class [com.example.backend.controller.NotificationController]
2026-05-07 17:29:59 [http-nio-8081-exec-10] DEBUG o.s.security.web.FilterChainProxy - Securing GET /api/v1/comments/post/08050bbb-abd0-4294-ac5d-9f2d58c7540d
2026-05-07 17:29:59 [http-nio-8081-exec-10] DEBUG o.s.security.web.FilterChainProxy - Secured GET /api/v1/comments/post/08050bbb-abd0-4294-ac5d-9f2d58c7540d
2026-05-07 17:30:09 [http-nio-8081-exec-3] DEBUG o.s.security.web.FilterChainProxy - Securing GET /api/v1/notifications/unread-count
2026-05-07 17:30:09 [http-nio-8081-exec-3] DEBUG o.s.security.web.FilterChainProxy - Secured GET /api/v1/notifications/unread-count
2026-05-07 17:30:09 [http-nio-8081-exec-3] DEBUG o.s.s.a.m.AuthorizationManagerBeforeMethodInterceptor - Authorizing method invocation ReflectiveMethodInvocation: public java.lang.Long com.example.backend.controller.NotificationController.getUnreadCount(java.lang.String); target is of class [com.example.backend.controller.NotificationController]
2026-05-07 17:30:09 [http-nio-8081-exec-3] DEBUG o.s.s.a.m.AuthorizationManagerBeforeMethodInterceptor - Authorized method invocation ReflectiveMethodInvocation: public java.lang.Long com.example.backend.controller.NotificationController.getUnreadCount(java.lang.String); target is of class [com.example.backend.controller.NotificationController]
2026-05-07 17:30:09 [http-nio-8081-exec-9] DEBUG o.s.security.web.FilterChainProxy - Securing GET /api/v1/comments/post/08050bbb-abd0-4294-ac5d-9f2d58c7540d
2026-05-07 17:30:09 [http-nio-8081-exec-9] DEBUG o.s.security.web.FilterChainProxy - Secured GET /api/v1/comments/post/08050bbb-abd0-4294-ac5d-9f2d58c7540d
2026-05-07 17:30:19 [http-nio-8081-exec-2] DEBUG o.s.security.web.FilterChainProxy - Securing GET /api/v1/comments/post/08050bbb-abd0-4294-ac5d-9f2d58c7540d
2026-05-07 17:30:19 [http-nio-8081-exec-2] DEBUG o.s.security.web.FilterChainProxy - Secured GET /api/v1/comments/post/08050bbb-abd0-4294-ac5d-9f2d58c7540d
2026-05-07 17:30:24 [http-nio-8081-exec-7] DEBUG o.s.security.web.FilterChainProxy - Securing OPTIONS /api/v1/comments
2026-05-07 17:30:24 [http-nio-8081-exec-1] DEBUG o.s.security.web.FilterChainProxy - Securing POST /api/v1/comments
2026-05-07 17:30:24 [http-nio-8081-exec-1] DEBUG o.s.security.web.FilterChainProxy - Secured POST /api/v1/comments
2026-05-07 17:30:24 [http-nio-8081-exec-1] DEBUG o.s.s.a.m.AuthorizationManagerBeforeMethodInterceptor - Authorizing method invocation ReflectiveMethodInvocation: public com.example.backend.dto.response.CommentResponse com.example.backend.controller.CommentController.createComment(java.lang.String,com.example.backend.dto.request.CommentRequest); target is of class [com.example.backend.controller.CommentController]
2026-05-07 17:30:24 [http-nio-8081-exec-6] DEBUG o.s.security.web.FilterChainProxy - Securing GET /api/v1/notifications/unread-count
2026-05-07 17:30:24 [http-nio-8081-exec-6] DEBUG o.s.security.web.FilterChainProxy - Secured GET /api/v1/notifications/unread-count
2026-05-07 17:30:24 [http-nio-8081-exec-1] DEBUG o.s.s.a.m.AuthorizationManagerBeforeMethodInterceptor - Authorized method invocation ReflectiveMethodInvocation: public com.example.backend.dto.response.CommentResponse com.example.backend.controller.CommentController.createComment(java.lang.String,com.example.backend.dto.request.CommentRequest); target is of class [com.example.backend.controller.CommentController]
2026-05-07 17:30:24 [http-nio-8081-exec-6] DEBUG o.s.s.a.m.AuthorizationManagerBeforeMethodInterceptor - Authorizing method invocation ReflectiveMethodInvocation: public java.lang.Long com.example.backend.controller.NotificationController.getUnreadCount(java.lang.String); target is of class [com.example.backend.controller.NotificationController]
2026-05-07 17:30:24 [http-nio-8081-exec-6] DEBUG o.s.s.a.m.AuthorizationManagerBeforeMethodInterceptor - Authorized method invocation ReflectiveMethodInvocation: public java.lang.Long com.example.backend.controller.NotificationController.getUnreadCount(java.lang.String); target is of class [com.example.backend.controller.NotificationController]
2026-05-07 17:30:29 [http-nio-8081-exec-8] DEBUG o.s.security.web.FilterChainProxy - Securing GET /api/v1/comments/post/08050bbb-abd0-4294-ac5d-9f2d58c7540d
2026-05-07 17:30:29 [http-nio-8081-exec-8] DEBUG o.s.security.web.FilterChainProxy - Secured GET /api/v1/comments/post/08050bbb-abd0-4294-ac5d-9f2d58c7540d
2026-05-07 17:30:38 [http-nio-8081-exec-5] DEBUG o.s.security.web.FilterChainProxy - Securing OPTIONS /users/getall
2026-05-07 17:30:38 [http-nio-8081-exec-4] DEBUG o.s.security.web.FilterChainProxy - Securing OPTIONS /api/v1/posts/getAll?viewerId=cb202a3a-1d25-42ea-9eee-67c7c85b9ef1
2026-05-07 17:30:38 [http-nio-8081-exec-10] DEBUG o.s.security.web.FilterChainProxy - Securing OPTIONS /api/v1/tags
2026-05-07 17:30:38 [http-nio-8081-exec-3] DEBUG o.s.security.web.FilterChainProxy - Securing GET /api/v1/posts/getAll?viewerId=cb202a3a-1d25-42ea-9eee-67c7c85b9ef1
2026-05-07 17:30:38 [http-nio-8081-exec-2] DEBUG o.s.security.web.FilterChainProxy - Securing GET /api/v1/tags
2026-05-07 17:30:38 [http-nio-8081-exec-9] DEBUG o.s.security.web.FilterChainProxy - Securing GET /users/getall
2026-05-07 17:30:38 [http-nio-8081-exec-2] DEBUG o.s.security.web.FilterChainProxy - Secured GET /api/v1/tags
2026-05-07 17:30:38 [http-nio-8081-exec-9] DEBUG o.s.security.web.FilterChainProxy - Secured GET /users/getall
2026-05-07 17:30:38 [http-nio-8081-exec-3] DEBUG o.s.security.web.FilterChainProxy - Secured GET /api/v1/posts/getAll?viewerId=cb202a3a-1d25-42ea-9eee-67c7c85b9ef1
2026-05-07 17:30:38 [http-nio-8081-exec-7] DEBUG o.s.security.web.FilterChainProxy - Securing GET /users/getall
2026-05-07 17:30:38 [http-nio-8081-exec-7] DEBUG o.s.security.web.FilterChainProxy - Secured GET /users/getall
2026-05-07 17:30:38 [http-nio-8081-exec-6] DEBUG o.s.security.web.FilterChainProxy - Securing GET /api/v1/tags
2026-05-07 17:30:38 [http-nio-8081-exec-6] DEBUG o.s.security.web.FilterChainProxy - Secured GET /api/v1/tags
2026-05-07 17:30:38 [http-nio-8081-exec-1] DEBUG o.s.security.web.FilterChainProxy - Securing GET /api/v1/posts/getAll?viewerId=cb202a3a-1d25-42ea-9eee-67c7c85b9ef1
2026-05-07 17:30:38 [http-nio-8081-exec-1] DEBUG o.s.security.web.FilterChainProxy - Secured GET /api/v1/posts/getAll?viewerId=cb202a3a-1d25-42ea-9eee-67c7c85b9ef1
2026-05-07 17:30:39 [http-nio-8081-exec-8] DEBUG o.s.security.web.FilterChainProxy - Securing GET /api/v1/notifications/unread-count
2026-05-07 17:30:39 [http-nio-8081-exec-8] DEBUG o.s.security.web.FilterChainProxy - Secured GET /api/v1/notifications/unread-count
2026-05-07 17:30:39 [http-nio-8081-exec-8] DEBUG o.s.s.a.m.AuthorizationManagerBeforeMethodInterceptor - Authorizing method invocation ReflectiveMethodInvocation: public java.lang.Long com.example.backend.controller.NotificationController.getUnreadCount(java.lang.String); target is of class [com.example.backend.controller.NotificationController]
2026-05-07 17:30:39 [http-nio-8081-exec-8] DEBUG o.s.s.a.m.AuthorizationManagerBeforeMethodInterceptor - Authorized method invocation ReflectiveMethodInvocation: public java.lang.Long com.example.backend.controller.NotificationController.getUnreadCount(java.lang.String); target is of class [com.example.backend.controller.NotificationController]
2026-05-07 17:30:50 [http-nio-8081-exec-4] DEBUG o.s.security.web.FilterChainProxy - Securing OPTIONS /api/v1/posts/1a31afa4-7e4b-4801-9e2d-e37dc45ca555?viewerId=cb202a3a-1d25-42ea-9eee-67c7c85b9ef1
2026-05-07 17:30:50 [http-nio-8081-exec-10] DEBUG o.s.security.web.FilterChainProxy - Securing GET /api/v1/posts/1a31afa4-7e4b-4801-9e2d-e37dc45ca555?viewerId=cb202a3a-1d25-42ea-9eee-67c7c85b9ef1
2026-05-07 17:30:50 [http-nio-8081-exec-10] DEBUG o.s.security.web.FilterChainProxy - Secured GET /api/v1/posts/1a31afa4-7e4b-4801-9e2d-e37dc45ca555?viewerId=cb202a3a-1d25-42ea-9eee-67c7c85b9ef1
2026-05-07 17:30:50 [http-nio-8081-exec-9] DEBUG o.s.security.web.FilterChainProxy - Securing GET /api/v1/posts/1a31afa4-7e4b-4801-9e2d-e37dc45ca555?viewerId=cb202a3a-1d25-42ea-9eee-67c7c85b9ef1
2026-05-07 17:30:50 [http-nio-8081-exec-9] DEBUG o.s.security.web.FilterChainProxy - Secured GET /api/v1/posts/1a31afa4-7e4b-4801-9e2d-e37dc45ca555?viewerId=cb202a3a-1d25-42ea-9eee-67c7c85b9ef1
2026-05-07 17:30:50 [http-nio-8081-exec-2] DEBUG o.s.security.web.FilterChainProxy - Securing OPTIONS /api/v1/comments/post/1a31afa4-7e4b-4801-9e2d-e37dc45ca555
2026-05-07 17:30:50 [http-nio-8081-exec-7] DEBUG o.s.security.web.FilterChainProxy - Securing GET /api/v1/comments/post/1a31afa4-7e4b-4801-9e2d-e37dc45ca555
2026-05-07 17:30:50 [http-nio-8081-exec-7] DEBUG o.s.security.web.FilterChainProxy - Secured GET /api/v1/comments/post/1a31afa4-7e4b-4801-9e2d-e37dc45ca555
2026-05-07 17:30:50 [http-nio-8081-exec-6] DEBUG o.s.security.web.FilterChainProxy - Securing GET /api/v1/comments/post/1a31afa4-7e4b-4801-9e2d-e37dc45ca555
2026-05-07 17:30:50 [http-nio-8081-exec-6] DEBUG o.s.security.web.FilterChainProxy - Secured GET /api/v1/comments/post/1a31afa4-7e4b-4801-9e2d-e37dc45ca555
2026-05-07 17:30:54 [http-nio-8081-exec-3] DEBUG o.s.security.web.FilterChainProxy - Securing GET /api/v1/notifications/unread-count
2026-05-07 17:30:54 [http-nio-8081-exec-3] DEBUG o.s.security.web.FilterChainProxy - Secured GET /api/v1/notifications/unread-count
2026-05-07 17:30:54 [http-nio-8081-exec-3] DEBUG o.s.s.a.m.AuthorizationManagerBeforeMethodInterceptor - Authorizing method invocation ReflectiveMethodInvocation: public java.lang.Long com.example.backend.controller.NotificationController.getUnreadCount(java.lang.String); target is of class [com.example.backend.controller.NotificationController]
2026-05-07 17:30:54 [http-nio-8081-exec-3] DEBUG o.s.s.a.m.AuthorizationManagerBeforeMethodInterceptor - Authorized method invocation ReflectiveMethodInvocation: public java.lang.Long com.example.backend.controller.NotificationController.getUnreadCount(java.lang.String); target is of class [com.example.backend.controller.NotificationController]
2026-05-07 17:30:57 [http-nio-8081-exec-1] DEBUG o.s.security.web.FilterChainProxy - Securing GET /api/v1/notifications/unread-count
2026-05-07 17:30:57 [http-nio-8081-exec-1] DEBUG o.s.security.web.FilterChainProxy - Secured GET /api/v1/notifications/unread-count
2026-05-07 17:30:57 [http-nio-8081-exec-1] DEBUG o.s.s.a.m.AuthorizationManagerBeforeMethodInterceptor - Authorizing method invocation ReflectiveMethodInvocation: public java.lang.Long com.example.backend.controller.NotificationController.getUnreadCount(java.lang.String); target is of class [com.example.backend.controller.NotificationController]
2026-05-07 17:30:57 [http-nio-8081-exec-1] DEBUG o.s.s.a.m.AuthorizationManagerBeforeMethodInterceptor - Authorized method invocation ReflectiveMethodInvocation: public java.lang.Long com.example.backend.controller.NotificationController.getUnreadCount(java.lang.String); target is of class [com.example.backend.controller.NotificationController]
2026-05-07 17:31:00 [http-nio-8081-exec-8] DEBUG o.s.security.web.FilterChainProxy - Securing GET /api/v1/comments/post/1a31afa4-7e4b-4801-9e2d-e37dc45ca555
2026-05-07 17:31:00 [http-nio-8081-exec-8] DEBUG o.s.security.web.FilterChainProxy - Secured GET /api/v1/comments/post/1a31afa4-7e4b-4801-9e2d-e37dc45ca555
2026-05-07 17:31:09 [http-nio-8081-exec-5] DEBUG o.s.security.web.FilterChainProxy - Securing GET /api/v1/notifications/unread-count
2026-05-07 17:31:09 [http-nio-8081-exec-5] DEBUG o.s.security.web.FilterChainProxy - Secured GET /api/v1/notifications/unread-count
2026-05-07 17:31:09 [http-nio-8081-exec-5] DEBUG o.s.s.a.m.AuthorizationManagerBeforeMethodInterceptor - Authorizing method invocation ReflectiveMethodInvocation: public java.lang.Long com.example.backend.controller.NotificationController.getUnreadCount(java.lang.String); target is of class [com.example.backend.controller.NotificationController]
2026-05-07 17:31:09 [http-nio-8081-exec-5] DEBUG o.s.s.a.m.AuthorizationManagerBeforeMethodInterceptor - Authorized method invocation ReflectiveMethodInvocation: public java.lang.Long com.example.backend.controller.NotificationController.getUnreadCount(java.lang.String); target is of class [com.example.backend.controller.NotificationController]
2026-05-07 17:31:10 [http-nio-8081-exec-4] DEBUG o.s.security.web.FilterChainProxy - Securing GET /api/v1/comments/post/1a31afa4-7e4b-4801-9e2d-e37dc45ca555
2026-05-07 17:31:10 [http-nio-8081-exec-4] DEBUG o.s.security.web.FilterChainProxy - Secured GET /api/v1/comments/post/1a31afa4-7e4b-4801-9e2d-e37dc45ca555
2026-05-07 17:31:12 [http-nio-8081-exec-10] DEBUG o.s.security.web.FilterChainProxy - Securing GET /api/v1/notifications
2026-05-07 17:31:12 [http-nio-8081-exec-10] DEBUG o.s.security.web.FilterChainProxy - Secured GET /api/v1/notifications
2026-05-07 17:31:12 [http-nio-8081-exec-10] DEBUG o.s.s.a.m.AuthorizationManagerBeforeMethodInterceptor - Authorizing method invocation ReflectiveMethodInvocation: public org.springframework.data.domain.Page com.example.backend.controller.NotificationController.getMyNotifications(java.lang.String,int,int); target is of class [com.example.backend.controller.NotificationController]
2026-05-07 17:31:12 [http-nio-8081-exec-10] DEBUG o.s.s.a.m.AuthorizationManagerBeforeMethodInterceptor - Authorized method invocation ReflectiveMethodInvocation: public org.springframework.data.domain.Page com.example.backend.controller.NotificationController.getMyNotifications(java.lang.String,int,int); target is of class [com.example.backend.controller.NotificationController]
2026-05-07 17:31:12 [http-nio-8081-exec-2] DEBUG o.s.security.web.FilterChainProxy - Securing GET /api/v1/notifications
2026-05-07 17:31:12 [http-nio-8081-exec-2] DEBUG o.s.security.web.FilterChainProxy - Secured GET /api/v1/notifications
2026-05-07 17:31:12 [http-nio-8081-exec-2] DEBUG o.s.s.a.m.AuthorizationManagerBeforeMethodInterceptor - Authorizing method invocation ReflectiveMethodInvocation: public org.springframework.data.domain.Page com.example.backend.controller.NotificationController.getMyNotifications(java.lang.String,int,int); target is of class [com.example.backend.controller.NotificationController]
2026-05-07 17:31:12 [http-nio-8081-exec-2] DEBUG o.s.s.a.m.AuthorizationManagerBeforeMethodInterceptor - Authorized method invocation ReflectiveMethodInvocation: public org.springframework.data.domain.Page com.example.backend.controller.NotificationController.getMyNotifications(java.lang.String,int,int); target is of class [com.example.backend.controller.NotificationController]
2026-05-07 17:31:24 [http-nio-8081-exec-7] DEBUG o.s.security.web.FilterChainProxy - Securing GET /api/v1/notifications/unread-count
2026-05-07 17:31:24 [http-nio-8081-exec-7] DEBUG o.s.security.web.FilterChainProxy - Secured GET /api/v1/notifications/unread-count
2026-05-07 17:31:24 [http-nio-8081-exec-7] DEBUG o.s.s.a.m.AuthorizationManagerBeforeMethodInterceptor - Authorizing method invocation ReflectiveMethodInvocation: public java.lang.Long com.example.backend.controller.NotificationController.getUnreadCount(java.lang.String); target is of class [com.example.backend.controller.NotificationController]
2026-05-07 17:31:24 [http-nio-8081-exec-7] DEBUG o.s.s.a.m.AuthorizationManagerBeforeMethodInterceptor - Authorized method invocation ReflectiveMethodInvocation: public java.lang.Long com.example.backend.controller.NotificationController.getUnreadCount(java.lang.String); target is of class [com.example.backend.controller.NotificationController]
2026-05-07 17:31:40 [http-nio-8081-exec-3] DEBUG o.s.security.web.FilterChainProxy - Securing GET /api/v1/notifications/unread-count
2026-05-07 17:31:40 [http-nio-8081-exec-3] DEBUG o.s.security.web.FilterChainProxy - Secured GET /api/v1/notifications/unread-count
2026-05-07 17:31:40 [http-nio-8081-exec-3] DEBUG o.s.s.a.m.AuthorizationManagerBeforeMethodInterceptor - Authorizing method invocation ReflectiveMethodInvocation: public java.lang.Long com.example.backend.controller.NotificationController.getUnreadCount(java.lang.String); target is of class [com.example.backend.controller.NotificationController]
2026-05-07 17:31:40 [http-nio-8081-exec-3] DEBUG o.s.s.a.m.AuthorizationManagerBeforeMethodInterceptor - Authorized method invocation ReflectiveMethodInvocation: public java.lang.Long com.example.backend.controller.NotificationController.getUnreadCount(java.lang.String); target is of class [com.example.backend.controller.NotificationController]
2026-05-07 17:31:55 [http-nio-8081-exec-1] DEBUG o.s.security.web.FilterChainProxy - Securing GET /api/v1/notifications/unread-count
2026-05-07 17:31:55 [http-nio-8081-exec-1] DEBUG o.s.security.web.FilterChainProxy - Secured GET /api/v1/notifications/unread-count
2026-05-07 17:31:55 [http-nio-8081-exec-1] DEBUG o.s.s.a.m.AuthorizationManagerBeforeMethodInterceptor - Authorizing method invocation ReflectiveMethodInvocation: public java.lang.Long com.example.backend.controller.NotificationController.getUnreadCount(java.lang.String); target is of class [com.example.backend.controller.NotificationController]
2026-05-07 17:31:55 [http-nio-8081-exec-1] DEBUG o.s.s.a.m.AuthorizationManagerBeforeMethodInterceptor - Authorized method invocation ReflectiveMethodInvocation: public java.lang.Long com.example.backend.controller.NotificationController.getUnreadCount(java.lang.String); target is of class [com.example.backend.controller.NotificationController]
2026-05-07 17:31:59 [http-nio-8081-exec-5] DEBUG o.s.security.web.FilterChainProxy - Securing GET /api/v1/notifications/unread-count
2026-05-07 17:31:59 [http-nio-8081-exec-5] DEBUG o.s.security.web.FilterChainProxy - Secured GET /api/v1/notifications/unread-count
2026-05-07 17:31:59 [http-nio-8081-exec-5] DEBUG o.s.s.a.m.AuthorizationManagerBeforeMethodInterceptor - Authorizing method invocation ReflectiveMethodInvocation: public java.lang.Long com.example.backend.controller.NotificationController.getUnreadCount(java.lang.String); target is of class [com.example.backend.controller.NotificationController]
2026-05-07 17:31:59 [http-nio-8081-exec-5] DEBUG o.s.s.a.m.AuthorizationManagerBeforeMethodInterceptor - Authorized method invocation ReflectiveMethodInvocation: public java.lang.Long com.example.backend.controller.NotificationController.getUnreadCount(java.lang.String); target is of class [com.example.backend.controller.NotificationController]
2026-05-07 17:32:09 [http-nio-8081-exec-4] DEBUG o.s.security.web.FilterChainProxy - Securing GET /api/v1/notifications/unread-count
2026-05-07 17:32:09 [http-nio-8081-exec-4] DEBUG o.s.security.web.FilterChainProxy - Secured GET /api/v1/notifications/unread-count
2026-05-07 17:32:09 [http-nio-8081-exec-4] DEBUG o.s.s.a.m.AuthorizationManagerBeforeMethodInterceptor - Authorizing method invocation ReflectiveMethodInvocation: public java.lang.Long com.example.backend.controller.NotificationController.getUnreadCount(java.lang.String); target is of class [com.example.backend.controller.NotificationController]
2026-05-07 17:32:09 [http-nio-8081-exec-4] DEBUG o.s.s.a.m.AuthorizationManagerBeforeMethodInterceptor - Authorized method invocation ReflectiveMethodInvocation: public java.lang.Long com.example.backend.controller.NotificationController.getUnreadCount(java.lang.String); target is of class [com.example.backend.controller.NotificationController]
2026-05-07 17:32:10 [http-nio-8081-exec-10] DEBUG o.s.security.web.FilterChainProxy - Securing GET /api/v1/notifications
2026-05-07 17:32:10 [http-nio-8081-exec-2] DEBUG o.s.security.web.FilterChainProxy - Securing OPTIONS /users/me
2026-05-07 17:32:10 [http-nio-8081-exec-10] DEBUG o.s.security.web.FilterChainProxy - Secured GET /api/v1/notifications
2026-05-07 17:32:10 [http-nio-8081-exec-10] DEBUG o.s.s.a.m.AuthorizationManagerBeforeMethodInterceptor - Authorizing method invocation ReflectiveMethodInvocation: public org.springframework.data.domain.Page com.example.backend.controller.NotificationController.getMyNotifications(java.lang.String,int,int); target is of class [com.example.backend.controller.NotificationController]
2026-05-07 17:32:10 [http-nio-8081-exec-10] DEBUG o.s.s.a.m.AuthorizationManagerBeforeMethodInterceptor - Authorized method invocation ReflectiveMethodInvocation: public org.springframework.data.domain.Page com.example.backend.controller.NotificationController.getMyNotifications(java.lang.String,int,int); target is of class [com.example.backend.controller.NotificationController]
2026-05-07 17:32:10 [http-nio-8081-exec-7] DEBUG o.s.security.web.FilterChainProxy - Securing GET /users/me
2026-05-07 17:32:10 [http-nio-8081-exec-7] DEBUG o.s.security.web.FilterChainProxy - Secured GET /users/me
2026-05-07 17:32:10 [http-nio-8081-exec-6] DEBUG o.s.security.web.FilterChainProxy - Securing GET /api/v1/notifications/unread-count
2026-05-07 17:32:10 [http-nio-8081-exec-6] DEBUG o.s.security.web.FilterChainProxy - Secured GET /api/v1/notifications/unread-count
2026-05-07 17:32:10 [http-nio-8081-exec-6] DEBUG o.s.s.a.m.AuthorizationManagerBeforeMethodInterceptor - Authorizing method invocation ReflectiveMethodInvocation: public java.lang.Long com.example.backend.controller.NotificationController.getUnreadCount(java.lang.String); target is of class [com.example.backend.controller.NotificationController]
2026-05-07 17:32:10 [http-nio-8081-exec-6] DEBUG o.s.s.a.m.AuthorizationManagerBeforeMethodInterceptor - Authorized method invocation ReflectiveMethodInvocation: public java.lang.Long com.example.backend.controller.NotificationController.getUnreadCount(java.lang.String); target is of class [com.example.backend.controller.NotificationController]
2026-05-07 17:32:10 [http-nio-8081-exec-3] DEBUG o.s.security.web.FilterChainProxy - Securing GET /api/locations/7a362581-f0df-43d4-b7c7-074bde1b7c3d
2026-05-07 17:32:10 [http-nio-8081-exec-1] DEBUG o.s.security.web.FilterChainProxy - Securing OPTIONS /users/me
2026-05-07 17:32:10 [http-nio-8081-exec-3] DEBUG o.s.security.web.FilterChainProxy - Secured GET /api/locations/7a362581-f0df-43d4-b7c7-074bde1b7c3d
2026-05-07 17:32:10 [http-nio-8081-exec-9] DEBUG o.s.security.web.FilterChainProxy - Securing OPTIONS /api/v1/posts/getAll
2026-05-07 17:32:10 [http-nio-8081-exec-5] DEBUG o.s.security.web.FilterChainProxy - Securing GET /api/v1/posts/getAll
2026-05-07 17:32:10 [http-nio-8081-exec-8] DEBUG o.s.security.web.FilterChainProxy - Securing GET /users/me
2026-05-07 17:32:10 [http-nio-8081-exec-8] DEBUG o.s.security.web.FilterChainProxy - Secured GET /users/me
2026-05-07 17:32:10 [http-nio-8081-exec-5] DEBUG o.s.security.web.FilterChainProxy - Secured GET /api/v1/posts/getAll
2026-05-07 17:32:10 [http-nio-8081-exec-4] DEBUG o.s.security.web.FilterChainProxy - Securing GET /api/v1/notifications/unread-count
2026-05-07 17:32:10 [http-nio-8081-exec-4] DEBUG o.s.security.web.FilterChainProxy - Secured GET /api/v1/notifications/unread-count
2026-05-07 17:32:10 [http-nio-8081-exec-4] DEBUG o.s.s.a.m.AuthorizationManagerBeforeMethodInterceptor - Authorizing method invocation ReflectiveMethodInvocation: public java.lang.Long com.example.backend.controller.NotificationController.getUnreadCount(java.lang.String); target is of class [com.example.backend.controller.NotificationController]
2026-05-07 17:32:10 [http-nio-8081-exec-4] DEBUG o.s.s.a.m.AuthorizationManagerBeforeMethodInterceptor - Authorized method invocation ReflectiveMethodInvocation: public java.lang.Long com.example.backend.controller.NotificationController.getUnreadCount(java.lang.String); target is of class [com.example.backend.controller.NotificationController]
2026-05-07 17:32:10 [http-nio-8081-exec-2] DEBUG o.s.security.web.FilterChainProxy - Securing GET /api/v1/notifications
2026-05-07 17:32:10 [http-nio-8081-exec-2] DEBUG o.s.security.web.FilterChainProxy - Secured GET /api/v1/notifications
2026-05-07 17:32:10 [http-nio-8081-exec-2] DEBUG o.s.s.a.m.AuthorizationManagerBeforeMethodInterceptor - Authorizing method invocation ReflectiveMethodInvocation: public org.springframework.data.domain.Page com.example.backend.controller.NotificationController.getMyNotifications(java.lang.String,int,int); target is of class [com.example.backend.controller.NotificationController]
2026-05-07 17:32:10 [http-nio-8081-exec-2] DEBUG o.s.s.a.m.AuthorizationManagerBeforeMethodInterceptor - Authorized method invocation ReflectiveMethodInvocation: public org.springframework.data.domain.Page com.example.backend.controller.NotificationController.getMyNotifications(java.lang.String,int,int); target is of class [com.example.backend.controller.NotificationController]
2026-05-07 17:32:10 [http-nio-8081-exec-7] DEBUG o.s.security.web.FilterChainProxy - Securing GET /users/me
2026-05-07 17:32:10 [http-nio-8081-exec-7] DEBUG o.s.security.web.FilterChainProxy - Secured GET /users/me
2026-05-07 17:32:11 [http-nio-8081-exec-10] DEBUG o.s.security.web.FilterChainProxy - Securing GET /api/v1/notifications/unread-count
2026-05-07 17:32:11 [http-nio-8081-exec-10] DEBUG o.s.security.web.FilterChainProxy - Secured GET /api/v1/notifications/unread-count
2026-05-07 17:32:11 [http-nio-8081-exec-10] DEBUG o.s.s.a.m.AuthorizationManagerBeforeMethodInterceptor - Authorizing method invocation ReflectiveMethodInvocation: public java.lang.Long com.example.backend.controller.NotificationController.getUnreadCount(java.lang.String); target is of class [com.example.backend.controller.NotificationController]
2026-05-07 17:32:11 [http-nio-8081-exec-10] DEBUG o.s.s.a.m.AuthorizationManagerBeforeMethodInterceptor - Authorized method invocation ReflectiveMethodInvocation: public java.lang.Long com.example.backend.controller.NotificationController.getUnreadCount(java.lang.String); target is of class [com.example.backend.controller.NotificationController]
2026-05-07 17:32:25 [http-nio-8081-exec-6] DEBUG o.s.security.web.FilterChainProxy - Securing GET /api/v1/notifications/unread-count
2026-05-07 17:32:25 [http-nio-8081-exec-6] DEBUG o.s.security.web.FilterChainProxy - Secured GET /api/v1/notifications/unread-count
2026-05-07 17:32:25 [http-nio-8081-exec-6] DEBUG o.s.s.a.m.AuthorizationManagerBeforeMethodInterceptor - Authorizing method invocation ReflectiveMethodInvocation: public java.lang.Long com.example.backend.controller.NotificationController.getUnreadCount(java.lang.String); target is of class [com.example.backend.controller.NotificationController]
2026-05-07 17:32:25 [http-nio-8081-exec-6] DEBUG o.s.s.a.m.AuthorizationManagerBeforeMethodInterceptor - Authorized method invocation ReflectiveMethodInvocation: public java.lang.Long com.example.backend.controller.NotificationController.getUnreadCount(java.lang.String); target is of class [com.example.backend.controller.NotificationController]
2026-05-07 17:32:26 [http-nio-8081-exec-1] DEBUG o.s.security.web.FilterChainProxy - Securing GET /api/v1/notifications/unread-count
2026-05-07 17:32:26 [http-nio-8081-exec-1] DEBUG o.s.security.web.FilterChainProxy - Secured GET /api/v1/notifications/unread-count
2026-05-07 17:32:26 [http-nio-8081-exec-1] DEBUG o.s.s.a.m.AuthorizationManagerBeforeMethodInterceptor - Authorizing method invocation ReflectiveMethodInvocation: public java.lang.Long com.example.backend.controller.NotificationController.getUnreadCount(java.lang.String); target is of class [com.example.backend.controller.NotificationController]
2026-05-07 17:32:26 [http-nio-8081-exec-1] DEBUG o.s.s.a.m.AuthorizationManagerBeforeMethodInterceptor - Authorized method invocation ReflectiveMethodInvocation: public java.lang.Long com.example.backend.controller.NotificationController.getUnreadCount(java.lang.String); target is of class [com.example.backend.controller.NotificationController]
2026-05-07 17:32:26 [http-nio-8081-exec-9] DEBUG o.s.security.web.FilterChainProxy - Securing GET /api/v1/notifications/unread-count
2026-05-07 17:32:26 [http-nio-8081-exec-9] DEBUG o.s.security.web.FilterChainProxy - Secured GET /api/v1/notifications/unread-count
2026-05-07 17:32:26 [http-nio-8081-exec-9] DEBUG o.s.s.a.m.AuthorizationManagerBeforeMethodInterceptor - Authorizing method invocation ReflectiveMethodInvocation: public java.lang.Long com.example.backend.controller.NotificationController.getUnreadCount(java.lang.String); target is of class [com.example.backend.controller.NotificationController]
2026-05-07 17:32:26 [http-nio-8081-exec-9] DEBUG o.s.s.a.m.AuthorizationManagerBeforeMethodInterceptor - Authorized method invocation ReflectiveMethodInvocation: public java.lang.Long com.example.backend.controller.NotificationController.getUnreadCount(java.lang.String); target is of class [com.example.backend.controller.NotificationController]
2026-05-07 17:32:40 [http-nio-8081-exec-8] DEBUG o.s.security.web.FilterChainProxy - Securing GET /api/v1/notifications/unread-count
2026-05-07 17:32:40 [http-nio-8081-exec-8] DEBUG o.s.security.web.FilterChainProxy - Secured GET /api/v1/notifications/unread-count
2026-05-07 17:32:40 [http-nio-8081-exec-8] DEBUG o.s.s.a.m.AuthorizationManagerBeforeMethodInterceptor - Authorizing method invocation ReflectiveMethodInvocation: public java.lang.Long com.example.backend.controller.NotificationController.getUnreadCount(java.lang.String); target is of class [com.example.backend.controller.NotificationController]
2026-05-07 17:32:40 [http-nio-8081-exec-8] DEBUG o.s.s.a.m.AuthorizationManagerBeforeMethodInterceptor - Authorized method invocation ReflectiveMethodInvocation: public java.lang.Long com.example.backend.controller.NotificationController.getUnreadCount(java.lang.String); target is of class [com.example.backend.controller.NotificationController]
2026-05-07 17:32:41 [http-nio-8081-exec-3] DEBUG o.s.security.web.FilterChainProxy - Securing GET /api/v1/notifications/unread-count
2026-05-07 17:32:41 [http-nio-8081-exec-3] DEBUG o.s.security.web.FilterChainProxy - Secured GET /api/v1/notifications/unread-count
2026-05-07 17:32:41 [http-nio-8081-exec-3] DEBUG o.s.s.a.m.AuthorizationManagerBeforeMethodInterceptor - Authorizing method invocation ReflectiveMethodInvocation: public java.lang.Long com.example.backend.controller.NotificationController.getUnreadCount(java.lang.String); target is of class [com.example.backend.controller.NotificationController]
2026-05-07 17:32:41 [http-nio-8081-exec-3] DEBUG o.s.s.a.m.AuthorizationManagerBeforeMethodInterceptor - Authorized method invocation ReflectiveMethodInvocation: public java.lang.Long com.example.backend.controller.NotificationController.getUnreadCount(java.lang.String); target is of class [com.example.backend.controller.NotificationController]
2026-05-07 17:32:41 [http-nio-8081-exec-4] DEBUG o.s.security.web.FilterChainProxy - Securing GET /api/v1/notifications/unread-count
2026-05-07 17:32:41 [http-nio-8081-exec-4] DEBUG o.s.security.web.FilterChainProxy - Secured GET /api/v1/notifications/unread-count
2026-05-07 17:32:41 [http-nio-8081-exec-4] DEBUG o.s.s.a.m.AuthorizationManagerBeforeMethodInterceptor - Authorizing method invocation ReflectiveMethodInvocation: public java.lang.Long com.example.backend.controller.NotificationController.getUnreadCount(java.lang.String); target is of class [com.example.backend.controller.NotificationController]
2026-05-07 17:32:41 [http-nio-8081-exec-4] DEBUG o.s.s.a.m.AuthorizationManagerBeforeMethodInterceptor - Authorized method invocation ReflectiveMethodInvocation: public java.lang.Long com.example.backend.controller.NotificationController.getUnreadCount(java.lang.String); target is of class [com.example.backend.controller.NotificationController]
2026-05-07 17:32:55 [http-nio-8081-exec-5] DEBUG o.s.security.web.FilterChainProxy - Securing GET /api/v1/notifications/unread-count
2026-05-07 17:32:55 [http-nio-8081-exec-5] DEBUG o.s.security.web.FilterChainProxy - Secured GET /api/v1/notifications/unread-count
2026-05-07 17:32:55 [http-nio-8081-exec-5] DEBUG o.s.s.a.m.AuthorizationManagerBeforeMethodInterceptor - Authorizing method invocation ReflectiveMethodInvocation: public java.lang.Long com.example.backend.controller.NotificationController.getUnreadCount(java.lang.String); target is of class [com.example.backend.controller.NotificationController]
2026-05-07 17:32:55 [http-nio-8081-exec-5] DEBUG o.s.s.a.m.AuthorizationManagerBeforeMethodInterceptor - Authorized method invocation ReflectiveMethodInvocation: public java.lang.Long com.example.backend.controller.NotificationController.getUnreadCount(java.lang.String); target is of class [com.example.backend.controller.NotificationController]
2026-05-07 17:32:56 [http-nio-8081-exec-7] DEBUG o.s.security.web.FilterChainProxy - Securing GET /api/v1/notifications/unread-count
2026-05-07 17:32:56 [http-nio-8081-exec-7] DEBUG o.s.security.web.FilterChainProxy - Secured GET /api/v1/notifications/unread-count
2026-05-07 17:32:56 [http-nio-8081-exec-7] DEBUG o.s.s.a.m.AuthorizationManagerBeforeMethodInterceptor - Authorizing method invocation ReflectiveMethodInvocation: public java.lang.Long com.example.backend.controller.NotificationController.getUnreadCount(java.lang.String); target is of class [com.example.backend.controller.NotificationController]
2026-05-07 17:32:56 [http-nio-8081-exec-7] DEBUG o.s.s.a.m.AuthorizationManagerBeforeMethodInterceptor - Authorized method invocation ReflectiveMethodInvocation: public java.lang.Long com.example.backend.controller.NotificationController.getUnreadCount(java.lang.String); target is of class [com.example.backend.controller.NotificationController]
2026-05-07 17:32:56 [http-nio-8081-exec-2] DEBUG o.s.security.web.FilterChainProxy - Securing GET /api/v1/notifications/unread-count
2026-05-07 17:32:56 [http-nio-8081-exec-2] DEBUG o.s.security.web.FilterChainProxy - Secured GET /api/v1/notifications/unread-count
2026-05-07 17:32:56 [http-nio-8081-exec-2] DEBUG o.s.s.a.m.AuthorizationManagerBeforeMethodInterceptor - Authorizing method invocation ReflectiveMethodInvocation: public java.lang.Long com.example.backend.controller.NotificationController.getUnreadCount(java.lang.String); target is of class [com.example.backend.controller.NotificationController]
2026-05-07 17:32:56 [http-nio-8081-exec-2] DEBUG o.s.s.a.m.AuthorizationManagerBeforeMethodInterceptor - Authorized method invocation ReflectiveMethodInvocation: public java.lang.Long com.example.backend.controller.NotificationController.getUnreadCount(java.lang.String); target is of class [com.example.backend.controller.NotificationController]
2026-05-07 17:33:10 [http-nio-8081-exec-10] DEBUG o.s.security.web.FilterChainProxy - Securing GET /api/v1/notifications/unread-count
2026-05-07 17:33:10 [http-nio-8081-exec-10] DEBUG o.s.security.web.FilterChainProxy - Secured GET /api/v1/notifications/unread-count
2026-05-07 17:33:10 [http-nio-8081-exec-10] DEBUG o.s.s.a.m.AuthorizationManagerBeforeMethodInterceptor - Authorizing method invocation ReflectiveMethodInvocation: public java.lang.Long com.example.backend.controller.NotificationController.getUnreadCount(java.lang.String); target is of class [com.example.backend.controller.NotificationController]
2026-05-07 17:33:10 [http-nio-8081-exec-10] DEBUG o.s.s.a.m.AuthorizationManagerBeforeMethodInterceptor - Authorized method invocation ReflectiveMethodInvocation: public java.lang.Long com.example.backend.controller.NotificationController.getUnreadCount(java.lang.String); target is of class [com.example.backend.controller.NotificationController]
2026-05-07 17:33:11 [http-nio-8081-exec-6] DEBUG o.s.security.web.FilterChainProxy - Securing GET /api/v1/notifications/unread-count
2026-05-07 17:33:11 [http-nio-8081-exec-6] DEBUG o.s.security.web.FilterChainProxy - Secured GET /api/v1/notifications/unread-count
2026-05-07 17:33:11 [http-nio-8081-exec-6] DEBUG o.s.s.a.m.AuthorizationManagerBeforeMethodInterceptor - Authorizing method invocation ReflectiveMethodInvocation: public java.lang.Long com.example.backend.controller.NotificationController.getUnreadCount(java.lang.String); target is of class [com.example.backend.controller.NotificationController]
2026-05-07 17:33:11 [http-nio-8081-exec-6] DEBUG o.s.s.a.m.AuthorizationManagerBeforeMethodInterceptor - Authorized method invocation ReflectiveMethodInvocation: public java.lang.Long com.example.backend.controller.NotificationController.getUnreadCount(java.lang.String); target is of class [com.example.backend.controller.NotificationController]
2026-05-07 17:33:11 [http-nio-8081-exec-4] DEBUG o.s.security.web.FilterChainProxy - Securing GET /api/v1/notifications/unread-count
2026-05-07 17:33:11 [http-nio-8081-exec-4] DEBUG o.s.security.web.FilterChainProxy - Secured GET /api/v1/notifications/unread-count
2026-05-07 17:33:11 [http-nio-8081-exec-4] DEBUG o.s.s.a.m.AuthorizationManagerBeforeMethodInterceptor - Authorizing method invocation ReflectiveMethodInvocation: public java.lang.Long com.example.backend.controller.NotificationController.getUnreadCount(java.lang.String); target is of class [com.example.backend.controller.NotificationController]
2026-05-07 17:33:11 [http-nio-8081-exec-4] DEBUG o.s.s.a.m.AuthorizationManagerBeforeMethodInterceptor - Authorized method invocation ReflectiveMethodInvocation: public java.lang.Long com.example.backend.controller.NotificationController.getUnreadCount(java.lang.String); target is of class [com.example.backend.controller.NotificationController]
2026-05-07 17:33:25 [http-nio-8081-exec-5] DEBUG o.s.security.web.FilterChainProxy - Securing GET /api/v1/notifications/unread-count
2026-05-07 17:33:25 [http-nio-8081-exec-5] DEBUG o.s.security.web.FilterChainProxy - Secured GET /api/v1/notifications/unread-count
2026-05-07 17:33:25 [http-nio-8081-exec-5] DEBUG o.s.s.a.m.AuthorizationManagerBeforeMethodInterceptor - Authorizing method invocation ReflectiveMethodInvocation: public java.lang.Long com.example.backend.controller.NotificationController.getUnreadCount(java.lang.String); target is of class [com.example.backend.controller.NotificationController]
2026-05-07 17:33:25 [http-nio-8081-exec-5] DEBUG o.s.s.a.m.AuthorizationManagerBeforeMethodInterceptor - Authorized method invocation ReflectiveMethodInvocation: public java.lang.Long com.example.backend.controller.NotificationController.getUnreadCount(java.lang.String); target is of class [com.example.backend.controller.NotificationController]
2026-05-07 17:33:26 [http-nio-8081-exec-7] DEBUG o.s.security.web.FilterChainProxy - Securing GET /api/v1/notifications/unread-count
2026-05-07 17:33:26 [http-nio-8081-exec-7] DEBUG o.s.security.web.FilterChainProxy - Secured GET /api/v1/notifications/unread-count
2026-05-07 17:33:26 [http-nio-8081-exec-7] DEBUG o.s.s.a.m.AuthorizationManagerBeforeMethodInterceptor - Authorizing method invocation ReflectiveMethodInvocation: public java.lang.Long com.example.backend.controller.NotificationController.getUnreadCount(java.lang.String); target is of class [com.example.backend.controller.NotificationController]
2026-05-07 17:33:26 [http-nio-8081-exec-7] DEBUG o.s.s.a.m.AuthorizationManagerBeforeMethodInterceptor - Authorized method invocation ReflectiveMethodInvocation: public java.lang.Long com.example.backend.controller.NotificationController.getUnreadCount(java.lang.String); target is of class [com.example.backend.controller.NotificationController]
2026-05-07 17:33:26 [http-nio-8081-exec-2] DEBUG o.s.security.web.FilterChainProxy - Securing GET /api/v1/notifications/unread-count
2026-05-07 17:33:26 [http-nio-8081-exec-2] DEBUG o.s.security.web.FilterChainProxy - Secured GET /api/v1/notifications/unread-count
2026-05-07 17:33:26 [http-nio-8081-exec-2] DEBUG o.s.s.a.m.AuthorizationManagerBeforeMethodInterceptor - Authorizing method invocation ReflectiveMethodInvocation: public java.lang.Long com.example.backend.controller.NotificationController.getUnreadCount(java.lang.String); target is of class [com.example.backend.controller.NotificationController]
2026-05-07 17:33:26 [http-nio-8081-exec-2] DEBUG o.s.s.a.m.AuthorizationManagerBeforeMethodInterceptor - Authorized method invocation ReflectiveMethodInvocation: public java.lang.Long com.example.backend.controller.NotificationController.getUnreadCount(java.lang.String); target is of class [com.example.backend.controller.NotificationController]
2026-05-07 17:33:40 [http-nio-8081-exec-10] DEBUG o.s.security.web.FilterChainProxy - Securing GET /api/v1/notifications/unread-count
2026-05-07 17:33:40 [http-nio-8081-exec-10] DEBUG o.s.security.web.FilterChainProxy - Secured GET /api/v1/notifications/unread-count
2026-05-07 17:33:40 [http-nio-8081-exec-10] DEBUG o.s.s.a.m.AuthorizationManagerBeforeMethodInterceptor - Authorizing method invocation ReflectiveMethodInvocation: public java.lang.Long com.example.backend.controller.NotificationController.getUnreadCount(java.lang.String); target is of class [com.example.backend.controller.NotificationController]
2026-05-07 17:33:40 [http-nio-8081-exec-10] DEBUG o.s.s.a.m.AuthorizationManagerBeforeMethodInterceptor - Authorized method invocation ReflectiveMethodInvocation: public java.lang.Long com.example.backend.controller.NotificationController.getUnreadCount(java.lang.String); target is of class [com.example.backend.controller.NotificationController]
2026-05-07 17:33:41 [http-nio-8081-exec-1] DEBUG o.s.security.web.FilterChainProxy - Securing GET /api/v1/notifications/unread-count
2026-05-07 17:33:41 [http-nio-8081-exec-1] DEBUG o.s.security.web.FilterChainProxy - Secured GET /api/v1/notifications/unread-count
2026-05-07 17:33:41 [http-nio-8081-exec-1] DEBUG o.s.s.a.m.AuthorizationManagerBeforeMethodInterceptor - Authorizing method invocation ReflectiveMethodInvocation: public java.lang.Long com.example.backend.controller.NotificationController.getUnreadCount(java.lang.String); target is of class [com.example.backend.controller.NotificationController]
2026-05-07 17:33:41 [http-nio-8081-exec-1] DEBUG o.s.s.a.m.AuthorizationManagerBeforeMethodInterceptor - Authorized method invocation ReflectiveMethodInvocation: public java.lang.Long com.example.backend.controller.NotificationController.getUnreadCount(java.lang.String); target is of class [com.example.backend.controller.NotificationController]
2026-05-07 17:33:41 [http-nio-8081-exec-9] DEBUG o.s.security.web.FilterChainProxy - Securing GET /api/v1/notifications/unread-count
2026-05-07 17:33:41 [http-nio-8081-exec-9] DEBUG o.s.security.web.FilterChainProxy - Secured GET /api/v1/notifications/unread-count
2026-05-07 17:33:41 [http-nio-8081-exec-9] DEBUG o.s.s.a.m.AuthorizationManagerBeforeMethodInterceptor - Authorizing method invocation ReflectiveMethodInvocation: public java.lang.Long com.example.backend.controller.NotificationController.getUnreadCount(java.lang.String); target is of class [com.example.backend.controller.NotificationController]
2026-05-07 17:33:41 [http-nio-8081-exec-9] DEBUG o.s.s.a.m.AuthorizationManagerBeforeMethodInterceptor - Authorized method invocation ReflectiveMethodInvocation: public java.lang.Long com.example.backend.controller.NotificationController.getUnreadCount(java.lang.String); target is of class [com.example.backend.controller.NotificationController]
2026-05-07 17:33:55 [http-nio-8081-exec-8] DEBUG o.s.security.web.FilterChainProxy - Securing GET /api/v1/notifications/unread-count
2026-05-07 17:33:55 [http-nio-8081-exec-8] DEBUG o.s.security.web.FilterChainProxy - Secured GET /api/v1/notifications/unread-count
2026-05-07 17:33:55 [http-nio-8081-exec-8] DEBUG o.s.s.a.m.AuthorizationManagerBeforeMethodInterceptor - Authorizing method invocation ReflectiveMethodInvocation: public java.lang.Long com.example.backend.controller.NotificationController.getUnreadCount(java.lang.String); target is of class [com.example.backend.controller.NotificationController]
2026-05-07 17:33:55 [http-nio-8081-exec-8] DEBUG o.s.s.a.m.AuthorizationManagerBeforeMethodInterceptor - Authorized method invocation ReflectiveMethodInvocation: public java.lang.Long com.example.backend.controller.NotificationController.getUnreadCount(java.lang.String); target is of class [com.example.backend.controller.NotificationController]
2026-05-07 17:33:56 [http-nio-8081-exec-3] DEBUG o.s.security.web.FilterChainProxy - Securing GET /api/v1/notifications/unread-count
2026-05-07 17:33:56 [http-nio-8081-exec-3] DEBUG o.s.security.web.FilterChainProxy - Secured GET /api/v1/notifications/unread-count
2026-05-07 17:33:56 [http-nio-8081-exec-3] DEBUG o.s.s.a.m.AuthorizationManagerBeforeMethodInterceptor - Authorizing method invocation ReflectiveMethodInvocation: public java.lang.Long com.example.backend.controller.NotificationController.getUnreadCount(java.lang.String); target is of class [com.example.backend.controller.NotificationController]
2026-05-07 17:33:56 [http-nio-8081-exec-3] DEBUG o.s.s.a.m.AuthorizationManagerBeforeMethodInterceptor - Authorized method invocation ReflectiveMethodInvocation: public java.lang.Long com.example.backend.controller.NotificationController.getUnreadCount(java.lang.String); target is of class [com.example.backend.controller.NotificationController]
2026-05-07 17:33:59 [http-nio-8081-exec-6] DEBUG o.s.security.web.FilterChainProxy - Securing GET /api/v1/notifications/unread-count
2026-05-07 17:33:59 [http-nio-8081-exec-6] DEBUG o.s.security.web.FilterChainProxy - Secured GET /api/v1/notifications/unread-count
2026-05-07 17:33:59 [http-nio-8081-exec-6] DEBUG o.s.s.a.m.AuthorizationManagerBeforeMethodInterceptor - Authorizing method invocation ReflectiveMethodInvocation: public java.lang.Long com.example.backend.controller.NotificationController.getUnreadCount(java.lang.String); target is of class [com.example.backend.controller.NotificationController]
2026-05-07 17:33:59 [http-nio-8081-exec-6] DEBUG o.s.s.a.m.AuthorizationManagerBeforeMethodInterceptor - Authorized method invocation ReflectiveMethodInvocation: public java.lang.Long com.example.backend.controller.NotificationController.getUnreadCount(java.lang.String); target is of class [com.example.backend.controller.NotificationController]
2026-05-07 17:34:10 [http-nio-8081-exec-4] DEBUG o.s.security.web.FilterChainProxy - Securing GET /api/v1/notifications/unread-count
2026-05-07 17:34:10 [http-nio-8081-exec-4] DEBUG o.s.security.web.FilterChainProxy - Secured GET /api/v1/notifications/unread-count
2026-05-07 17:34:10 [http-nio-8081-exec-4] DEBUG o.s.s.a.m.AuthorizationManagerBeforeMethodInterceptor - Authorizing method invocation ReflectiveMethodInvocation: public java.lang.Long com.example.backend.controller.NotificationController.getUnreadCount(java.lang.String); target is of class [com.example.backend.controller.NotificationController]
2026-05-07 17:34:10 [http-nio-8081-exec-4] DEBUG o.s.s.a.m.AuthorizationManagerBeforeMethodInterceptor - Authorized method invocation ReflectiveMethodInvocation: public java.lang.Long com.example.backend.controller.NotificationController.getUnreadCount(java.lang.String); target is of class [com.example.backend.controller.NotificationController]
2026-05-07 17:34:11 [http-nio-8081-exec-5] DEBUG o.s.security.web.FilterChainProxy - Securing GET /api/v1/notifications/unread-count
2026-05-07 17:34:11 [http-nio-8081-exec-5] DEBUG o.s.security.web.FilterChainProxy - Secured GET /api/v1/notifications/unread-count
2026-05-07 17:34:11 [http-nio-8081-exec-5] DEBUG o.s.s.a.m.AuthorizationManagerBeforeMethodInterceptor - Authorizing method invocation ReflectiveMethodInvocation: public java.lang.Long com.example.backend.controller.NotificationController.getUnreadCount(java.lang.String); target is of class [com.example.backend.controller.NotificationController]
2026-05-07 17:34:11 [http-nio-8081-exec-5] DEBUG o.s.s.a.m.AuthorizationManagerBeforeMethodInterceptor - Authorized method invocation ReflectiveMethodInvocation: public java.lang.Long com.example.backend.controller.NotificationController.getUnreadCount(java.lang.String); target is of class [com.example.backend.controller.NotificationController]
2026-05-07 17:34:25 [http-nio-8081-exec-7] DEBUG o.s.security.web.FilterChainProxy - Securing GET /api/v1/notifications/unread-count
2026-05-07 17:34:25 [http-nio-8081-exec-7] DEBUG o.s.security.web.FilterChainProxy - Secured GET /api/v1/notifications/unread-count
2026-05-07 17:34:25 [http-nio-8081-exec-7] DEBUG o.s.s.a.m.AuthorizationManagerBeforeMethodInterceptor - Authorizing method invocation ReflectiveMethodInvocation: public java.lang.Long com.example.backend.controller.NotificationController.getUnreadCount(java.lang.String); target is of class [com.example.backend.controller.NotificationController]
2026-05-07 17:34:25 [http-nio-8081-exec-7] DEBUG o.s.s.a.m.AuthorizationManagerBeforeMethodInterceptor - Authorized method invocation ReflectiveMethodInvocation: public java.lang.Long com.example.backend.controller.NotificationController.getUnreadCount(java.lang.String); target is of class [com.example.backend.controller.NotificationController]
2026-05-07 17:34:26 [http-nio-8081-exec-2] DEBUG o.s.security.web.FilterChainProxy - Securing GET /api/v1/notifications/unread-count
2026-05-07 17:34:26 [http-nio-8081-exec-2] DEBUG o.s.security.web.FilterChainProxy - Secured GET /api/v1/notifications/unread-count
2026-05-07 17:34:26 [http-nio-8081-exec-2] DEBUG o.s.s.a.m.AuthorizationManagerBeforeMethodInterceptor - Authorizing method invocation ReflectiveMethodInvocation: public java.lang.Long com.example.backend.controller.NotificationController.getUnreadCount(java.lang.String); target is of class [com.example.backend.controller.NotificationController]
2026-05-07 17:34:26 [http-nio-8081-exec-2] DEBUG o.s.s.a.m.AuthorizationManagerBeforeMethodInterceptor - Authorized method invocation ReflectiveMethodInvocation: public java.lang.Long com.example.backend.controller.NotificationController.getUnreadCount(java.lang.String); target is of class [com.example.backend.controller.NotificationController]
2026-05-07 17:34:40 [http-nio-8081-exec-10] DEBUG o.s.security.web.FilterChainProxy - Securing GET /api/v1/notifications/unread-count
2026-05-07 17:34:40 [http-nio-8081-exec-10] DEBUG o.s.security.web.FilterChainProxy - Secured GET /api/v1/notifications/unread-count
2026-05-07 17:34:40 [http-nio-8081-exec-10] DEBUG o.s.s.a.m.AuthorizationManagerBeforeMethodInterceptor - Authorizing method invocation ReflectiveMethodInvocation: public java.lang.Long com.example.backend.controller.NotificationController.getUnreadCount(java.lang.String); target is of class [com.example.backend.controller.NotificationController]
2026-05-07 17:34:40 [http-nio-8081-exec-10] DEBUG o.s.s.a.m.AuthorizationManagerBeforeMethodInterceptor - Authorized method invocation ReflectiveMethodInvocation: public java.lang.Long com.example.backend.controller.NotificationController.getUnreadCount(java.lang.String); target is of class [com.example.backend.controller.NotificationController]
2026-05-07 17:34:41 [http-nio-8081-exec-1] DEBUG o.s.security.web.FilterChainProxy - Securing GET /api/v1/notifications/unread-count
2026-05-07 17:34:41 [http-nio-8081-exec-1] DEBUG o.s.security.web.FilterChainProxy - Secured GET /api/v1/notifications/unread-count
2026-05-07 17:34:41 [http-nio-8081-exec-1] DEBUG o.s.s.a.m.AuthorizationManagerBeforeMethodInterceptor - Authorizing method invocation ReflectiveMethodInvocation: public java.lang.Long com.example.backend.controller.NotificationController.getUnreadCount(java.lang.String); target is of class [com.example.backend.controller.NotificationController]
2026-05-07 17:34:41 [http-nio-8081-exec-1] DEBUG o.s.s.a.m.AuthorizationManagerBeforeMethodInterceptor - Authorized method invocation ReflectiveMethodInvocation: public java.lang.Long com.example.backend.controller.NotificationController.getUnreadCount(java.lang.String); target is of class [com.example.backend.controller.NotificationController]
2026-05-07 17:34:55 [http-nio-8081-exec-9] DEBUG o.s.security.web.FilterChainProxy - Securing GET /api/v1/notifications/unread-count
2026-05-07 17:34:55 [http-nio-8081-exec-9] DEBUG o.s.security.web.FilterChainProxy - Secured GET /api/v1/notifications/unread-count
2026-05-07 17:34:55 [http-nio-8081-exec-9] DEBUG o.s.s.a.m.AuthorizationManagerBeforeMethodInterceptor - Authorizing method invocation ReflectiveMethodInvocation: public java.lang.Long com.example.backend.controller.NotificationController.getUnreadCount(java.lang.String); target is of class [com.example.backend.controller.NotificationController]
2026-05-07 17:34:55 [http-nio-8081-exec-9] DEBUG o.s.s.a.m.AuthorizationManagerBeforeMethodInterceptor - Authorized method invocation ReflectiveMethodInvocation: public java.lang.Long com.example.backend.controller.NotificationController.getUnreadCount(java.lang.String); target is of class [com.example.backend.controller.NotificationController]
2026-05-07 17:34:56 [http-nio-8081-exec-8] DEBUG o.s.security.web.FilterChainProxy - Securing GET /api/v1/notifications/unread-count
2026-05-07 17:34:56 [http-nio-8081-exec-8] DEBUG o.s.security.web.FilterChainProxy - Secured GET /api/v1/notifications/unread-count
2026-05-07 17:34:56 [http-nio-8081-exec-8] DEBUG o.s.s.a.m.AuthorizationManagerBeforeMethodInterceptor - Authorizing method invocation ReflectiveMethodInvocation: public java.lang.Long com.example.backend.controller.NotificationController.getUnreadCount(java.lang.String); target is of class [com.example.backend.controller.NotificationController]
2026-05-07 17:34:56 [http-nio-8081-exec-8] DEBUG o.s.s.a.m.AuthorizationManagerBeforeMethodInterceptor - Authorized method invocation ReflectiveMethodInvocation: public java.lang.Long com.example.backend.controller.NotificationController.getUnreadCount(java.lang.String); target is of class [com.example.backend.controller.NotificationController]
2026-05-07 17:34:56 [http-nio-8081-exec-3] DEBUG o.s.security.web.FilterChainProxy - Securing GET /api/v1/notifications/unread-count
2026-05-07 17:34:56 [http-nio-8081-exec-3] DEBUG o.s.security.web.FilterChainProxy - Secured GET /api/v1/notifications/unread-count
2026-05-07 17:34:56 [http-nio-8081-exec-3] DEBUG o.s.s.a.m.AuthorizationManagerBeforeMethodInterceptor - Authorizing method invocation ReflectiveMethodInvocation: public java.lang.Long com.example.backend.controller.NotificationController.getUnreadCount(java.lang.String); target is of class [com.example.backend.controller.NotificationController]
2026-05-07 17:34:56 [http-nio-8081-exec-3] DEBUG o.s.s.a.m.AuthorizationManagerBeforeMethodInterceptor - Authorized method invocation ReflectiveMethodInvocation: public java.lang.Long com.example.backend.controller.NotificationController.getUnreadCount(java.lang.String); target is of class [com.example.backend.controller.NotificationController]
2026-05-07 17:35:00 [http-nio-8081-exec-6] DEBUG o.s.security.web.FilterChainProxy - Securing POST /api/v1/posts/1a31afa4-7e4b-4801-9e2d-e37dc45ca555/like?userId=cb202a3a-1d25-42ea-9eee-67c7c85b9ef1
2026-05-07 17:35:00 [http-nio-8081-exec-6] DEBUG o.s.security.web.FilterChainProxy - Secured POST /api/v1/posts/1a31afa4-7e4b-4801-9e2d-e37dc45ca555/like?userId=cb202a3a-1d25-42ea-9eee-67c7c85b9ef1
2026-05-07 17:35:05 [http-nio-8081-exec-4] DEBUG o.s.security.web.FilterChainProxy - Securing OPTIONS /api/locations
2026-05-07 17:35:05 [http-nio-8081-exec-5] DEBUG o.s.security.web.FilterChainProxy - Securing GET /api/locations
2026-05-07 17:35:05 [http-nio-8081-exec-7] DEBUG o.s.security.web.FilterChainProxy - Securing OPTIONS /api/locations
2026-05-07 17:35:05 [http-nio-8081-exec-5] DEBUG o.s.security.web.FilterChainProxy - Secured GET /api/locations
2026-05-07 17:35:05 [http-nio-8081-exec-2] DEBUG o.s.security.web.FilterChainProxy - Securing GET /api/locations
2026-05-07 17:35:05 [http-nio-8081-exec-2] DEBUG o.s.security.web.FilterChainProxy - Secured GET /api/locations
2026-05-07 17:35:06 [http-nio-8081-exec-10] DEBUG o.s.security.web.FilterChainProxy - Securing GET /api/v1/notifications
2026-05-07 17:35:06 [http-nio-8081-exec-10] DEBUG o.s.security.web.FilterChainProxy - Secured GET /api/v1/notifications
2026-05-07 17:35:06 [http-nio-8081-exec-10] DEBUG o.s.s.a.m.AuthorizationManagerBeforeMethodInterceptor - Authorizing method invocation ReflectiveMethodInvocation: public org.springframework.data.domain.Page com.example.backend.controller.NotificationController.getMyNotifications(java.lang.String,int,int); target is of class [com.example.backend.controller.NotificationController]
2026-05-07 17:35:06 [http-nio-8081-exec-10] DEBUG o.s.s.a.m.AuthorizationManagerBeforeMethodInterceptor - Authorized method invocation ReflectiveMethodInvocation: public org.springframework.data.domain.Page com.example.backend.controller.NotificationController.getMyNotifications(java.lang.String,int,int); target is of class [com.example.backend.controller.NotificationController]
2026-05-07 17:35:06 [http-nio-8081-exec-1] DEBUG o.s.security.web.FilterChainProxy - Securing GET /api/v1/notifications
2026-05-07 17:35:06 [http-nio-8081-exec-1] DEBUG o.s.security.web.FilterChainProxy - Secured GET /api/v1/notifications
2026-05-07 17:35:06 [http-nio-8081-exec-1] DEBUG o.s.s.a.m.AuthorizationManagerBeforeMethodInterceptor - Authorizing method invocation ReflectiveMethodInvocation: public org.springframework.data.domain.Page com.example.backend.controller.NotificationController.getMyNotifications(java.lang.String,int,int); target is of class [com.example.backend.controller.NotificationController]
2026-05-07 17:35:06 [http-nio-8081-exec-1] DEBUG o.s.s.a.m.AuthorizationManagerBeforeMethodInterceptor - Authorized method invocation ReflectiveMethodInvocation: public org.springframework.data.domain.Page com.example.backend.controller.NotificationController.getMyNotifications(java.lang.String,int,int); target is of class [com.example.backend.controller.NotificationController]
2026-05-07 17:35:07 [http-nio-8081-exec-9] DEBUG o.s.security.web.FilterChainProxy - Securing GET /api/locations
2026-05-07 17:35:07 [http-nio-8081-exec-9] DEBUG o.s.security.web.FilterChainProxy - Secured GET /api/locations
2026-05-07 17:35:07 [http-nio-8081-exec-8] DEBUG o.s.security.web.FilterChainProxy - Securing GET /api/locations
2026-05-07 17:35:07 [http-nio-8081-exec-8] DEBUG o.s.security.web.FilterChainProxy - Secured GET /api/locations
2026-05-07 17:35:10 [http-nio-8081-exec-3] DEBUG o.s.security.web.FilterChainProxy - Securing GET /api/v1/notifications/unread-count
2026-05-07 17:35:10 [http-nio-8081-exec-3] DEBUG o.s.security.web.FilterChainProxy - Secured GET /api/v1/notifications/unread-count
2026-05-07 17:35:10 [http-nio-8081-exec-3] DEBUG o.s.s.a.m.AuthorizationManagerBeforeMethodInterceptor - Authorizing method invocation ReflectiveMethodInvocation: public java.lang.Long com.example.backend.controller.NotificationController.getUnreadCount(java.lang.String); target is of class [com.example.backend.controller.NotificationController]
2026-05-07 17:35:10 [http-nio-8081-exec-3] DEBUG o.s.s.a.m.AuthorizationManagerBeforeMethodInterceptor - Authorized method invocation ReflectiveMethodInvocation: public java.lang.Long com.example.backend.controller.NotificationController.getUnreadCount(java.lang.String); target is of class [com.example.backend.controller.NotificationController]
2026-05-07 17:35:10 [http-nio-8081-exec-6] DEBUG o.s.security.web.FilterChainProxy - Securing OPTIONS /api/locations/7a84b328-90c4-439b-b705-a3516a5e358f
2026-05-07 17:35:10 [http-nio-8081-exec-4] DEBUG o.s.security.web.FilterChainProxy - Securing OPTIONS /api/v1/posts/getAll
2026-05-07 17:35:10 [http-nio-8081-exec-5] DEBUG o.s.security.web.FilterChainProxy - Securing GET /api/v1/posts/getAll
2026-05-07 17:35:10 [http-nio-8081-exec-2] DEBUG o.s.security.web.FilterChainProxy - Securing OPTIONS /api/v1/posts/getAll
2026-05-07 17:35:10 [http-nio-8081-exec-7] DEBUG o.s.security.web.FilterChainProxy - Securing OPTIONS /api/locations/7a84b328-90c4-439b-b705-a3516a5e358f
2026-05-07 17:35:10 [http-nio-8081-exec-5] DEBUG o.s.security.web.FilterChainProxy - Secured GET /api/v1/posts/getAll
2026-05-07 17:35:10 [http-nio-8081-exec-10] DEBUG o.s.security.web.FilterChainProxy - Securing GET /api/locations/7a84b328-90c4-439b-b705-a3516a5e358f
2026-05-07 17:35:10 [http-nio-8081-exec-10] DEBUG o.s.security.web.FilterChainProxy - Secured GET /api/locations/7a84b328-90c4-439b-b705-a3516a5e358f
2026-05-07 17:35:10 [http-nio-8081-exec-1] DEBUG o.s.security.web.FilterChainProxy - Securing GET /api/locations/7a84b328-90c4-439b-b705-a3516a5e358f
2026-05-07 17:35:10 [http-nio-8081-exec-1] DEBUG o.s.security.web.FilterChainProxy - Secured GET /api/locations/7a84b328-90c4-439b-b705-a3516a5e358f
2026-05-07 17:35:10 [http-nio-8081-exec-9] DEBUG o.s.security.web.FilterChainProxy - Securing GET /api/v1/notifications/unread-count
2026-05-07 17:35:10 [http-nio-8081-exec-9] DEBUG o.s.security.web.FilterChainProxy - Secured GET /api/v1/notifications/unread-count
2026-05-07 17:35:10 [http-nio-8081-exec-9] DEBUG o.s.s.a.m.AuthorizationManagerBeforeMethodInterceptor - Authorizing method invocation ReflectiveMethodInvocation: public java.lang.Long com.example.backend.controller.NotificationController.getUnreadCount(java.lang.String); target is of class [com.example.backend.controller.NotificationController]
2026-05-07 17:35:10 [http-nio-8081-exec-9] DEBUG o.s.s.a.m.AuthorizationManagerBeforeMethodInterceptor - Authorized method invocation ReflectiveMethodInvocation: public java.lang.Long com.example.backend.controller.NotificationController.getUnreadCount(java.lang.String); target is of class [com.example.backend.controller.NotificationController]
2026-05-07 17:35:10 [http-nio-8081-exec-8] DEBUG o.s.security.web.FilterChainProxy - Securing GET /api/v1/posts/getAll
2026-05-07 17:35:10 [http-nio-8081-exec-8] DEBUG o.s.security.web.FilterChainProxy - Secured GET /api/v1/posts/getAll
2026-05-07 17:35:11 [http-nio-8081-exec-3] DEBUG o.s.security.web.FilterChainProxy - Securing GET /api/v1/notifications/unread-count
2026-05-07 17:35:11 [http-nio-8081-exec-3] DEBUG o.s.security.web.FilterChainProxy - Secured GET /api/v1/notifications/unread-count
2026-05-07 17:35:11 [http-nio-8081-exec-3] DEBUG o.s.s.a.m.AuthorizationManagerBeforeMethodInterceptor - Authorizing method invocation ReflectiveMethodInvocation: public java.lang.Long com.example.backend.controller.NotificationController.getUnreadCount(java.lang.String); target is of class [com.example.backend.controller.NotificationController]
2026-05-07 17:35:11 [http-nio-8081-exec-3] DEBUG o.s.s.a.m.AuthorizationManagerBeforeMethodInterceptor - Authorized method invocation ReflectiveMethodInvocation: public java.lang.Long com.example.backend.controller.NotificationController.getUnreadCount(java.lang.String); target is of class [com.example.backend.controller.NotificationController]
2026-05-07 17:35:14 [http-nio-8081-exec-4] DEBUG o.s.security.web.FilterChainProxy - Securing OPTIONS /api/v1/posts/458b6199-b4d6-4507-a29e-04497bce7150/like?userId=2ea069b0-fdb0-46f0-81d1-a6502ebfcce5
2026-05-07 17:35:14 [http-nio-8081-exec-6] DEBUG o.s.security.web.FilterChainProxy - Securing POST /api/v1/posts/458b6199-b4d6-4507-a29e-04497bce7150/like?userId=2ea069b0-fdb0-46f0-81d1-a6502ebfcce5
2026-05-07 17:35:14 [http-nio-8081-exec-6] DEBUG o.s.security.web.FilterChainProxy - Secured POST /api/v1/posts/458b6199-b4d6-4507-a29e-04497bce7150/like?userId=2ea069b0-fdb0-46f0-81d1-a6502ebfcce5
2026-05-07 17:35:25 [http-nio-8081-exec-2] DEBUG o.s.security.web.FilterChainProxy - Securing GET /api/v1/notifications/unread-count
2026-05-07 17:35:25 [http-nio-8081-exec-2] DEBUG o.s.security.web.FilterChainProxy - Secured GET /api/v1/notifications/unread-count
2026-05-07 17:35:25 [http-nio-8081-exec-2] DEBUG o.s.s.a.m.AuthorizationManagerBeforeMethodInterceptor - Authorizing method invocation ReflectiveMethodInvocation: public java.lang.Long com.example.backend.controller.NotificationController.getUnreadCount(java.lang.String); target is of class [com.example.backend.controller.NotificationController]
2026-05-07 17:35:25 [http-nio-8081-exec-2] DEBUG o.s.s.a.m.AuthorizationManagerBeforeMethodInterceptor - Authorized method invocation ReflectiveMethodInvocation: public java.lang.Long com.example.backend.controller.NotificationController.getUnreadCount(java.lang.String); target is of class [com.example.backend.controller.NotificationController]
2026-05-07 17:35:26 [http-nio-8081-exec-7] DEBUG o.s.security.web.FilterChainProxy - Securing GET /api/v1/notifications/unread-count
2026-05-07 17:35:26 [http-nio-8081-exec-7] DEBUG o.s.security.web.FilterChainProxy - Secured GET /api/v1/notifications/unread-count
2026-05-07 17:35:26 [http-nio-8081-exec-7] DEBUG o.s.s.a.m.AuthorizationManagerBeforeMethodInterceptor - Authorizing method invocation ReflectiveMethodInvocation: public java.lang.Long com.example.backend.controller.NotificationController.getUnreadCount(java.lang.String); target is of class [com.example.backend.controller.NotificationController]
2026-05-07 17:35:26 [http-nio-8081-exec-7] DEBUG o.s.s.a.m.AuthorizationManagerBeforeMethodInterceptor - Authorized method invocation ReflectiveMethodInvocation: public java.lang.Long com.example.backend.controller.NotificationController.getUnreadCount(java.lang.String); target is of class [com.example.backend.controller.NotificationController]
2026-05-07 17:35:26 [http-nio-8081-exec-10] DEBUG o.s.security.web.FilterChainProxy - Securing GET /api/v1/notifications/unread-count
2026-05-07 17:35:26 [http-nio-8081-exec-10] DEBUG o.s.security.web.FilterChainProxy - Secured GET /api/v1/notifications/unread-count
2026-05-07 17:35:26 [http-nio-8081-exec-10] DEBUG o.s.s.a.m.AuthorizationManagerBeforeMethodInterceptor - Authorizing method invocation ReflectiveMethodInvocation: public java.lang.Long com.example.backend.controller.NotificationController.getUnreadCount(java.lang.String); target is of class [com.example.backend.controller.NotificationController]
2026-05-07 17:35:26 [http-nio-8081-exec-10] DEBUG o.s.s.a.m.AuthorizationManagerBeforeMethodInterceptor - Authorized method invocation ReflectiveMethodInvocation: public java.lang.Long com.example.backend.controller.NotificationController.getUnreadCount(java.lang.String); target is of class [com.example.backend.controller.NotificationController]
2026-05-07 17:35:40 [http-nio-8081-exec-1] DEBUG o.s.security.web.FilterChainProxy - Securing GET /api/v1/notifications/unread-count
2026-05-07 17:35:40 [http-nio-8081-exec-1] DEBUG o.s.security.web.FilterChainProxy - Secured GET /api/v1/notifications/unread-count
2026-05-07 17:35:40 [http-nio-8081-exec-1] DEBUG o.s.s.a.m.AuthorizationManagerBeforeMethodInterceptor - Authorizing method invocation ReflectiveMethodInvocation: public java.lang.Long com.example.backend.controller.NotificationController.getUnreadCount(java.lang.String); target is of class [com.example.backend.controller.NotificationController]
2026-05-07 17:35:40 [http-nio-8081-exec-1] DEBUG o.s.s.a.m.AuthorizationManagerBeforeMethodInterceptor - Authorized method invocation ReflectiveMethodInvocation: public java.lang.Long com.example.backend.controller.NotificationController.getUnreadCount(java.lang.String); target is of class [com.example.backend.controller.NotificationController]
2026-05-07 17:35:41 [http-nio-8081-exec-9] DEBUG o.s.security.web.FilterChainProxy - Securing GET /api/v1/notifications/unread-count
2026-05-07 17:35:41 [http-nio-8081-exec-9] DEBUG o.s.security.web.FilterChainProxy - Secured GET /api/v1/notifications/unread-count
2026-05-07 17:35:41 [http-nio-8081-exec-9] DEBUG o.s.s.a.m.AuthorizationManagerBeforeMethodInterceptor - Authorizing method invocation ReflectiveMethodInvocation: public java.lang.Long com.example.backend.controller.NotificationController.getUnreadCount(java.lang.String); target is of class [com.example.backend.controller.NotificationController]
2026-05-07 17:35:41 [http-nio-8081-exec-9] DEBUG o.s.s.a.m.AuthorizationManagerBeforeMethodInterceptor - Authorized method invocation ReflectiveMethodInvocation: public java.lang.Long com.example.backend.controller.NotificationController.getUnreadCount(java.lang.String); target is of class [com.example.backend.controller.NotificationController]
2026-05-07 17:35:41 [http-nio-8081-exec-5] DEBUG o.s.security.web.FilterChainProxy - Securing GET /api/v1/notifications/unread-count
2026-05-07 17:35:41 [http-nio-8081-exec-5] DEBUG o.s.security.web.FilterChainProxy - Secured GET /api/v1/notifications/unread-count
2026-05-07 17:35:41 [http-nio-8081-exec-5] DEBUG o.s.s.a.m.AuthorizationManagerBeforeMethodInterceptor - Authorizing method invocation ReflectiveMethodInvocation: public java.lang.Long com.example.backend.controller.NotificationController.getUnreadCount(java.lang.String); target is of class [com.example.backend.controller.NotificationController]
2026-05-07 17:35:41 [http-nio-8081-exec-5] DEBUG o.s.s.a.m.AuthorizationManagerBeforeMethodInterceptor - Authorized method invocation ReflectiveMethodInvocation: public java.lang.Long com.example.backend.controller.NotificationController.getUnreadCount(java.lang.String); target is of class [com.example.backend.controller.NotificationController]
2026-05-07 17:35:55 [http-nio-8081-exec-3] DEBUG o.s.security.web.FilterChainProxy - Securing GET /api/v1/notifications/unread-count
2026-05-07 17:35:55 [http-nio-8081-exec-3] DEBUG o.s.security.web.FilterChainProxy - Secured GET /api/v1/notifications/unread-count
2026-05-07 17:35:55 [http-nio-8081-exec-3] DEBUG o.s.s.a.m.AuthorizationManagerBeforeMethodInterceptor - Authorizing method invocation ReflectiveMethodInvocation: public java.lang.Long com.example.backend.controller.NotificationController.getUnreadCount(java.lang.String); target is of class [com.example.backend.controller.NotificationController]
2026-05-07 17:35:55 [http-nio-8081-exec-3] DEBUG o.s.s.a.m.AuthorizationManagerBeforeMethodInterceptor - Authorized method invocation ReflectiveMethodInvocation: public java.lang.Long com.example.backend.controller.NotificationController.getUnreadCount(java.lang.String); target is of class [com.example.backend.controller.NotificationController]
2026-05-07 17:35:56 [http-nio-8081-exec-8] DEBUG o.s.security.web.FilterChainProxy - Securing GET /api/v1/notifications/unread-count
2026-05-07 17:35:56 [http-nio-8081-exec-8] DEBUG o.s.security.web.FilterChainProxy - Secured GET /api/v1/notifications/unread-count
2026-05-07 17:35:56 [http-nio-8081-exec-8] DEBUG o.s.s.a.m.AuthorizationManagerBeforeMethodInterceptor - Authorizing method invocation ReflectiveMethodInvocation: public java.lang.Long com.example.backend.controller.NotificationController.getUnreadCount(java.lang.String); target is of class [com.example.backend.controller.NotificationController]
2026-05-07 17:35:56 [http-nio-8081-exec-8] DEBUG o.s.s.a.m.AuthorizationManagerBeforeMethodInterceptor - Authorized method invocation ReflectiveMethodInvocation: public java.lang.Long com.example.backend.controller.NotificationController.getUnreadCount(java.lang.String); target is of class [com.example.backend.controller.NotificationController]
2026-05-07 17:35:56 [http-nio-8081-exec-4] DEBUG o.s.security.web.FilterChainProxy - Securing GET /api/v1/notifications/unread-count
2026-05-07 17:35:56 [http-nio-8081-exec-4] DEBUG o.s.security.web.FilterChainProxy - Secured GET /api/v1/notifications/unread-count
2026-05-07 17:35:56 [http-nio-8081-exec-4] DEBUG o.s.s.a.m.AuthorizationManagerBeforeMethodInterceptor - Authorizing method invocation ReflectiveMethodInvocation: public java.lang.Long com.example.backend.controller.NotificationController.getUnreadCount(java.lang.String); target is of class [com.example.backend.controller.NotificationController]
2026-05-07 17:35:56 [http-nio-8081-exec-4] DEBUG o.s.s.a.m.AuthorizationManagerBeforeMethodInterceptor - Authorized method invocation ReflectiveMethodInvocation: public java.lang.Long com.example.backend.controller.NotificationController.getUnreadCount(java.lang.String); target is of class [com.example.backend.controller.NotificationController]
2026-05-07 17:36:00 [http-nio-8081-exec-6] DEBUG o.s.security.web.FilterChainProxy - Securing POST /api/v1/posts/1a31afa4-7e4b-4801-9e2d-e37dc45ca555/like?userId=cb202a3a-1d25-42ea-9eee-67c7c85b9ef1
2026-05-07 17:36:00 [http-nio-8081-exec-6] DEBUG o.s.security.web.FilterChainProxy - Secured POST /api/v1/posts/1a31afa4-7e4b-4801-9e2d-e37dc45ca555/like?userId=cb202a3a-1d25-42ea-9eee-67c7c85b9ef1
2026-05-07 17:36:01 [http-nio-8081-exec-2] DEBUG o.s.security.web.FilterChainProxy - Securing POST /api/v1/posts/1a31afa4-7e4b-4801-9e2d-e37dc45ca555/like?userId=cb202a3a-1d25-42ea-9eee-67c7c85b9ef1
2026-05-07 17:36:01 [http-nio-8081-exec-2] DEBUG o.s.security.web.FilterChainProxy - Secured POST /api/v1/posts/1a31afa4-7e4b-4801-9e2d-e37dc45ca555/like?userId=cb202a3a-1d25-42ea-9eee-67c7c85b9ef1
2026-05-07 17:36:04 [http-nio-8081-exec-7] DEBUG o.s.security.web.FilterChainProxy - Securing GET /api/locations/7a362581-f0df-43d4-b7c7-074bde1b7c3d
2026-05-07 17:36:04 [http-nio-8081-exec-10] DEBUG o.s.security.web.FilterChainProxy - Securing GET /api/v1/posts/getAll
2026-05-07 17:36:04 [http-nio-8081-exec-7] DEBUG o.s.security.web.FilterChainProxy - Secured GET /api/locations/7a362581-f0df-43d4-b7c7-074bde1b7c3d
2026-05-07 17:36:04 [http-nio-8081-exec-10] DEBUG o.s.security.web.FilterChainProxy - Secured GET /api/v1/posts/getAll
2026-05-07 17:36:04 [http-nio-8081-exec-1] DEBUG o.s.security.web.FilterChainProxy - Securing GET /users/me
2026-05-07 17:36:04 [http-nio-8081-exec-1] DEBUG o.s.security.web.FilterChainProxy - Secured GET /users/me
2026-05-07 17:36:05 [http-nio-8081-exec-9] DEBUG o.s.security.web.FilterChainProxy - Securing GET /api/locations/7a84b328-90c4-439b-b705-a3516a5e358f
2026-05-07 17:36:05 [http-nio-8081-exec-5] DEBUG o.s.security.web.FilterChainProxy - Securing GET /api/v1/posts/getAll
2026-05-07 17:36:05 [http-nio-8081-exec-9] DEBUG o.s.security.web.FilterChainProxy - Secured GET /api/locations/7a84b328-90c4-439b-b705-a3516a5e358f
2026-05-07 17:36:05 [http-nio-8081-exec-5] DEBUG o.s.security.web.FilterChainProxy - Secured GET /api/v1/posts/getAll
2026-05-07 17:36:05 [http-nio-8081-exec-3] DEBUG o.s.security.web.FilterChainProxy - Securing GET /users/me
2026-05-07 17:36:05 [http-nio-8081-exec-3] DEBUG o.s.security.web.FilterChainProxy - Secured GET /users/me
2026-05-07 17:36:05 [http-nio-8081-exec-8] DEBUG o.s.security.web.FilterChainProxy - Securing GET /api/v1/notifications/unread-count
2026-05-07 17:36:05 [http-nio-8081-exec-8] DEBUG o.s.security.web.FilterChainProxy - Secured GET /api/v1/notifications/unread-count
2026-05-07 17:36:05 [http-nio-8081-exec-8] DEBUG o.s.s.a.m.AuthorizationManagerBeforeMethodInterceptor - Authorizing method invocation ReflectiveMethodInvocation: public java.lang.Long com.example.backend.controller.NotificationController.getUnreadCount(java.lang.String); target is of class [com.example.backend.controller.NotificationController]
2026-05-07 17:36:05 [http-nio-8081-exec-8] DEBUG o.s.s.a.m.AuthorizationManagerBeforeMethodInterceptor - Authorized method invocation ReflectiveMethodInvocation: public java.lang.Long com.example.backend.controller.NotificationController.getUnreadCount(java.lang.String); target is of class [com.example.backend.controller.NotificationController]
2026-05-07 17:36:05 [http-nio-8081-exec-4] DEBUG o.s.security.web.FilterChainProxy - Securing GET /api/v1/notifications/unread-count
2026-05-07 17:36:05 [http-nio-8081-exec-4] DEBUG o.s.security.web.FilterChainProxy - Secured GET /api/v1/notifications/unread-count
2026-05-07 17:36:05 [http-nio-8081-exec-4] DEBUG o.s.s.a.m.AuthorizationManagerBeforeMethodInterceptor - Authorizing method invocation ReflectiveMethodInvocation: public java.lang.Long com.example.backend.controller.NotificationController.getUnreadCount(java.lang.String); target is of class [com.example.backend.controller.NotificationController]
2026-05-07 17:36:05 [http-nio-8081-exec-4] DEBUG o.s.s.a.m.AuthorizationManagerBeforeMethodInterceptor - Authorized method invocation ReflectiveMethodInvocation: public java.lang.Long com.example.backend.controller.NotificationController.getUnreadCount(java.lang.String); target is of class [com.example.backend.controller.NotificationController]
2026-05-07 17:36:05 [http-nio-8081-exec-6] DEBUG o.s.security.web.FilterChainProxy - Securing GET /api/v1/notifications
2026-05-07 17:36:05 [http-nio-8081-exec-6] DEBUG o.s.security.web.FilterChainProxy - Secured GET /api/v1/notifications
2026-05-07 17:36:05 [http-nio-8081-exec-6] DEBUG o.s.s.a.m.AuthorizationManagerBeforeMethodInterceptor - Authorizing method invocation ReflectiveMethodInvocation: public org.springframework.data.domain.Page com.example.backend.controller.NotificationController.getMyNotifications(java.lang.String,int,int); target is of class [com.example.backend.controller.NotificationController]
2026-05-07 17:36:05 [http-nio-8081-exec-6] DEBUG o.s.s.a.m.AuthorizationManagerBeforeMethodInterceptor - Authorized method invocation ReflectiveMethodInvocation: public org.springframework.data.domain.Page com.example.backend.controller.NotificationController.getMyNotifications(java.lang.String,int,int); target is of class [com.example.backend.controller.NotificationController]
2026-05-07 17:36:05 [http-nio-8081-exec-2] DEBUG o.s.security.web.FilterChainProxy - Securing GET /users/me
2026-05-07 17:36:05 [http-nio-8081-exec-2] DEBUG o.s.security.web.FilterChainProxy - Secured GET /users/me
2026-05-07 17:36:05 [http-nio-8081-exec-1] DEBUG o.s.security.web.FilterChainProxy - Securing GET /api/v1/notifications/unread-count
2026-05-07 17:36:05 [http-nio-8081-exec-1] DEBUG o.s.security.web.FilterChainProxy - Secured GET /api/v1/notifications/unread-count
2026-05-07 17:36:05 [http-nio-8081-exec-1] DEBUG o.s.s.a.m.AuthorizationManagerBeforeMethodInterceptor - Authorizing method invocation ReflectiveMethodInvocation: public java.lang.Long com.example.backend.controller.NotificationController.getUnreadCount(java.lang.String); target is of class [com.example.backend.controller.NotificationController]
2026-05-07 17:36:05 [http-nio-8081-exec-1] DEBUG o.s.s.a.m.AuthorizationManagerBeforeMethodInterceptor - Authorized method invocation ReflectiveMethodInvocation: public java.lang.Long com.example.backend.controller.NotificationController.getUnreadCount(java.lang.String); target is of class [com.example.backend.controller.NotificationController]
2026-05-07 17:36:06 [http-nio-8081-exec-7] DEBUG o.s.security.web.FilterChainProxy - Securing GET /api/v1/notifications
2026-05-07 17:36:06 [http-nio-8081-exec-7] DEBUG o.s.security.web.FilterChainProxy - Secured GET /api/v1/notifications
2026-05-07 17:36:06 [http-nio-8081-exec-7] DEBUG o.s.s.a.m.AuthorizationManagerBeforeMethodInterceptor - Authorizing method invocation ReflectiveMethodInvocation: public org.springframework.data.domain.Page com.example.backend.controller.NotificationController.getMyNotifications(java.lang.String,int,int); target is of class [com.example.backend.controller.NotificationController]
2026-05-07 17:36:06 [http-nio-8081-exec-7] DEBUG o.s.s.a.m.AuthorizationManagerBeforeMethodInterceptor - Authorized method invocation ReflectiveMethodInvocation: public org.springframework.data.domain.Page com.example.backend.controller.NotificationController.getMyNotifications(java.lang.String,int,int); target is of class [com.example.backend.controller.NotificationController]
2026-05-07 17:36:06 [http-nio-8081-exec-9] DEBUG o.s.security.web.FilterChainProxy - Securing GET /api/v1/notifications
2026-05-07 17:36:06 [http-nio-8081-exec-9] DEBUG o.s.security.web.FilterChainProxy - Secured GET /api/v1/notifications
2026-05-07 17:36:06 [http-nio-8081-exec-9] DEBUG o.s.s.a.m.AuthorizationManagerBeforeMethodInterceptor - Authorizing method invocation ReflectiveMethodInvocation: public org.springframework.data.domain.Page com.example.backend.controller.NotificationController.getMyNotifications(java.lang.String,int,int); target is of class [com.example.backend.controller.NotificationController]
2026-05-07 17:36:06 [http-nio-8081-exec-9] DEBUG o.s.s.a.m.AuthorizationManagerBeforeMethodInterceptor - Authorized method invocation ReflectiveMethodInvocation: public org.springframework.data.domain.Page com.example.backend.controller.NotificationController.getMyNotifications(java.lang.String,int,int); target is of class [com.example.backend.controller.NotificationController]
2026-05-07 17:36:11 [http-nio-8081-exec-3] DEBUG o.s.security.web.FilterChainProxy - Securing GET /api/locations
2026-05-07 17:36:11 [http-nio-8081-exec-3] DEBUG o.s.security.web.FilterChainProxy - Secured GET /api/locations
2026-05-07 17:36:11 [http-nio-8081-exec-8] DEBUG o.s.security.web.FilterChainProxy - Securing GET /api/locations
2026-05-07 17:36:11 [http-nio-8081-exec-8] DEBUG o.s.security.web.FilterChainProxy - Secured GET /api/locations
2026-05-07 17:36:11 [http-nio-8081-exec-4] DEBUG o.s.security.web.FilterChainProxy - Securing OPTIONS /api/locations/7a362581-f0df-43d4-b7c7-074bde1b7c3d
2026-05-07 17:36:11 [http-nio-8081-exec-5] DEBUG o.s.security.web.FilterChainProxy - Securing GET /api/v1/posts/getAll
2026-05-07 17:36:11 [http-nio-8081-exec-2] DEBUG o.s.security.web.FilterChainProxy - Securing OPTIONS /api/locations/7a362581-f0df-43d4-b7c7-074bde1b7c3d
2026-05-07 17:36:11 [http-nio-8081-exec-5] DEBUG o.s.security.web.FilterChainProxy - Secured GET /api/v1/posts/getAll
2026-05-07 17:36:11 [http-nio-8081-exec-6] DEBUG o.s.security.web.FilterChainProxy - Securing GET /api/locations/7a362581-f0df-43d4-b7c7-074bde1b7c3d
2026-05-07 17:36:11 [http-nio-8081-exec-6] DEBUG o.s.security.web.FilterChainProxy - Secured GET /api/locations/7a362581-f0df-43d4-b7c7-074bde1b7c3d
2026-05-07 17:36:11 [http-nio-8081-exec-1] DEBUG o.s.security.web.FilterChainProxy - Securing GET /api/locations/7a362581-f0df-43d4-b7c7-074bde1b7c3d
2026-05-07 17:36:11 [http-nio-8081-exec-1] DEBUG o.s.security.web.FilterChainProxy - Secured GET /api/locations/7a362581-f0df-43d4-b7c7-074bde1b7c3d
2026-05-07 17:36:11 [http-nio-8081-exec-5] DEBUG o.s.security.web.FilterChainProxy - Securing GET /api/v1/posts/getAll
2026-05-07 17:36:11 [http-nio-8081-exec-5] DEBUG o.s.security.web.FilterChainProxy - Secured GET /api/v1/posts/getAll
2026-05-07 17:36:15 [http-nio-8081-exec-9] DEBUG o.s.security.web.FilterChainProxy - Securing OPTIONS /api/v1/posts/7b54ce20-7613-4cc4-bca5-351a6825c4c6/like?userId=2ea069b0-fdb0-46f0-81d1-a6502ebfcce5
2026-05-07 17:36:15 [http-nio-8081-exec-3] DEBUG o.s.security.web.FilterChainProxy - Securing POST /api/v1/posts/7b54ce20-7613-4cc4-bca5-351a6825c4c6/like?userId=2ea069b0-fdb0-46f0-81d1-a6502ebfcce5
2026-05-07 17:36:15 [http-nio-8081-exec-3] DEBUG o.s.security.web.FilterChainProxy - Secured POST /api/v1/posts/7b54ce20-7613-4cc4-bca5-351a6825c4c6/like?userId=2ea069b0-fdb0-46f0-81d1-a6502ebfcce5
2026-05-07 17:36:16 [http-nio-8081-exec-8] DEBUG o.s.security.web.FilterChainProxy - Securing POST /api/v1/posts/7b54ce20-7613-4cc4-bca5-351a6825c4c6/like?userId=2ea069b0-fdb0-46f0-81d1-a6502ebfcce5
2026-05-07 17:36:16 [http-nio-8081-exec-8] DEBUG o.s.security.web.FilterChainProxy - Secured POST /api/v1/posts/7b54ce20-7613-4cc4-bca5-351a6825c4c6/like?userId=2ea069b0-fdb0-46f0-81d1-a6502ebfcce5
2026-05-07 17:36:18 [http-nio-8081-exec-10] DEBUG o.s.security.web.FilterChainProxy - Securing GET /api/v1/notifications
2026-05-07 17:36:18 [http-nio-8081-exec-10] DEBUG o.s.security.web.FilterChainProxy - Secured GET /api/v1/notifications
2026-05-07 17:36:18 [http-nio-8081-exec-10] DEBUG o.s.s.a.m.AuthorizationManagerBeforeMethodInterceptor - Authorizing method invocation ReflectiveMethodInvocation: public org.springframework.data.domain.Page com.example.backend.controller.NotificationController.getMyNotifications(java.lang.String,int,int); target is of class [com.example.backend.controller.NotificationController]
2026-05-07 17:36:18 [http-nio-8081-exec-10] DEBUG o.s.s.a.m.AuthorizationManagerBeforeMethodInterceptor - Authorized method invocation ReflectiveMethodInvocation: public org.springframework.data.domain.Page com.example.backend.controller.NotificationController.getMyNotifications(java.lang.String,int,int); target is of class [com.example.backend.controller.NotificationController]
2026-05-07 17:36:18 [http-nio-8081-exec-10] DEBUG o.s.security.web.FilterChainProxy - Securing GET /api/v1/notifications
2026-05-07 17:36:18 [http-nio-8081-exec-10] DEBUG o.s.security.web.FilterChainProxy - Secured GET /api/v1/notifications
2026-05-07 17:36:18 [http-nio-8081-exec-10] DEBUG o.s.s.a.m.AuthorizationManagerBeforeMethodInterceptor - Authorizing method invocation ReflectiveMethodInvocation: public org.springframework.data.domain.Page com.example.backend.controller.NotificationController.getMyNotifications(java.lang.String,int,int); target is of class [com.example.backend.controller.NotificationController]
2026-05-07 17:36:18 [http-nio-8081-exec-10] DEBUG o.s.s.a.m.AuthorizationManagerBeforeMethodInterceptor - Authorized method invocation ReflectiveMethodInvocation: public org.springframework.data.domain.Page com.example.backend.controller.NotificationController.getMyNotifications(java.lang.String,int,int); target is of class [com.example.backend.controller.NotificationController]
2026-05-07 17:36:20 [http-nio-8081-exec-2] DEBUG o.s.security.web.FilterChainProxy - Securing GET /api/v1/notifications/unread-count
2026-05-07 17:36:20 [http-nio-8081-exec-2] DEBUG o.s.security.web.FilterChainProxy - Secured GET /api/v1/notifications/unread-count
2026-05-07 17:36:20 [http-nio-8081-exec-2] DEBUG o.s.s.a.m.AuthorizationManagerBeforeMethodInterceptor - Authorizing method invocation ReflectiveMethodInvocation: public java.lang.Long com.example.backend.controller.NotificationController.getUnreadCount(java.lang.String); target is of class [com.example.backend.controller.NotificationController]
2026-05-07 17:36:20 [http-nio-8081-exec-2] DEBUG o.s.s.a.m.AuthorizationManagerBeforeMethodInterceptor - Authorized method invocation ReflectiveMethodInvocation: public java.lang.Long com.example.backend.controller.NotificationController.getUnreadCount(java.lang.String); target is of class [com.example.backend.controller.NotificationController]
2026-05-07 17:36:20 [http-nio-8081-exec-6] DEBUG o.s.security.web.FilterChainProxy - Securing GET /api/v1/notifications/unread-count
2026-05-07 17:36:20 [http-nio-8081-exec-6] DEBUG o.s.security.web.FilterChainProxy - Secured GET /api/v1/notifications/unread-count
2026-05-07 17:36:20 [http-nio-8081-exec-6] DEBUG o.s.s.a.m.AuthorizationManagerBeforeMethodInterceptor - Authorizing method invocation ReflectiveMethodInvocation: public java.lang.Long com.example.backend.controller.NotificationController.getUnreadCount(java.lang.String); target is of class [com.example.backend.controller.NotificationController]
2026-05-07 17:36:20 [http-nio-8081-exec-6] DEBUG o.s.s.a.m.AuthorizationManagerBeforeMethodInterceptor - Authorized method invocation ReflectiveMethodInvocation: public java.lang.Long com.example.backend.controller.NotificationController.getUnreadCount(java.lang.String); target is of class [com.example.backend.controller.NotificationController]
2026-05-07 17:36:21 [http-nio-8081-exec-1] DEBUG o.s.security.web.FilterChainProxy - Securing GET /api/v1/notifications/unread-count
2026-05-07 17:36:21 [http-nio-8081-exec-1] DEBUG o.s.security.web.FilterChainProxy - Secured GET /api/v1/notifications/unread-count
2026-05-07 17:36:21 [http-nio-8081-exec-1] DEBUG o.s.s.a.m.AuthorizationManagerBeforeMethodInterceptor - Authorizing method invocation ReflectiveMethodInvocation: public java.lang.Long com.example.backend.controller.NotificationController.getUnreadCount(java.lang.String); target is of class [com.example.backend.controller.NotificationController]
2026-05-07 17:36:21 [http-nio-8081-exec-1] DEBUG o.s.s.a.m.AuthorizationManagerBeforeMethodInterceptor - Authorized method invocation ReflectiveMethodInvocation: public java.lang.Long com.example.backend.controller.NotificationController.getUnreadCount(java.lang.String); target is of class [com.example.backend.controller.NotificationController]
2026-05-07 17:36:29 [http-nio-8081-exec-7] DEBUG o.s.security.web.FilterChainProxy - Securing GET /api/v1/notifications
2026-05-07 17:36:29 [http-nio-8081-exec-7] DEBUG o.s.security.web.FilterChainProxy - Secured GET /api/v1/notifications
2026-05-07 17:36:29 [http-nio-8081-exec-7] DEBUG o.s.s.a.m.AuthorizationManagerBeforeMethodInterceptor - Authorizing method invocation ReflectiveMethodInvocation: public org.springframework.data.domain.Page com.example.backend.controller.NotificationController.getMyNotifications(java.lang.String,int,int); target is of class [com.example.backend.controller.NotificationController]
2026-05-07 17:36:29 [http-nio-8081-exec-7] DEBUG o.s.s.a.m.AuthorizationManagerBeforeMethodInterceptor - Authorized method invocation ReflectiveMethodInvocation: public org.springframework.data.domain.Page com.example.backend.controller.NotificationController.getMyNotifications(java.lang.String,int,int); target is of class [com.example.backend.controller.NotificationController]
2026-05-07 17:36:29 [http-nio-8081-exec-5] DEBUG o.s.security.web.FilterChainProxy - Securing GET /api/v1/notifications
2026-05-07 17:36:29 [http-nio-8081-exec-5] DEBUG o.s.security.web.FilterChainProxy - Secured GET /api/v1/notifications
2026-05-07 17:36:29 [http-nio-8081-exec-5] DEBUG o.s.s.a.m.AuthorizationManagerBeforeMethodInterceptor - Authorizing method invocation ReflectiveMethodInvocation: public org.springframework.data.domain.Page com.example.backend.controller.NotificationController.getMyNotifications(java.lang.String,int,int); target is of class [com.example.backend.controller.NotificationController]
2026-05-07 17:36:29 [http-nio-8081-exec-5] DEBUG o.s.s.a.m.AuthorizationManagerBeforeMethodInterceptor - Authorized method invocation ReflectiveMethodInvocation: public org.springframework.data.domain.Page com.example.backend.controller.NotificationController.getMyNotifications(java.lang.String,int,int); target is of class [com.example.backend.controller.NotificationController]
2026-05-07 17:36:32 [http-nio-8081-exec-3] DEBUG o.s.security.web.FilterChainProxy - Securing GET /users/me
2026-05-07 17:36:32 [http-nio-8081-exec-9] DEBUG o.s.security.web.FilterChainProxy - Securing GET /api/v1/notifications
2026-05-07 17:36:32 [http-nio-8081-exec-3] DEBUG o.s.security.web.FilterChainProxy - Secured GET /users/me
2026-05-07 17:36:32 [http-nio-8081-exec-9] DEBUG o.s.security.web.FilterChainProxy - Secured GET /api/v1/notifications
2026-05-07 17:36:32 [http-nio-8081-exec-9] DEBUG o.s.s.a.m.AuthorizationManagerBeforeMethodInterceptor - Authorizing method invocation ReflectiveMethodInvocation: public org.springframework.data.domain.Page com.example.backend.controller.NotificationController.getMyNotifications(java.lang.String,int,int); target is of class [com.example.backend.controller.NotificationController]
2026-05-07 17:36:32 [http-nio-8081-exec-9] DEBUG o.s.s.a.m.AuthorizationManagerBeforeMethodInterceptor - Authorized method invocation ReflectiveMethodInvocation: public org.springframework.data.domain.Page com.example.backend.controller.NotificationController.getMyNotifications(java.lang.String,int,int); target is of class [com.example.backend.controller.NotificationController]
2026-05-07 17:36:32 [http-nio-8081-exec-8] DEBUG o.s.security.web.FilterChainProxy - Securing GET /api/v1/notifications/unread-count
2026-05-07 17:36:32 [http-nio-8081-exec-8] DEBUG o.s.security.web.FilterChainProxy - Secured GET /api/v1/notifications/unread-count
2026-05-07 17:36:32 [http-nio-8081-exec-8] DEBUG o.s.s.a.m.AuthorizationManagerBeforeMethodInterceptor - Authorizing method invocation ReflectiveMethodInvocation: public java.lang.Long com.example.backend.controller.NotificationController.getUnreadCount(java.lang.String); target is of class [com.example.backend.controller.NotificationController]
2026-05-07 17:36:32 [http-nio-8081-exec-8] DEBUG o.s.s.a.m.AuthorizationManagerBeforeMethodInterceptor - Authorized method invocation ReflectiveMethodInvocation: public java.lang.Long com.example.backend.controller.NotificationController.getUnreadCount(java.lang.String); target is of class [com.example.backend.controller.NotificationController]
2026-05-07 17:36:32 [http-nio-8081-exec-4] DEBUG o.s.security.web.FilterChainProxy - Securing GET /api/v1/notifications
2026-05-07 17:36:32 [http-nio-8081-exec-10] DEBUG o.s.security.web.FilterChainProxy - Securing GET /users/me
2026-05-07 17:36:32 [http-nio-8081-exec-4] DEBUG o.s.security.web.FilterChainProxy - Secured GET /api/v1/notifications
2026-05-07 17:36:32 [http-nio-8081-exec-10] DEBUG o.s.security.web.FilterChainProxy - Secured GET /users/me
2026-05-07 17:36:32 [http-nio-8081-exec-4] DEBUG o.s.s.a.m.AuthorizationManagerBeforeMethodInterceptor - Authorizing method invocation ReflectiveMethodInvocation: public org.springframework.data.domain.Page com.example.backend.controller.NotificationController.getMyNotifications(java.lang.String,int,int); target is of class [com.example.backend.controller.NotificationController]
2026-05-07 17:36:32 [http-nio-8081-exec-4] DEBUG o.s.s.a.m.AuthorizationManagerBeforeMethodInterceptor - Authorized method invocation ReflectiveMethodInvocation: public org.springframework.data.domain.Page com.example.backend.controller.NotificationController.getMyNotifications(java.lang.String,int,int); target is of class [com.example.backend.controller.NotificationController]
2026-05-07 17:36:32 [http-nio-8081-exec-2] DEBUG o.s.security.web.FilterChainProxy - Securing GET /api/v1/notifications/unread-count
2026-05-07 17:36:32 [http-nio-8081-exec-2] DEBUG o.s.security.web.FilterChainProxy - Secured GET /api/v1/notifications/unread-count
2026-05-07 17:36:32 [http-nio-8081-exec-2] DEBUG o.s.s.a.m.AuthorizationManagerBeforeMethodInterceptor - Authorizing method invocation ReflectiveMethodInvocation: public java.lang.Long com.example.backend.controller.NotificationController.getUnreadCount(java.lang.String); target is of class [com.example.backend.controller.NotificationController]
2026-05-07 17:36:32 [http-nio-8081-exec-2] DEBUG o.s.s.a.m.AuthorizationManagerBeforeMethodInterceptor - Authorized method invocation ReflectiveMethodInvocation: public java.lang.Long com.example.backend.controller.NotificationController.getUnreadCount(java.lang.String); target is of class [com.example.backend.controller.NotificationController]
2026-05-07 17:36:33 [http-nio-8081-exec-6] DEBUG o.s.security.web.FilterChainProxy - Securing GET /api/v1/notifications
2026-05-07 17:36:33 [http-nio-8081-exec-6] DEBUG o.s.security.web.FilterChainProxy - Secured GET /api/v1/notifications
2026-05-07 17:36:33 [http-nio-8081-exec-6] DEBUG o.s.s.a.m.AuthorizationManagerBeforeMethodInterceptor - Authorizing method invocation ReflectiveMethodInvocation: public org.springframework.data.domain.Page com.example.backend.controller.NotificationController.getMyNotifications(java.lang.String,int,int); target is of class [com.example.backend.controller.NotificationController]
2026-05-07 17:36:33 [http-nio-8081-exec-6] DEBUG o.s.s.a.m.AuthorizationManagerBeforeMethodInterceptor - Authorized method invocation ReflectiveMethodInvocation: public org.springframework.data.domain.Page com.example.backend.controller.NotificationController.getMyNotifications(java.lang.String,int,int); target is of class [com.example.backend.controller.NotificationController]
2026-05-07 17:36:33 [http-nio-8081-exec-1] DEBUG o.s.security.web.FilterChainProxy - Securing GET /users/me
2026-05-07 17:36:33 [http-nio-8081-exec-1] DEBUG o.s.security.web.FilterChainProxy - Secured GET /users/me
2026-05-07 17:36:33 [http-nio-8081-exec-7] DEBUG o.s.security.web.FilterChainProxy - Securing GET /api/v1/notifications/unread-count
2026-05-07 17:36:33 [http-nio-8081-exec-7] DEBUG o.s.security.web.FilterChainProxy - Secured GET /api/v1/notifications/unread-count
2026-05-07 17:36:33 [http-nio-8081-exec-7] DEBUG o.s.s.a.m.AuthorizationManagerBeforeMethodInterceptor - Authorizing method invocation ReflectiveMethodInvocation: public java.lang.Long com.example.backend.controller.NotificationController.getUnreadCount(java.lang.String); target is of class [com.example.backend.controller.NotificationController]
2026-05-07 17:36:33 [http-nio-8081-exec-7] DEBUG o.s.s.a.m.AuthorizationManagerBeforeMethodInterceptor - Authorized method invocation ReflectiveMethodInvocation: public java.lang.Long com.example.backend.controller.NotificationController.getUnreadCount(java.lang.String); target is of class [com.example.backend.controller.NotificationController]
2026-05-07 17:36:34 [http-nio-8081-exec-5] DEBUG o.s.security.web.FilterChainProxy - Securing GET /api/v1/notifications
2026-05-07 17:36:34 [http-nio-8081-exec-5] DEBUG o.s.security.web.FilterChainProxy - Secured GET /api/v1/notifications
2026-05-07 17:36:34 [http-nio-8081-exec-3] DEBUG o.s.security.web.FilterChainProxy - Securing GET /users/me
2026-05-07 17:36:34 [http-nio-8081-exec-3] DEBUG o.s.security.web.FilterChainProxy - Secured GET /users/me
2026-05-07 17:36:34 [http-nio-8081-exec-5] DEBUG o.s.s.a.m.AuthorizationManagerBeforeMethodInterceptor - Authorizing method invocation ReflectiveMethodInvocation: public org.springframework.data.domain.Page com.example.backend.controller.NotificationController.getMyNotifications(java.lang.String,int,int); target is of class [com.example.backend.controller.NotificationController]
2026-05-07 17:36:34 [http-nio-8081-exec-5] DEBUG o.s.s.a.m.AuthorizationManagerBeforeMethodInterceptor - Authorized method invocation ReflectiveMethodInvocation: public org.springframework.data.domain.Page com.example.backend.controller.NotificationController.getMyNotifications(java.lang.String,int,int); target is of class [com.example.backend.controller.NotificationController]
2026-05-07 17:36:34 [http-nio-8081-exec-9] DEBUG o.s.security.web.FilterChainProxy - Securing GET /api/v1/notifications/unread-count
2026-05-07 17:36:34 [http-nio-8081-exec-9] DEBUG o.s.security.web.FilterChainProxy - Secured GET /api/v1/notifications/unread-count
2026-05-07 17:36:34 [http-nio-8081-exec-9] DEBUG o.s.s.a.m.AuthorizationManagerBeforeMethodInterceptor - Authorizing method invocation ReflectiveMethodInvocation: public java.lang.Long com.example.backend.controller.NotificationController.getUnreadCount(java.lang.String); target is of class [com.example.backend.controller.NotificationController]
2026-05-07 17:36:34 [http-nio-8081-exec-9] DEBUG o.s.s.a.m.AuthorizationManagerBeforeMethodInterceptor - Authorized method invocation ReflectiveMethodInvocation: public java.lang.Long com.example.backend.controller.NotificationController.getUnreadCount(java.lang.String); target is of class [com.example.backend.controller.NotificationController]
2026-05-07 17:36:45 [http-nio-8081-exec-8] DEBUG o.s.security.web.FilterChainProxy - Securing GET /api/v1/posts/getAll
2026-05-07 17:36:45 [http-nio-8081-exec-8] DEBUG o.s.security.web.FilterChainProxy - Secured GET /api/v1/posts/getAll
2026-05-07 17:36:45 [http-nio-8081-exec-10] DEBUG o.s.security.web.FilterChainProxy - Securing GET /api/v1/posts/getAll
2026-05-07 17:36:45 [http-nio-8081-exec-10] DEBUG o.s.security.web.FilterChainProxy - Secured GET /api/v1/posts/getAll
2026-05-07 17:36:47 [http-nio-8081-exec-4] DEBUG o.s.security.web.FilterChainProxy - Securing GET /api/v1/notifications/unread-count
2026-05-07 17:36:47 [http-nio-8081-exec-4] DEBUG o.s.security.web.FilterChainProxy - Secured GET /api/v1/notifications/unread-count
2026-05-07 17:36:47 [http-nio-8081-exec-4] DEBUG o.s.s.a.m.AuthorizationManagerBeforeMethodInterceptor - Authorizing method invocation ReflectiveMethodInvocation: public java.lang.Long com.example.backend.controller.NotificationController.getUnreadCount(java.lang.String); target is of class [com.example.backend.controller.NotificationController]
2026-05-07 17:36:47 [http-nio-8081-exec-4] DEBUG o.s.s.a.m.AuthorizationManagerBeforeMethodInterceptor - Authorized method invocation ReflectiveMethodInvocation: public java.lang.Long com.example.backend.controller.NotificationController.getUnreadCount(java.lang.String); target is of class [com.example.backend.controller.NotificationController]
2026-05-07 17:36:48 [http-nio-8081-exec-2] DEBUG o.s.security.web.FilterChainProxy - Securing GET /api/v1/notifications/unread-count
2026-05-07 17:36:48 [http-nio-8081-exec-2] DEBUG o.s.security.web.FilterChainProxy - Secured GET /api/v1/notifications/unread-count
2026-05-07 17:36:48 [http-nio-8081-exec-2] DEBUG o.s.s.a.m.AuthorizationManagerBeforeMethodInterceptor - Authorizing method invocation ReflectiveMethodInvocation: public java.lang.Long com.example.backend.controller.NotificationController.getUnreadCount(java.lang.String); target is of class [com.example.backend.controller.NotificationController]
2026-05-07 17:36:48 [http-nio-8081-exec-2] DEBUG o.s.s.a.m.AuthorizationManagerBeforeMethodInterceptor - Authorized method invocation ReflectiveMethodInvocation: public java.lang.Long com.example.backend.controller.NotificationController.getUnreadCount(java.lang.String); target is of class [com.example.backend.controller.NotificationController]
2026-05-07 17:36:50 [http-nio-8081-exec-1] DEBUG o.s.security.web.FilterChainProxy - Securing GET /api/v1/notifications/unread-count
2026-05-07 17:36:50 [http-nio-8081-exec-1] DEBUG o.s.security.web.FilterChainProxy - Secured GET /api/v1/notifications/unread-count
2026-05-07 17:36:50 [http-nio-8081-exec-1] DEBUG o.s.s.a.m.AuthorizationManagerBeforeMethodInterceptor - Authorizing method invocation ReflectiveMethodInvocation: public java.lang.Long com.example.backend.controller.NotificationController.getUnreadCount(java.lang.String); target is of class [com.example.backend.controller.NotificationController]
2026-05-07 17:36:50 [http-nio-8081-exec-1] DEBUG o.s.s.a.m.AuthorizationManagerBeforeMethodInterceptor - Authorized method invocation ReflectiveMethodInvocation: public java.lang.Long com.example.backend.controller.NotificationController.getUnreadCount(java.lang.String); target is of class [com.example.backend.controller.NotificationController]
2026-05-07 17:36:51 [http-nio-8081-exec-6] DEBUG o.s.security.web.FilterChainProxy - Securing GET /api/v1/posts/getAll
2026-05-07 17:36:51 [http-nio-8081-exec-6] DEBUG o.s.security.web.FilterChainProxy - Secured GET /api/v1/posts/getAll
2026-05-07 17:36:51 [http-nio-8081-exec-7] DEBUG o.s.security.web.FilterChainProxy - Securing GET /api/v1/posts/getAll
2026-05-07 17:36:51 [http-nio-8081-exec-7] DEBUG o.s.security.web.FilterChainProxy - Secured GET /api/v1/posts/getAll
2026-05-07 17:36:58 [http-nio-8081-exec-3] DEBUG o.s.security.web.FilterChainProxy - Securing GET /api/v1/notifications
2026-05-07 17:36:58 [http-nio-8081-exec-3] DEBUG o.s.security.web.FilterChainProxy - Secured GET /api/v1/notifications
2026-05-07 17:36:58 [http-nio-8081-exec-3] DEBUG o.s.s.a.m.AuthorizationManagerBeforeMethodInterceptor - Authorizing method invocation ReflectiveMethodInvocation: public org.springframework.data.domain.Page com.example.backend.controller.NotificationController.getMyNotifications(java.lang.String,int,int); target is of class [com.example.backend.controller.NotificationController]
2026-05-07 17:36:58 [http-nio-8081-exec-3] DEBUG o.s.s.a.m.AuthorizationManagerBeforeMethodInterceptor - Authorized method invocation ReflectiveMethodInvocation: public org.springframework.data.domain.Page com.example.backend.controller.NotificationController.getMyNotifications(java.lang.String,int,int); target is of class [com.example.backend.controller.NotificationController]
2026-05-07 17:36:58 [http-nio-8081-exec-5] DEBUG o.s.security.web.FilterChainProxy - Securing GET /api/v1/notifications
2026-05-07 17:36:58 [http-nio-8081-exec-5] DEBUG o.s.security.web.FilterChainProxy - Secured GET /api/v1/notifications
2026-05-07 17:36:58 [http-nio-8081-exec-5] DEBUG o.s.s.a.m.AuthorizationManagerBeforeMethodInterceptor - Authorizing method invocation ReflectiveMethodInvocation: public org.springframework.data.domain.Page com.example.backend.controller.NotificationController.getMyNotifications(java.lang.String,int,int); target is of class [com.example.backend.controller.NotificationController]
2026-05-07 17:36:58 [http-nio-8081-exec-5] DEBUG o.s.s.a.m.AuthorizationManagerBeforeMethodInterceptor - Authorized method invocation ReflectiveMethodInvocation: public org.springframework.data.domain.Page com.example.backend.controller.NotificationController.getMyNotifications(java.lang.String,int,int); target is of class [com.example.backend.controller.NotificationController]
2026-05-07 17:37:00 [http-nio-8081-exec-9] DEBUG o.s.security.web.FilterChainProxy - Securing GET /api/locations
2026-05-07 17:37:00 [http-nio-8081-exec-9] DEBUG o.s.security.web.FilterChainProxy - Secured GET /api/locations
2026-05-07 17:37:00 [http-nio-8081-exec-8] DEBUG o.s.security.web.FilterChainProxy - Securing GET /api/locations
2026-05-07 17:37:00 [http-nio-8081-exec-8] DEBUG o.s.security.web.FilterChainProxy - Secured GET /api/locations
2026-05-07 17:37:01 [http-nio-8081-exec-10] DEBUG o.s.security.web.FilterChainProxy - Securing GET /api/v1/notifications
2026-05-07 17:37:01 [http-nio-8081-exec-10] DEBUG o.s.security.web.FilterChainProxy - Secured GET /api/v1/notifications
2026-05-07 17:37:01 [http-nio-8081-exec-10] DEBUG o.s.s.a.m.AuthorizationManagerBeforeMethodInterceptor - Authorizing method invocation ReflectiveMethodInvocation: public org.springframework.data.domain.Page com.example.backend.controller.NotificationController.getMyNotifications(java.lang.String,int,int); target is of class [com.example.backend.controller.NotificationController]
2026-05-07 17:37:01 [http-nio-8081-exec-10] DEBUG o.s.s.a.m.AuthorizationManagerBeforeMethodInterceptor - Authorized method invocation ReflectiveMethodInvocation: public org.springframework.data.domain.Page com.example.backend.controller.NotificationController.getMyNotifications(java.lang.String,int,int); target is of class [com.example.backend.controller.NotificationController]
2026-05-07 17:37:01 [http-nio-8081-exec-4] DEBUG o.s.security.web.FilterChainProxy - Securing GET /api/v1/notifications
2026-05-07 17:37:01 [http-nio-8081-exec-4] DEBUG o.s.security.web.FilterChainProxy - Secured GET /api/v1/notifications
2026-05-07 17:37:01 [http-nio-8081-exec-4] DEBUG o.s.s.a.m.AuthorizationManagerBeforeMethodInterceptor - Authorizing method invocation ReflectiveMethodInvocation: public org.springframework.data.domain.Page com.example.backend.controller.NotificationController.getMyNotifications(java.lang.String,int,int); target is of class [com.example.backend.controller.NotificationController]
2026-05-07 17:37:01 [http-nio-8081-exec-4] DEBUG o.s.s.a.m.AuthorizationManagerBeforeMethodInterceptor - Authorized method invocation ReflectiveMethodInvocation: public org.springframework.data.domain.Page com.example.backend.controller.NotificationController.getMyNotifications(java.lang.String,int,int); target is of class [com.example.backend.controller.NotificationController]
2026-05-07 17:37:02 [http-nio-8081-exec-2] DEBUG o.s.security.web.FilterChainProxy - Securing GET /api/v1/notifications/unread-count
2026-05-07 17:37:02 [http-nio-8081-exec-2] DEBUG o.s.security.web.FilterChainProxy - Secured GET /api/v1/notifications/unread-count
2026-05-07 17:37:02 [http-nio-8081-exec-2] DEBUG o.s.s.a.m.AuthorizationManagerBeforeMethodInterceptor - Authorizing method invocation ReflectiveMethodInvocation: public java.lang.Long com.example.backend.controller.NotificationController.getUnreadCount(java.lang.String); target is of class [com.example.backend.controller.NotificationController]
2026-05-07 17:37:02 [http-nio-8081-exec-2] DEBUG o.s.s.a.m.AuthorizationManagerBeforeMethodInterceptor - Authorized method invocation ReflectiveMethodInvocation: public java.lang.Long com.example.backend.controller.NotificationController.getUnreadCount(java.lang.String); target is of class [com.example.backend.controller.NotificationController]
2026-05-07 17:37:03 [http-nio-8081-exec-1] DEBUG o.s.security.web.FilterChainProxy - Securing GET /api/v1/notifications/unread-count
2026-05-07 17:37:03 [http-nio-8081-exec-1] DEBUG o.s.security.web.FilterChainProxy - Secured GET /api/v1/notifications/unread-count
2026-05-07 17:37:03 [http-nio-8081-exec-1] DEBUG o.s.s.a.m.AuthorizationManagerBeforeMethodInterceptor - Authorizing method invocation ReflectiveMethodInvocation: public java.lang.Long com.example.backend.controller.NotificationController.getUnreadCount(java.lang.String); target is of class [com.example.backend.controller.NotificationController]
2026-05-07 17:37:03 [http-nio-8081-exec-1] DEBUG o.s.s.a.m.AuthorizationManagerBeforeMethodInterceptor - Authorized method invocation ReflectiveMethodInvocation: public java.lang.Long com.example.backend.controller.NotificationController.getUnreadCount(java.lang.String); target is of class [com.example.backend.controller.NotificationController]
2026-05-07 17:37:05 [http-nio-8081-exec-6] DEBUG o.s.security.web.FilterChainProxy - Securing GET /api/v1/notifications/unread-count
2026-05-07 17:37:05 [http-nio-8081-exec-6] DEBUG o.s.security.web.FilterChainProxy - Secured GET /api/v1/notifications/unread-count
2026-05-07 17:37:05 [http-nio-8081-exec-6] DEBUG o.s.s.a.m.AuthorizationManagerBeforeMethodInterceptor - Authorizing method invocation ReflectiveMethodInvocation: public java.lang.Long com.example.backend.controller.NotificationController.getUnreadCount(java.lang.String); target is of class [com.example.backend.controller.NotificationController]
2026-05-07 17:37:05 [http-nio-8081-exec-6] DEBUG o.s.s.a.m.AuthorizationManagerBeforeMethodInterceptor - Authorized method invocation ReflectiveMethodInvocation: public java.lang.Long com.example.backend.controller.NotificationController.getUnreadCount(java.lang.String); target is of class [com.example.backend.controller.NotificationController]
2026-05-07 17:37:18 [http-nio-8081-exec-5] DEBUG o.s.security.web.FilterChainProxy - Securing GET /api/v1/notifications/unread-count
2026-05-07 17:37:18 [http-nio-8081-exec-5] DEBUG o.s.security.web.FilterChainProxy - Secured GET /api/v1/notifications/unread-count
2026-05-07 17:37:18 [http-nio-8081-exec-5] DEBUG o.s.s.a.m.AuthorizationManagerBeforeMethodInterceptor - Authorizing method invocation ReflectiveMethodInvocation: public java.lang.Long com.example.backend.controller.NotificationController.getUnreadCount(java.lang.String); target is of class [com.example.backend.controller.NotificationController]
2026-05-07 17:37:18 [http-nio-8081-exec-5] DEBUG o.s.s.a.m.AuthorizationManagerBeforeMethodInterceptor - Authorized method invocation ReflectiveMethodInvocation: public java.lang.Long com.example.backend.controller.NotificationController.getUnreadCount(java.lang.String); target is of class [com.example.backend.controller.NotificationController]
2026-05-07 17:37:18 [http-nio-8081-exec-9] DEBUG o.s.security.web.FilterChainProxy - Securing GET /api/v1/notifications/unread-count
2026-05-07 17:37:18 [http-nio-8081-exec-9] DEBUG o.s.security.web.FilterChainProxy - Secured GET /api/v1/notifications/unread-count
2026-05-07 17:37:18 [http-nio-8081-exec-9] DEBUG o.s.s.a.m.AuthorizationManagerBeforeMethodInterceptor - Authorizing method invocation ReflectiveMethodInvocation: public java.lang.Long com.example.backend.controller.NotificationController.getUnreadCount(java.lang.String); target is of class [com.example.backend.controller.NotificationController]
2026-05-07 17:37:18 [http-nio-8081-exec-9] DEBUG o.s.s.a.m.AuthorizationManagerBeforeMethodInterceptor - Authorized method invocation ReflectiveMethodInvocation: public java.lang.Long com.example.backend.controller.NotificationController.getUnreadCount(java.lang.String); target is of class [com.example.backend.controller.NotificationController]
2026-05-07 17:37:20 [http-nio-8081-exec-8] DEBUG o.s.security.web.FilterChainProxy - Securing GET /api/v1/notifications/unread-count
2026-05-07 17:37:20 [http-nio-8081-exec-8] DEBUG o.s.security.web.FilterChainProxy - Secured GET /api/v1/notifications/unread-count
2026-05-07 17:37:20 [http-nio-8081-exec-8] DEBUG o.s.s.a.m.AuthorizationManagerBeforeMethodInterceptor - Authorizing method invocation ReflectiveMethodInvocation: public java.lang.Long com.example.backend.controller.NotificationController.getUnreadCount(java.lang.String); target is of class [com.example.backend.controller.NotificationController]
2026-05-07 17:37:20 [http-nio-8081-exec-8] DEBUG o.s.s.a.m.AuthorizationManagerBeforeMethodInterceptor - Authorized method invocation ReflectiveMethodInvocation: public java.lang.Long com.example.backend.controller.NotificationController.getUnreadCount(java.lang.String); target is of class [com.example.backend.controller.NotificationController]
2026-05-07 17:37:33 [http-nio-8081-exec-10] DEBUG o.s.security.web.FilterChainProxy - Securing GET /api/v1/notifications/unread-count
2026-05-07 17:37:33 [http-nio-8081-exec-10] DEBUG o.s.security.web.FilterChainProxy - Secured GET /api/v1/notifications/unread-count
2026-05-07 17:37:33 [http-nio-8081-exec-10] DEBUG o.s.s.a.m.AuthorizationManagerBeforeMethodInterceptor - Authorizing method invocation ReflectiveMethodInvocation: public java.lang.Long com.example.backend.controller.NotificationController.getUnreadCount(java.lang.String); target is of class [com.example.backend.controller.NotificationController]
2026-05-07 17:37:33 [http-nio-8081-exec-10] DEBUG o.s.s.a.m.AuthorizationManagerBeforeMethodInterceptor - Authorized method invocation ReflectiveMethodInvocation: public java.lang.Long com.example.backend.controller.NotificationController.getUnreadCount(java.lang.String); target is of class [com.example.backend.controller.NotificationController]
2026-05-07 17:37:33 [http-nio-8081-exec-4] DEBUG o.s.security.web.FilterChainProxy - Securing GET /api/v1/notifications/unread-count
2026-05-07 17:37:33 [http-nio-8081-exec-4] DEBUG o.s.security.web.FilterChainProxy - Secured GET /api/v1/notifications/unread-count
2026-05-07 17:37:33 [http-nio-8081-exec-4] DEBUG o.s.s.a.m.AuthorizationManagerBeforeMethodInterceptor - Authorizing method invocation ReflectiveMethodInvocation: public java.lang.Long com.example.backend.controller.NotificationController.getUnreadCount(java.lang.String); target is of class [com.example.backend.controller.NotificationController]
2026-05-07 17:37:33 [http-nio-8081-exec-4] DEBUG o.s.s.a.m.AuthorizationManagerBeforeMethodInterceptor - Authorized method invocation ReflectiveMethodInvocation: public java.lang.Long com.example.backend.controller.NotificationController.getUnreadCount(java.lang.String); target is of class [com.example.backend.controller.NotificationController]
2026-05-07 17:37:35 [http-nio-8081-exec-1] DEBUG o.s.security.web.FilterChainProxy - Securing GET /api/v1/notifications/unread-count
2026-05-07 17:37:35 [http-nio-8081-exec-1] DEBUG o.s.security.web.FilterChainProxy - Secured GET /api/v1/notifications/unread-count
2026-05-07 17:37:35 [http-nio-8081-exec-1] DEBUG o.s.s.a.m.AuthorizationManagerBeforeMethodInterceptor - Authorizing method invocation ReflectiveMethodInvocation: public java.lang.Long com.example.backend.controller.NotificationController.getUnreadCount(java.lang.String); target is of class [com.example.backend.controller.NotificationController]
2026-05-07 17:37:35 [http-nio-8081-exec-1] DEBUG o.s.s.a.m.AuthorizationManagerBeforeMethodInterceptor - Authorized method invocation ReflectiveMethodInvocation: public java.lang.Long com.example.backend.controller.NotificationController.getUnreadCount(java.lang.String); target is of class [com.example.backend.controller.NotificationController]
2026-05-07 17:37:38 [http-nio-8081-exec-7] DEBUG o.s.security.web.FilterChainProxy - Securing HEAD /api/v1/notifications
2026-05-07 17:37:38 [http-nio-8081-exec-7] DEBUG o.s.security.web.FilterChainProxy - Secured HEAD /api/v1/notifications
2026-05-07 17:37:38 [http-nio-8081-exec-7] DEBUG o.s.s.w.a.AnonymousAuthenticationFilter - Set SecurityContextHolder to anonymous SecurityContext
2026-05-07 17:37:38 [http-nio-8081-exec-7] DEBUG o.s.s.a.m.AuthorizationManagerBeforeMethodInterceptor - Authorizing method invocation ReflectiveMethodInvocation: public org.springframework.data.domain.Page com.example.backend.controller.NotificationController.getMyNotifications(java.lang.String,int,int); target is of class [com.example.backend.controller.NotificationController]
2026-05-07 17:37:38 [http-nio-8081-exec-7] DEBUG o.s.s.a.m.AuthorizationManagerBeforeMethodInterceptor - Failed to authorize ReflectiveMethodInvocation: public org.springframework.data.domain.Page com.example.backend.controller.NotificationController.getMyNotifications(java.lang.String,int,int); target is of class [com.example.backend.controller.NotificationController] with authorization manager org.springframework.security.authorization.method.PreAuthorizeAuthorizationManager@268d65be and result ExpressionAuthorizationDecision [granted=false, expressionAttribute=isAuthenticated()]
2026-05-07 17:37:38 [http-nio-8081-exec-7] WARN  o.a.c.util.SessionIdGeneratorBase - Creation of SecureRandom instance for session ID generation using [SHA1PRNG] took [131] milliseconds.
2026-05-07 17:37:38 [http-nio-8081-exec-7] DEBUG o.s.s.w.s.HttpSessionRequestCache - Saved request http://localhost:8081/api/v1/notifications?continue to session
2026-05-07 17:37:38 [http-nio-8081-exec-7] DEBUG o.s.s.w.a.Http403ForbiddenEntryPoint - Pre-authenticated entry point called. Rejecting access
2026-05-07 17:37:38 [http-nio-8081-exec-7] DEBUG o.s.security.web.FilterChainProxy - Securing GET /error
2026-05-07 17:37:38 [http-nio-8081-exec-7] DEBUG o.s.security.web.FilterChainProxy - Secured GET /error
2026-05-07 17:37:38 [http-nio-8081-exec-7] DEBUG o.s.s.w.a.AnonymousAuthenticationFilter - Set SecurityContextHolder to anonymous SecurityContext
2026-05-07 17:37:38 [http-nio-8081-exec-3] DEBUG o.s.security.web.FilterChainProxy - Securing GET /api/v1/notifications
2026-05-07 17:37:38 [http-nio-8081-exec-3] DEBUG o.s.security.web.FilterChainProxy - Secured GET /api/v1/notifications
2026-05-07 17:37:38 [http-nio-8081-exec-3] DEBUG o.s.s.w.a.AnonymousAuthenticationFilter - Set SecurityContextHolder to anonymous SecurityContext
2026-05-07 17:37:38 [http-nio-8081-exec-3] DEBUG o.s.s.a.m.AuthorizationManagerBeforeMethodInterceptor - Authorizing method invocation ReflectiveMethodInvocation: public org.springframework.data.domain.Page com.example.backend.controller.NotificationController.getMyNotifications(java.lang.String,int,int); target is of class [com.example.backend.controller.NotificationController]
2026-05-07 17:37:38 [http-nio-8081-exec-3] DEBUG o.s.s.a.m.AuthorizationManagerBeforeMethodInterceptor - Failed to authorize ReflectiveMethodInvocation: public org.springframework.data.domain.Page com.example.backend.controller.NotificationController.getMyNotifications(java.lang.String,int,int); target is of class [com.example.backend.controller.NotificationController] with authorization manager org.springframework.security.authorization.method.PreAuthorizeAuthorizationManager@268d65be and result ExpressionAuthorizationDecision [granted=false, expressionAttribute=isAuthenticated()]
2026-05-07 17:37:38 [http-nio-8081-exec-3] DEBUG o.s.s.w.s.HttpSessionRequestCache - Saved request http://localhost:8081/api/v1/notifications?continue to session
2026-05-07 17:37:38 [http-nio-8081-exec-3] DEBUG o.s.s.w.a.Http403ForbiddenEntryPoint - Pre-authenticated entry point called. Rejecting access
2026-05-07 17:37:38 [http-nio-8081-exec-3] DEBUG o.s.security.web.FilterChainProxy - Securing GET /error
2026-05-07 17:37:38 [http-nio-8081-exec-3] DEBUG o.s.security.web.FilterChainProxy - Secured GET /error
2026-05-07 17:37:38 [http-nio-8081-exec-3] DEBUG o.s.s.w.a.AnonymousAuthenticationFilter - Set SecurityContextHolder to anonymous SecurityContext
2026-05-07 17:37:48 [http-nio-8081-exec-5] DEBUG o.s.security.web.FilterChainProxy - Securing GET /api/v1/notifications/unread-count
2026-05-07 17:37:48 [http-nio-8081-exec-5] DEBUG o.s.security.web.FilterChainProxy - Secured GET /api/v1/notifications/unread-count
2026-05-07 17:37:48 [http-nio-8081-exec-5] DEBUG o.s.s.a.m.AuthorizationManagerBeforeMethodInterceptor - Authorizing method invocation ReflectiveMethodInvocation: public java.lang.Long com.example.backend.controller.NotificationController.getUnreadCount(java.lang.String); target is of class [com.example.backend.controller.NotificationController]
2026-05-07 17:37:48 [http-nio-8081-exec-5] DEBUG o.s.s.a.m.AuthorizationManagerBeforeMethodInterceptor - Authorized method invocation ReflectiveMethodInvocation: public java.lang.Long com.example.backend.controller.NotificationController.getUnreadCount(java.lang.String); target is of class [com.example.backend.controller.NotificationController]
2026-05-07 17:37:48 [http-nio-8081-exec-9] DEBUG o.s.security.web.FilterChainProxy - Securing GET /api/v1/notifications/unread-count
2026-05-07 17:37:48 [http-nio-8081-exec-9] DEBUG o.s.security.web.FilterChainProxy - Secured GET /api/v1/notifications/unread-count
2026-05-07 17:37:48 [http-nio-8081-exec-9] DEBUG o.s.s.a.m.AuthorizationManagerBeforeMethodInterceptor - Authorizing method invocation ReflectiveMethodInvocation: public java.lang.Long com.example.backend.controller.NotificationController.getUnreadCount(java.lang.String); target is of class [com.example.backend.controller.NotificationController]
2026-05-07 17:37:48 [http-nio-8081-exec-9] DEBUG o.s.s.a.m.AuthorizationManagerBeforeMethodInterceptor - Authorized method invocation ReflectiveMethodInvocation: public java.lang.Long com.example.backend.controller.NotificationController.getUnreadCount(java.lang.String); target is of class [com.example.backend.controller.NotificationController]
2026-05-07 17:37:50 [http-nio-8081-exec-8] DEBUG o.s.security.web.FilterChainProxy - Securing GET /api/v1/notifications/unread-count
2026-05-07 17:37:50 [http-nio-8081-exec-8] DEBUG o.s.security.web.FilterChainProxy - Secured GET /api/v1/notifications/unread-count
2026-05-07 17:37:50 [http-nio-8081-exec-8] DEBUG o.s.s.a.m.AuthorizationManagerBeforeMethodInterceptor - Authorizing method invocation ReflectiveMethodInvocation: public java.lang.Long com.example.backend.controller.NotificationController.getUnreadCount(java.lang.String); target is of class [com.example.backend.controller.NotificationController]
2026-05-07 17:37:50 [http-nio-8081-exec-8] DEBUG o.s.s.a.m.AuthorizationManagerBeforeMethodInterceptor - Authorized method invocation ReflectiveMethodInvocation: public java.lang.Long com.example.backend.controller.NotificationController.getUnreadCount(java.lang.String); target is of class [com.example.backend.controller.NotificationController]
2026-05-07 17:38:03 [http-nio-8081-exec-2] DEBUG o.s.security.web.FilterChainProxy - Securing GET /api/v1/notifications/unread-count
2026-05-07 17:38:03 [http-nio-8081-exec-2] DEBUG o.s.security.web.FilterChainProxy - Secured GET /api/v1/notifications/unread-count
2026-05-07 17:38:03 [http-nio-8081-exec-2] DEBUG o.s.s.a.m.AuthorizationManagerBeforeMethodInterceptor - Authorizing method invocation ReflectiveMethodInvocation: public java.lang.Long com.example.backend.controller.NotificationController.getUnreadCount(java.lang.String); target is of class [com.example.backend.controller.NotificationController]
2026-05-07 17:38:03 [http-nio-8081-exec-2] DEBUG o.s.s.a.m.AuthorizationManagerBeforeMethodInterceptor - Authorized method invocation ReflectiveMethodInvocation: public java.lang.Long com.example.backend.controller.NotificationController.getUnreadCount(java.lang.String); target is of class [com.example.backend.controller.NotificationController]
2026-05-07 17:38:03 [http-nio-8081-exec-4] DEBUG o.s.security.web.FilterChainProxy - Securing GET /api/v1/notifications/unread-count
2026-05-07 17:38:03 [http-nio-8081-exec-4] DEBUG o.s.security.web.FilterChainProxy - Secured GET /api/v1/notifications/unread-count
2026-05-07 17:38:03 [http-nio-8081-exec-4] DEBUG o.s.s.a.m.AuthorizationManagerBeforeMethodInterceptor - Authorizing method invocation ReflectiveMethodInvocation: public java.lang.Long com.example.backend.controller.NotificationController.getUnreadCount(java.lang.String); target is of class [com.example.backend.controller.NotificationController]
2026-05-07 17:38:03 [http-nio-8081-exec-4] DEBUG o.s.s.a.m.AuthorizationManagerBeforeMethodInterceptor - Authorized method invocation ReflectiveMethodInvocation: public java.lang.Long com.example.backend.controller.NotificationController.getUnreadCount(java.lang.String); target is of class [com.example.backend.controller.NotificationController]
2026-05-07 17:38:05 [http-nio-8081-exec-1] DEBUG o.s.security.web.FilterChainProxy - Securing GET /api/v1/notifications/unread-count
2026-05-07 17:38:05 [http-nio-8081-exec-1] DEBUG o.s.security.web.FilterChainProxy - Secured GET /api/v1/notifications/unread-count
2026-05-07 17:38:05 [http-nio-8081-exec-1] DEBUG o.s.s.a.m.AuthorizationManagerBeforeMethodInterceptor - Authorizing method invocation ReflectiveMethodInvocation: public java.lang.Long com.example.backend.controller.NotificationController.getUnreadCount(java.lang.String); target is of class [com.example.backend.controller.NotificationController]
2026-05-07 17:38:05 [http-nio-8081-exec-1] DEBUG o.s.s.a.m.AuthorizationManagerBeforeMethodInterceptor - Authorized method invocation ReflectiveMethodInvocation: public java.lang.Long com.example.backend.controller.NotificationController.getUnreadCount(java.lang.String); target is of class [com.example.backend.controller.NotificationController]
2026-05-07 17:38:18 [http-nio-8081-exec-6] DEBUG o.s.security.web.FilterChainProxy - Securing GET /api/v1/notifications/unread-count
2026-05-07 17:38:18 [http-nio-8081-exec-6] DEBUG o.s.security.web.FilterChainProxy - Secured GET /api/v1/notifications/unread-count
2026-05-07 17:38:18 [http-nio-8081-exec-6] DEBUG o.s.s.a.m.AuthorizationManagerBeforeMethodInterceptor - Authorizing method invocation ReflectiveMethodInvocation: public java.lang.Long com.example.backend.controller.NotificationController.getUnreadCount(java.lang.String); target is of class [com.example.backend.controller.NotificationController]
2026-05-07 17:38:18 [http-nio-8081-exec-6] DEBUG o.s.s.a.m.AuthorizationManagerBeforeMethodInterceptor - Authorized method invocation ReflectiveMethodInvocation: public java.lang.Long com.example.backend.controller.NotificationController.getUnreadCount(java.lang.String); target is of class [com.example.backend.controller.NotificationController]
2026-05-07 17:38:33 [http-nio-8081-exec-7] DEBUG o.s.security.web.FilterChainProxy - Securing GET /api/v1/notifications/unread-count
2026-05-07 17:38:33 [http-nio-8081-exec-7] DEBUG o.s.security.web.FilterChainProxy - Secured GET /api/v1/notifications/unread-count
2026-05-07 17:38:33 [http-nio-8081-exec-7] DEBUG o.s.s.a.m.AuthorizationManagerBeforeMethodInterceptor - Authorizing method invocation ReflectiveMethodInvocation: public java.lang.Long com.example.backend.controller.NotificationController.getUnreadCount(java.lang.String); target is of class [com.example.backend.controller.NotificationController]
2026-05-07 17:38:33 [http-nio-8081-exec-7] DEBUG o.s.s.a.m.AuthorizationManagerBeforeMethodInterceptor - Authorized method invocation ReflectiveMethodInvocation: public java.lang.Long com.example.backend.controller.NotificationController.getUnreadCount(java.lang.String); target is of class [com.example.backend.controller.NotificationController]
2026-05-07 17:38:48 [http-nio-8081-exec-5] DEBUG o.s.security.web.FilterChainProxy - Securing GET /api/v1/notifications/unread-count
2026-05-07 17:38:48 [http-nio-8081-exec-5] DEBUG o.s.security.web.FilterChainProxy - Secured GET /api/v1/notifications/unread-count
2026-05-07 17:38:48 [http-nio-8081-exec-5] DEBUG o.s.s.a.m.AuthorizationManagerBeforeMethodInterceptor - Authorizing method invocation ReflectiveMethodInvocation: public java.lang.Long com.example.backend.controller.NotificationController.getUnreadCount(java.lang.String); target is of class [com.example.backend.controller.NotificationController]
2026-05-07 17:38:48 [http-nio-8081-exec-5] DEBUG o.s.s.a.m.AuthorizationManagerBeforeMethodInterceptor - Authorized method invocation ReflectiveMethodInvocation: public java.lang.Long com.example.backend.controller.NotificationController.getUnreadCount(java.lang.String); target is of class [com.example.backend.controller.NotificationController]
2026-05-07 17:38:59 [http-nio-8081-exec-9] DEBUG o.s.security.web.FilterChainProxy - Securing GET /api/v1/notifications/unread-count
2026-05-07 17:38:59 [http-nio-8081-exec-8] DEBUG o.s.security.web.FilterChainProxy - Securing GET /api/v1/notifications/unread-count
2026-05-07 17:38:59 [http-nio-8081-exec-9] DEBUG o.s.security.web.FilterChainProxy - Secured GET /api/v1/notifications/unread-count
2026-05-07 17:38:59 [http-nio-8081-exec-8] DEBUG o.s.security.web.FilterChainProxy - Secured GET /api/v1/notifications/unread-count
2026-05-07 17:38:59 [http-nio-8081-exec-9] DEBUG o.s.s.a.m.AuthorizationManagerBeforeMethodInterceptor - Authorizing method invocation ReflectiveMethodInvocation: public java.lang.Long com.example.backend.controller.NotificationController.getUnreadCount(java.lang.String); target is of class [com.example.backend.controller.NotificationController]
2026-05-07 17:38:59 [http-nio-8081-exec-8] DEBUG o.s.s.a.m.AuthorizationManagerBeforeMethodInterceptor - Authorizing method invocation ReflectiveMethodInvocation: public java.lang.Long com.example.backend.controller.NotificationController.getUnreadCount(java.lang.String); target is of class [com.example.backend.controller.NotificationController]
2026-05-07 17:38:59 [http-nio-8081-exec-9] DEBUG o.s.s.a.m.AuthorizationManagerBeforeMethodInterceptor - Authorized method invocation ReflectiveMethodInvocation: public java.lang.Long com.example.backend.controller.NotificationController.getUnreadCount(java.lang.String); target is of class [com.example.backend.controller.NotificationController]
2026-05-07 17:38:59 [http-nio-8081-exec-8] DEBUG o.s.s.a.m.AuthorizationManagerBeforeMethodInterceptor - Authorized method invocation ReflectiveMethodInvocation: public java.lang.Long com.example.backend.controller.NotificationController.getUnreadCount(java.lang.String); target is of class [com.example.backend.controller.NotificationController]
2026-05-07 17:39:03 [http-nio-8081-exec-10] DEBUG o.s.security.web.FilterChainProxy - Securing GET /api/v1/notifications/unread-count
2026-05-07 17:39:03 [http-nio-8081-exec-10] DEBUG o.s.security.web.FilterChainProxy - Secured GET /api/v1/notifications/unread-count
2026-05-07 17:39:03 [http-nio-8081-exec-10] DEBUG o.s.s.a.m.AuthorizationManagerBeforeMethodInterceptor - Authorizing method invocation ReflectiveMethodInvocation: public java.lang.Long com.example.backend.controller.NotificationController.getUnreadCount(java.lang.String); target is of class [com.example.backend.controller.NotificationController]
2026-05-07 17:39:03 [http-nio-8081-exec-10] DEBUG o.s.s.a.m.AuthorizationManagerBeforeMethodInterceptor - Authorized method invocation ReflectiveMethodInvocation: public java.lang.Long com.example.backend.controller.NotificationController.getUnreadCount(java.lang.String); target is of class [com.example.backend.controller.NotificationController]
2026-05-07 17:39:18 [http-nio-8081-exec-2] DEBUG o.s.security.web.FilterChainProxy - Securing GET /api/v1/notifications/unread-count
2026-05-07 17:39:18 [http-nio-8081-exec-2] DEBUG o.s.security.web.FilterChainProxy - Secured GET /api/v1/notifications/unread-count
2026-05-07 17:39:18 [http-nio-8081-exec-2] DEBUG o.s.s.a.m.AuthorizationManagerBeforeMethodInterceptor - Authorizing method invocation ReflectiveMethodInvocation: public java.lang.Long com.example.backend.controller.NotificationController.getUnreadCount(java.lang.String); target is of class [com.example.backend.controller.NotificationController]
2026-05-07 17:39:18 [http-nio-8081-exec-2] DEBUG o.s.s.a.m.AuthorizationManagerBeforeMethodInterceptor - Authorized method invocation ReflectiveMethodInvocation: public java.lang.Long com.example.backend.controller.NotificationController.getUnreadCount(java.lang.String); target is of class [com.example.backend.controller.NotificationController]
2026-05-07 17:39:33 [http-nio-8081-exec-4] DEBUG o.s.security.web.FilterChainProxy - Securing GET /api/v1/notifications/unread-count
2026-05-07 17:39:33 [http-nio-8081-exec-4] DEBUG o.s.security.web.FilterChainProxy - Secured GET /api/v1/notifications/unread-count
2026-05-07 17:39:33 [http-nio-8081-exec-4] DEBUG o.s.s.a.m.AuthorizationManagerBeforeMethodInterceptor - Authorizing method invocation ReflectiveMethodInvocation: public java.lang.Long com.example.backend.controller.NotificationController.getUnreadCount(java.lang.String); target is of class [com.example.backend.controller.NotificationController]
2026-05-07 17:39:33 [http-nio-8081-exec-4] DEBUG o.s.s.a.m.AuthorizationManagerBeforeMethodInterceptor - Authorized method invocation ReflectiveMethodInvocation: public java.lang.Long com.example.backend.controller.NotificationController.getUnreadCount(java.lang.String); target is of class [com.example.backend.controller.NotificationController]
2026-05-07 17:39:48 [http-nio-8081-exec-1] DEBUG o.s.security.web.FilterChainProxy - Securing GET /api/v1/notifications/unread-count
2026-05-07 17:39:48 [http-nio-8081-exec-1] DEBUG o.s.security.web.FilterChainProxy - Secured GET /api/v1/notifications/unread-count
2026-05-07 17:39:48 [http-nio-8081-exec-1] DEBUG o.s.s.a.m.AuthorizationManagerBeforeMethodInterceptor - Authorizing method invocation ReflectiveMethodInvocation: public java.lang.Long com.example.backend.controller.NotificationController.getUnreadCount(java.lang.String); target is of class [com.example.backend.controller.NotificationController]
2026-05-07 17:39:48 [http-nio-8081-exec-1] DEBUG o.s.s.a.m.AuthorizationManagerBeforeMethodInterceptor - Authorized method invocation ReflectiveMethodInvocation: public java.lang.Long com.example.backend.controller.NotificationController.getUnreadCount(java.lang.String); target is of class [com.example.backend.controller.NotificationController]
2026-05-07 17:39:59 [http-nio-8081-exec-6] DEBUG o.s.security.web.FilterChainProxy - Securing GET /api/v1/notifications/unread-count
2026-05-07 17:39:59 [http-nio-8081-exec-7] DEBUG o.s.security.web.FilterChainProxy - Securing GET /api/v1/notifications/unread-count
2026-05-07 17:39:59 [http-nio-8081-exec-6] DEBUG o.s.security.web.FilterChainProxy - Secured GET /api/v1/notifications/unread-count
2026-05-07 17:39:59 [http-nio-8081-exec-7] DEBUG o.s.security.web.FilterChainProxy - Secured GET /api/v1/notifications/unread-count
2026-05-07 17:39:59 [http-nio-8081-exec-6] DEBUG o.s.s.a.m.AuthorizationManagerBeforeMethodInterceptor - Authorizing method invocation ReflectiveMethodInvocation: public java.lang.Long com.example.backend.controller.NotificationController.getUnreadCount(java.lang.String); target is of class [com.example.backend.controller.NotificationController]
2026-05-07 17:39:59 [http-nio-8081-exec-7] DEBUG o.s.s.a.m.AuthorizationManagerBeforeMethodInterceptor - Authorizing method invocation ReflectiveMethodInvocation: public java.lang.Long com.example.backend.controller.NotificationController.getUnreadCount(java.lang.String); target is of class [com.example.backend.controller.NotificationController]
2026-05-07 17:39:59 [http-nio-8081-exec-6] DEBUG o.s.s.a.m.AuthorizationManagerBeforeMethodInterceptor - Authorized method invocation ReflectiveMethodInvocation: public java.lang.Long com.example.backend.controller.NotificationController.getUnreadCount(java.lang.String); target is of class [com.example.backend.controller.NotificationController]
2026-05-07 17:39:59 [http-nio-8081-exec-7] DEBUG o.s.s.a.m.AuthorizationManagerBeforeMethodInterceptor - Authorized method invocation ReflectiveMethodInvocation: public java.lang.Long com.example.backend.controller.NotificationController.getUnreadCount(java.lang.String); target is of class [com.example.backend.controller.NotificationController]
2026-05-07 17:40:03 [http-nio-8081-exec-3] DEBUG o.s.security.web.FilterChainProxy - Securing GET /api/v1/notifications/unread-count
2026-05-07 17:40:03 [http-nio-8081-exec-3] DEBUG o.s.security.web.FilterChainProxy - Secured GET /api/v1/notifications/unread-count
2026-05-07 17:40:03 [http-nio-8081-exec-3] DEBUG o.s.s.a.m.AuthorizationManagerBeforeMethodInterceptor - Authorizing method invocation ReflectiveMethodInvocation: public java.lang.Long com.example.backend.controller.NotificationController.getUnreadCount(java.lang.String); target is of class [com.example.backend.controller.NotificationController]
2026-05-07 17:40:03 [http-nio-8081-exec-3] DEBUG o.s.s.a.m.AuthorizationManagerBeforeMethodInterceptor - Authorized method invocation ReflectiveMethodInvocation: public java.lang.Long com.example.backend.controller.NotificationController.getUnreadCount(java.lang.String); target is of class [com.example.backend.controller.NotificationController]
2026-05-07 17:40:18 [http-nio-8081-exec-5] DEBUG o.s.security.web.FilterChainProxy - Securing GET /api/v1/notifications/unread-count
2026-05-07 17:40:18 [http-nio-8081-exec-5] DEBUG o.s.security.web.FilterChainProxy - Secured GET /api/v1/notifications/unread-count
2026-05-07 17:40:18 [http-nio-8081-exec-5] DEBUG o.s.s.a.m.AuthorizationManagerBeforeMethodInterceptor - Authorizing method invocation ReflectiveMethodInvocation: public java.lang.Long com.example.backend.controller.NotificationController.getUnreadCount(java.lang.String); target is of class [com.example.backend.controller.NotificationController]
2026-05-07 17:40:18 [http-nio-8081-exec-5] DEBUG o.s.s.a.m.AuthorizationManagerBeforeMethodInterceptor - Authorized method invocation ReflectiveMethodInvocation: public java.lang.Long com.example.backend.controller.NotificationController.getUnreadCount(java.lang.String); target is of class [com.example.backend.controller.NotificationController]
2026-05-07 17:40:33 [http-nio-8081-exec-8] DEBUG o.s.security.web.FilterChainProxy - Securing GET /api/v1/notifications/unread-count
2026-05-07 17:40:33 [http-nio-8081-exec-8] DEBUG o.s.security.web.FilterChainProxy - Secured GET /api/v1/notifications/unread-count
2026-05-07 17:40:33 [http-nio-8081-exec-8] DEBUG o.s.s.a.m.AuthorizationManagerBeforeMethodInterceptor - Authorizing method invocation ReflectiveMethodInvocation: public java.lang.Long com.example.backend.controller.NotificationController.getUnreadCount(java.lang.String); target is of class [com.example.backend.controller.NotificationController]
2026-05-07 17:40:33 [http-nio-8081-exec-8] DEBUG o.s.s.a.m.AuthorizationManagerBeforeMethodInterceptor - Authorized method invocation ReflectiveMethodInvocation: public java.lang.Long com.example.backend.controller.NotificationController.getUnreadCount(java.lang.String); target is of class [com.example.backend.controller.NotificationController]
2026-05-07 17:40:48 [http-nio-8081-exec-9] DEBUG o.s.security.web.FilterChainProxy - Securing GET /api/v1/notifications/unread-count
2026-05-07 17:40:48 [http-nio-8081-exec-9] DEBUG o.s.security.web.FilterChainProxy - Secured GET /api/v1/notifications/unread-count
2026-05-07 17:40:48 [http-nio-8081-exec-9] DEBUG o.s.s.a.m.AuthorizationManagerBeforeMethodInterceptor - Authorizing method invocation ReflectiveMethodInvocation: public java.lang.Long com.example.backend.controller.NotificationController.getUnreadCount(java.lang.String); target is of class [com.example.backend.controller.NotificationController]
2026-05-07 17:40:48 [http-nio-8081-exec-9] DEBUG o.s.s.a.m.AuthorizationManagerBeforeMethodInterceptor - Authorized method invocation ReflectiveMethodInvocation: public java.lang.Long com.example.backend.controller.NotificationController.getUnreadCount(java.lang.String); target is of class [com.example.backend.controller.NotificationController]
2026-05-07 17:40:59 [http-nio-8081-exec-10] DEBUG o.s.security.web.FilterChainProxy - Securing GET /api/v1/notifications/unread-count
2026-05-07 17:40:59 [http-nio-8081-exec-2] DEBUG o.s.security.web.FilterChainProxy - Securing GET /api/v1/notifications/unread-count
2026-05-07 17:40:59 [http-nio-8081-exec-10] DEBUG o.s.security.web.FilterChainProxy - Secured GET /api/v1/notifications/unread-count
2026-05-07 17:40:59 [http-nio-8081-exec-2] DEBUG o.s.security.web.FilterChainProxy - Secured GET /api/v1/notifications/unread-count
2026-05-07 17:40:59 [http-nio-8081-exec-10] DEBUG o.s.s.a.m.AuthorizationManagerBeforeMethodInterceptor - Authorizing method invocation ReflectiveMethodInvocation: public java.lang.Long com.example.backend.controller.NotificationController.getUnreadCount(java.lang.String); target is of class [com.example.backend.controller.NotificationController]
2026-05-07 17:40:59 [http-nio-8081-exec-2] DEBUG o.s.s.a.m.AuthorizationManagerBeforeMethodInterceptor - Authorizing method invocation ReflectiveMethodInvocation: public java.lang.Long com.example.backend.controller.NotificationController.getUnreadCount(java.lang.String); target is of class [com.example.backend.controller.NotificationController]
2026-05-07 17:40:59 [http-nio-8081-exec-10] DEBUG o.s.s.a.m.AuthorizationManagerBeforeMethodInterceptor - Authorized method invocation ReflectiveMethodInvocation: public java.lang.Long com.example.backend.controller.NotificationController.getUnreadCount(java.lang.String); target is of class [com.example.backend.controller.NotificationController]
2026-05-07 17:40:59 [http-nio-8081-exec-2] DEBUG o.s.s.a.m.AuthorizationManagerBeforeMethodInterceptor - Authorized method invocation ReflectiveMethodInvocation: public java.lang.Long com.example.backend.controller.NotificationController.getUnreadCount(java.lang.String); target is of class [com.example.backend.controller.NotificationController]
2026-05-07 17:41:03 [http-nio-8081-exec-4] DEBUG o.s.security.web.FilterChainProxy - Securing GET /api/v1/notifications/unread-count
2026-05-07 17:41:03 [http-nio-8081-exec-4] DEBUG o.s.security.web.FilterChainProxy - Secured GET /api/v1/notifications/unread-count
2026-05-07 17:41:03 [http-nio-8081-exec-4] DEBUG o.s.s.a.m.AuthorizationManagerBeforeMethodInterceptor - Authorizing method invocation ReflectiveMethodInvocation: public java.lang.Long com.example.backend.controller.NotificationController.getUnreadCount(java.lang.String); target is of class [com.example.backend.controller.NotificationController]
2026-05-07 17:41:03 [http-nio-8081-exec-4] DEBUG o.s.s.a.m.AuthorizationManagerBeforeMethodInterceptor - Authorized method invocation ReflectiveMethodInvocation: public java.lang.Long com.example.backend.controller.NotificationController.getUnreadCount(java.lang.String); target is of class [com.example.backend.controller.NotificationController]
2026-05-07 17:41:18 [http-nio-8081-exec-1] DEBUG o.s.security.web.FilterChainProxy - Securing GET /api/v1/notifications/unread-count
2026-05-07 17:41:18 [http-nio-8081-exec-1] DEBUG o.s.security.web.FilterChainProxy - Secured GET /api/v1/notifications/unread-count
2026-05-07 17:41:18 [http-nio-8081-exec-1] DEBUG o.s.s.a.m.AuthorizationManagerBeforeMethodInterceptor - Authorizing method invocation ReflectiveMethodInvocation: public java.lang.Long com.example.backend.controller.NotificationController.getUnreadCount(java.lang.String); target is of class [com.example.backend.controller.NotificationController]
2026-05-07 17:41:18 [http-nio-8081-exec-1] DEBUG o.s.s.a.m.AuthorizationManagerBeforeMethodInterceptor - Authorized method invocation ReflectiveMethodInvocation: public java.lang.Long com.example.backend.controller.NotificationController.getUnreadCount(java.lang.String); target is of class [com.example.backend.controller.NotificationController]
2026-05-07 17:41:33 [http-nio-8081-exec-7] DEBUG o.s.security.web.FilterChainProxy - Securing GET /api/v1/notifications/unread-count
2026-05-07 17:41:33 [http-nio-8081-exec-7] DEBUG o.s.security.web.FilterChainProxy - Secured GET /api/v1/notifications/unread-count
2026-05-07 17:41:33 [http-nio-8081-exec-7] DEBUG o.s.s.a.m.AuthorizationManagerBeforeMethodInterceptor - Authorizing method invocation ReflectiveMethodInvocation: public java.lang.Long com.example.backend.controller.NotificationController.getUnreadCount(java.lang.String); target is of class [com.example.backend.controller.NotificationController]
2026-05-07 17:41:33 [http-nio-8081-exec-7] DEBUG o.s.s.a.m.AuthorizationManagerBeforeMethodInterceptor - Authorized method invocation ReflectiveMethodInvocation: public java.lang.Long com.example.backend.controller.NotificationController.getUnreadCount(java.lang.String); target is of class [com.example.backend.controller.NotificationController]
2026-05-07 17:41:48 [http-nio-8081-exec-6] DEBUG o.s.security.web.FilterChainProxy - Securing GET /api/v1/notifications/unread-count
2026-05-07 17:41:48 [http-nio-8081-exec-6] DEBUG o.s.security.web.FilterChainProxy - Secured GET /api/v1/notifications/unread-count
2026-05-07 17:41:48 [http-nio-8081-exec-6] DEBUG o.s.s.a.m.AuthorizationManagerBeforeMethodInterceptor - Authorizing method invocation ReflectiveMethodInvocation: public java.lang.Long com.example.backend.controller.NotificationController.getUnreadCount(java.lang.String); target is of class [com.example.backend.controller.NotificationController]
2026-05-07 17:41:48 [http-nio-8081-exec-6] DEBUG o.s.s.a.m.AuthorizationManagerBeforeMethodInterceptor - Authorized method invocation ReflectiveMethodInvocation: public java.lang.Long com.example.backend.controller.NotificationController.getUnreadCount(java.lang.String); target is of class [com.example.backend.controller.NotificationController]
2026-05-07 17:41:59 [http-nio-8081-exec-3] DEBUG o.s.security.web.FilterChainProxy - Securing GET /api/v1/notifications/unread-count
2026-05-07 17:41:59 [http-nio-8081-exec-5] DEBUG o.s.security.web.FilterChainProxy - Securing GET /api/v1/notifications/unread-count
2026-05-07 17:41:59 [http-nio-8081-exec-5] DEBUG o.s.security.web.FilterChainProxy - Secured GET /api/v1/notifications/unread-count
2026-05-07 17:41:59 [http-nio-8081-exec-3] DEBUG o.s.security.web.FilterChainProxy - Secured GET /api/v1/notifications/unread-count
2026-05-07 17:41:59 [http-nio-8081-exec-5] DEBUG o.s.s.a.m.AuthorizationManagerBeforeMethodInterceptor - Authorizing method invocation ReflectiveMethodInvocation: public java.lang.Long com.example.backend.controller.NotificationController.getUnreadCount(java.lang.String); target is of class [com.example.backend.controller.NotificationController]
2026-05-07 17:41:59 [http-nio-8081-exec-3] DEBUG o.s.s.a.m.AuthorizationManagerBeforeMethodInterceptor - Authorizing method invocation ReflectiveMethodInvocation: public java.lang.Long com.example.backend.controller.NotificationController.getUnreadCount(java.lang.String); target is of class [com.example.backend.controller.NotificationController]
2026-05-07 17:41:59 [http-nio-8081-exec-5] DEBUG o.s.s.a.m.AuthorizationManagerBeforeMethodInterceptor - Authorized method invocation ReflectiveMethodInvocation: public java.lang.Long com.example.backend.controller.NotificationController.getUnreadCount(java.lang.String); target is of class [com.example.backend.controller.NotificationController]
2026-05-07 17:41:59 [http-nio-8081-exec-3] DEBUG o.s.s.a.m.AuthorizationManagerBeforeMethodInterceptor - Authorized method invocation ReflectiveMethodInvocation: public java.lang.Long com.example.backend.controller.NotificationController.getUnreadCount(java.lang.String); target is of class [com.example.backend.controller.NotificationController]
2026-05-07 17:42:03 [http-nio-8081-exec-8] DEBUG o.s.security.web.FilterChainProxy - Securing GET /api/v1/notifications/unread-count
2026-05-07 17:42:03 [http-nio-8081-exec-8] DEBUG o.s.security.web.FilterChainProxy - Secured GET /api/v1/notifications/unread-count
2026-05-07 17:42:03 [http-nio-8081-exec-8] DEBUG o.s.s.a.m.AuthorizationManagerBeforeMethodInterceptor - Authorizing method invocation ReflectiveMethodInvocation: public java.lang.Long com.example.backend.controller.NotificationController.getUnreadCount(java.lang.String); target is of class [com.example.backend.controller.NotificationController]
2026-05-07 17:42:03 [http-nio-8081-exec-8] DEBUG o.s.s.a.m.AuthorizationManagerBeforeMethodInterceptor - Authorized method invocation ReflectiveMethodInvocation: public java.lang.Long com.example.backend.controller.NotificationController.getUnreadCount(java.lang.String); target is of class [com.example.backend.controller.NotificationController]
2026-05-07 17:42:18 [http-nio-8081-exec-9] DEBUG o.s.security.web.FilterChainProxy - Securing GET /api/v1/notifications/unread-count
2026-05-07 17:42:18 [http-nio-8081-exec-9] DEBUG o.s.security.web.FilterChainProxy - Secured GET /api/v1/notifications/unread-count
2026-05-07 17:42:18 [http-nio-8081-exec-9] DEBUG o.s.s.a.m.AuthorizationManagerBeforeMethodInterceptor - Authorizing method invocation ReflectiveMethodInvocation: public java.lang.Long com.example.backend.controller.NotificationController.getUnreadCount(java.lang.String); target is of class [com.example.backend.controller.NotificationController]
2026-05-07 17:42:18 [http-nio-8081-exec-9] DEBUG o.s.s.a.m.AuthorizationManagerBeforeMethodInterceptor - Authorized method invocation ReflectiveMethodInvocation: public java.lang.Long com.example.backend.controller.NotificationController.getUnreadCount(java.lang.String); target is of class [com.example.backend.controller.NotificationController]
2026-05-07 17:42:33 [http-nio-8081-exec-10] DEBUG o.s.security.web.FilterChainProxy - Securing GET /api/v1/notifications/unread-count
2026-05-07 17:42:33 [http-nio-8081-exec-10] DEBUG o.s.security.web.FilterChainProxy - Secured GET /api/v1/notifications/unread-count
2026-05-07 17:42:33 [http-nio-8081-exec-10] DEBUG o.s.s.a.m.AuthorizationManagerBeforeMethodInterceptor - Authorizing method invocation ReflectiveMethodInvocation: public java.lang.Long com.example.backend.controller.NotificationController.getUnreadCount(java.lang.String); target is of class [com.example.backend.controller.NotificationController]
2026-05-07 17:42:33 [http-nio-8081-exec-10] DEBUG o.s.s.a.m.AuthorizationManagerBeforeMethodInterceptor - Authorized method invocation ReflectiveMethodInvocation: public java.lang.Long com.example.backend.controller.NotificationController.getUnreadCount(java.lang.String); target is of class [com.example.backend.controller.NotificationController]
2026-05-07 17:42:48 [http-nio-8081-exec-2] DEBUG o.s.security.web.FilterChainProxy - Securing GET /api/v1/notifications/unread-count
2026-05-07 17:42:48 [http-nio-8081-exec-2] DEBUG o.s.security.web.FilterChainProxy - Secured GET /api/v1/notifications/unread-count
2026-05-07 17:42:48 [http-nio-8081-exec-2] DEBUG o.s.s.a.m.AuthorizationManagerBeforeMethodInterceptor - Authorizing method invocation ReflectiveMethodInvocation: public java.lang.Long com.example.backend.controller.NotificationController.getUnreadCount(java.lang.String); target is of class [com.example.backend.controller.NotificationController]
2026-05-07 17:42:48 [http-nio-8081-exec-2] DEBUG o.s.s.a.m.AuthorizationManagerBeforeMethodInterceptor - Authorized method invocation ReflectiveMethodInvocation: public java.lang.Long com.example.backend.controller.NotificationController.getUnreadCount(java.lang.String); target is of class [com.example.backend.controller.NotificationController]
2026-05-07 17:42:59 [http-nio-8081-exec-4] DEBUG o.s.security.web.FilterChainProxy - Securing OPTIONS /api/v1/notifications/unread-count
2026-05-07 17:42:59 [http-nio-8081-exec-1] DEBUG o.s.security.web.FilterChainProxy - Securing OPTIONS /api/v1/notifications/unread-count
2026-05-07 17:42:59 [http-nio-8081-exec-7] DEBUG o.s.security.web.FilterChainProxy - Securing GET /api/v1/notifications/unread-count
2026-05-07 17:42:59 [http-nio-8081-exec-6] DEBUG o.s.security.web.FilterChainProxy - Securing GET /api/v1/notifications/unread-count
2026-05-07 17:42:59 [http-nio-8081-exec-7] DEBUG o.s.security.web.FilterChainProxy - Secured GET /api/v1/notifications/unread-count
2026-05-07 17:42:59 [http-nio-8081-exec-6] DEBUG o.s.security.web.FilterChainProxy - Secured GET /api/v1/notifications/unread-count
2026-05-07 17:42:59 [http-nio-8081-exec-7] DEBUG o.s.s.a.m.AuthorizationManagerBeforeMethodInterceptor - Authorizing method invocation ReflectiveMethodInvocation: public java.lang.Long com.example.backend.controller.NotificationController.getUnreadCount(java.lang.String); target is of class [com.example.backend.controller.NotificationController]
2026-05-07 17:42:59 [http-nio-8081-exec-6] DEBUG o.s.s.a.m.AuthorizationManagerBeforeMethodInterceptor - Authorizing method invocation ReflectiveMethodInvocation: public java.lang.Long com.example.backend.controller.NotificationController.getUnreadCount(java.lang.String); target is of class [com.example.backend.controller.NotificationController]
2026-05-07 17:42:59 [http-nio-8081-exec-6] DEBUG o.s.s.a.m.AuthorizationManagerBeforeMethodInterceptor - Authorized method invocation ReflectiveMethodInvocation: public java.lang.Long com.example.backend.controller.NotificationController.getUnreadCount(java.lang.String); target is of class [com.example.backend.controller.NotificationController]
2026-05-07 17:42:59 [http-nio-8081-exec-7] DEBUG o.s.s.a.m.AuthorizationManagerBeforeMethodInterceptor - Authorized method invocation ReflectiveMethodInvocation: public java.lang.Long com.example.backend.controller.NotificationController.getUnreadCount(java.lang.String); target is of class [com.example.backend.controller.NotificationController]
2026-05-07 17:43:03 [http-nio-8081-exec-3] DEBUG o.s.security.web.FilterChainProxy - Securing GET /api/v1/notifications/unread-count
2026-05-07 17:43:03 [http-nio-8081-exec-3] DEBUG o.s.security.web.FilterChainProxy - Secured GET /api/v1/notifications/unread-count
2026-05-07 17:43:03 [http-nio-8081-exec-3] DEBUG o.s.s.a.m.AuthorizationManagerBeforeMethodInterceptor - Authorizing method invocation ReflectiveMethodInvocation: public java.lang.Long com.example.backend.controller.NotificationController.getUnreadCount(java.lang.String); target is of class [com.example.backend.controller.NotificationController]
2026-05-07 17:43:03 [http-nio-8081-exec-3] DEBUG o.s.s.a.m.AuthorizationManagerBeforeMethodInterceptor - Authorized method invocation ReflectiveMethodInvocation: public java.lang.Long com.example.backend.controller.NotificationController.getUnreadCount(java.lang.String); target is of class [com.example.backend.controller.NotificationController]
2026-05-07 17:43:18 [http-nio-8081-exec-5] DEBUG o.s.security.web.FilterChainProxy - Securing GET /api/v1/notifications/unread-count
2026-05-07 17:43:18 [http-nio-8081-exec-5] DEBUG o.s.security.web.FilterChainProxy - Secured GET /api/v1/notifications/unread-count
2026-05-07 17:43:18 [http-nio-8081-exec-5] DEBUG o.s.s.a.m.AuthorizationManagerBeforeMethodInterceptor - Authorizing method invocation ReflectiveMethodInvocation: public java.lang.Long com.example.backend.controller.NotificationController.getUnreadCount(java.lang.String); target is of class [com.example.backend.controller.NotificationController]
2026-05-07 17:43:18 [http-nio-8081-exec-5] DEBUG o.s.s.a.m.AuthorizationManagerBeforeMethodInterceptor - Authorized method invocation ReflectiveMethodInvocation: public java.lang.Long com.example.backend.controller.NotificationController.getUnreadCount(java.lang.String); target is of class [com.example.backend.controller.NotificationController]
2026-05-07 17:43:33 [http-nio-8081-exec-8] DEBUG o.s.security.web.FilterChainProxy - Securing GET /api/v1/notifications/unread-count
2026-05-07 17:43:33 [http-nio-8081-exec-8] DEBUG o.s.security.web.FilterChainProxy - Secured GET /api/v1/notifications/unread-count
2026-05-07 17:43:33 [http-nio-8081-exec-8] DEBUG o.s.s.a.m.AuthorizationManagerBeforeMethodInterceptor - Authorizing method invocation ReflectiveMethodInvocation: public java.lang.Long com.example.backend.controller.NotificationController.getUnreadCount(java.lang.String); target is of class [com.example.backend.controller.NotificationController]
2026-05-07 17:43:33 [http-nio-8081-exec-8] DEBUG o.s.s.a.m.AuthorizationManagerBeforeMethodInterceptor - Authorized method invocation ReflectiveMethodInvocation: public java.lang.Long com.example.backend.controller.NotificationController.getUnreadCount(java.lang.String); target is of class [com.example.backend.controller.NotificationController]
2026-05-07 17:43:48 [http-nio-8081-exec-9] DEBUG o.s.security.web.FilterChainProxy - Securing GET /api/v1/notifications/unread-count
2026-05-07 17:43:48 [http-nio-8081-exec-9] DEBUG o.s.security.web.FilterChainProxy - Secured GET /api/v1/notifications/unread-count
2026-05-07 17:43:48 [http-nio-8081-exec-9] DEBUG o.s.s.a.m.AuthorizationManagerBeforeMethodInterceptor - Authorizing method invocation ReflectiveMethodInvocation: public java.lang.Long com.example.backend.controller.NotificationController.getUnreadCount(java.lang.String); target is of class [com.example.backend.controller.NotificationController]
2026-05-07 17:43:48 [http-nio-8081-exec-9] DEBUG o.s.s.a.m.AuthorizationManagerBeforeMethodInterceptor - Authorized method invocation ReflectiveMethodInvocation: public java.lang.Long com.example.backend.controller.NotificationController.getUnreadCount(java.lang.String); target is of class [com.example.backend.controller.NotificationController]
2026-05-07 17:43:59 [http-nio-8081-exec-10] DEBUG o.s.security.web.FilterChainProxy - Securing GET /api/v1/notifications/unread-count
2026-05-07 17:43:59 [http-nio-8081-exec-2] DEBUG o.s.security.web.FilterChainProxy - Securing GET /api/v1/notifications/unread-count
2026-05-07 17:43:59 [http-nio-8081-exec-2] DEBUG o.s.security.web.FilterChainProxy - Secured GET /api/v1/notifications/unread-count
2026-05-07 17:43:59 [http-nio-8081-exec-10] DEBUG o.s.security.web.FilterChainProxy - Secured GET /api/v1/notifications/unread-count
2026-05-07 17:43:59 [http-nio-8081-exec-10] DEBUG o.s.s.a.m.AuthorizationManagerBeforeMethodInterceptor - Authorizing method invocation ReflectiveMethodInvocation: public java.lang.Long com.example.backend.controller.NotificationController.getUnreadCount(java.lang.String); target is of class [com.example.backend.controller.NotificationController]
2026-05-07 17:43:59 [http-nio-8081-exec-2] DEBUG o.s.s.a.m.AuthorizationManagerBeforeMethodInterceptor - Authorizing method invocation ReflectiveMethodInvocation: public java.lang.Long com.example.backend.controller.NotificationController.getUnreadCount(java.lang.String); target is of class [com.example.backend.controller.NotificationController]
2026-05-07 17:43:59 [http-nio-8081-exec-10] DEBUG o.s.s.a.m.AuthorizationManagerBeforeMethodInterceptor - Authorized method invocation ReflectiveMethodInvocation: public java.lang.Long com.example.backend.controller.NotificationController.getUnreadCount(java.lang.String); target is of class [com.example.backend.controller.NotificationController]
2026-05-07 17:43:59 [http-nio-8081-exec-2] DEBUG o.s.s.a.m.AuthorizationManagerBeforeMethodInterceptor - Authorized method invocation ReflectiveMethodInvocation: public java.lang.Long com.example.backend.controller.NotificationController.getUnreadCount(java.lang.String); target is of class [com.example.backend.controller.NotificationController]
2026-05-07 17:44:03 [http-nio-8081-exec-1] DEBUG o.s.security.web.FilterChainProxy - Securing GET /api/v1/notifications/unread-count
2026-05-07 17:44:03 [http-nio-8081-exec-1] DEBUG o.s.security.web.FilterChainProxy - Secured GET /api/v1/notifications/unread-count
2026-05-07 17:44:03 [http-nio-8081-exec-1] DEBUG o.s.s.a.m.AuthorizationManagerBeforeMethodInterceptor - Authorizing method invocation ReflectiveMethodInvocation: public java.lang.Long com.example.backend.controller.NotificationController.getUnreadCount(java.lang.String); target is of class [com.example.backend.controller.NotificationController]
2026-05-07 17:44:03 [http-nio-8081-exec-1] DEBUG o.s.s.a.m.AuthorizationManagerBeforeMethodInterceptor - Authorized method invocation ReflectiveMethodInvocation: public java.lang.Long com.example.backend.controller.NotificationController.getUnreadCount(java.lang.String); target is of class [com.example.backend.controller.NotificationController]
2026-05-07 17:44:18 [http-nio-8081-exec-4] DEBUG o.s.security.web.FilterChainProxy - Securing GET /api/v1/notifications/unread-count
2026-05-07 17:44:18 [http-nio-8081-exec-4] DEBUG o.s.security.web.FilterChainProxy - Secured GET /api/v1/notifications/unread-count
2026-05-07 17:44:18 [http-nio-8081-exec-4] DEBUG o.s.s.a.m.AuthorizationManagerBeforeMethodInterceptor - Authorizing method invocation ReflectiveMethodInvocation: public java.lang.Long com.example.backend.controller.NotificationController.getUnreadCount(java.lang.String); target is of class [com.example.backend.controller.NotificationController]
2026-05-07 17:44:18 [http-nio-8081-exec-4] DEBUG o.s.s.a.m.AuthorizationManagerBeforeMethodInterceptor - Authorized method invocation ReflectiveMethodInvocation: public java.lang.Long com.example.backend.controller.NotificationController.getUnreadCount(java.lang.String); target is of class [com.example.backend.controller.NotificationController]
2026-05-07 17:44:33 [http-nio-8081-exec-7] DEBUG o.s.security.web.FilterChainProxy - Securing GET /api/v1/notifications/unread-count
2026-05-07 17:44:33 [http-nio-8081-exec-7] DEBUG o.s.security.web.FilterChainProxy - Secured GET /api/v1/notifications/unread-count
2026-05-07 17:44:33 [http-nio-8081-exec-7] DEBUG o.s.s.a.m.AuthorizationManagerBeforeMethodInterceptor - Authorizing method invocation ReflectiveMethodInvocation: public java.lang.Long com.example.backend.controller.NotificationController.getUnreadCount(java.lang.String); target is of class [com.example.backend.controller.NotificationController]
2026-05-07 17:44:33 [http-nio-8081-exec-7] DEBUG o.s.s.a.m.AuthorizationManagerBeforeMethodInterceptor - Authorized method invocation ReflectiveMethodInvocation: public java.lang.Long com.example.backend.controller.NotificationController.getUnreadCount(java.lang.String); target is of class [com.example.backend.controller.NotificationController]
2026-05-07 17:44:48 [http-nio-8081-exec-6] DEBUG o.s.security.web.FilterChainProxy - Securing GET /api/v1/notifications/unread-count
2026-05-07 17:44:48 [http-nio-8081-exec-6] DEBUG o.s.security.web.FilterChainProxy - Secured GET /api/v1/notifications/unread-count
2026-05-07 17:44:48 [http-nio-8081-exec-6] DEBUG o.s.s.a.m.AuthorizationManagerBeforeMethodInterceptor - Authorizing method invocation ReflectiveMethodInvocation: public java.lang.Long com.example.backend.controller.NotificationController.getUnreadCount(java.lang.String); target is of class [com.example.backend.controller.NotificationController]
2026-05-07 17:44:48 [http-nio-8081-exec-6] DEBUG o.s.s.a.m.AuthorizationManagerBeforeMethodInterceptor - Authorized method invocation ReflectiveMethodInvocation: public java.lang.Long com.example.backend.controller.NotificationController.getUnreadCount(java.lang.String); target is of class [com.example.backend.controller.NotificationController]
2026-05-07 17:44:59 [http-nio-8081-exec-5] DEBUG o.s.security.web.FilterChainProxy - Securing GET /api/v1/notifications/unread-count
2026-05-07 17:44:59 [http-nio-8081-exec-3] DEBUG o.s.security.web.FilterChainProxy - Securing GET /api/v1/notifications/unread-count
2026-05-07 17:44:59 [http-nio-8081-exec-3] DEBUG o.s.security.web.FilterChainProxy - Secured GET /api/v1/notifications/unread-count
2026-05-07 17:44:59 [http-nio-8081-exec-5] DEBUG o.s.security.web.FilterChainProxy - Secured GET /api/v1/notifications/unread-count
2026-05-07 17:44:59 [http-nio-8081-exec-5] DEBUG o.s.s.a.m.AuthorizationManagerBeforeMethodInterceptor - Authorizing method invocation ReflectiveMethodInvocation: public java.lang.Long com.example.backend.controller.NotificationController.getUnreadCount(java.lang.String); target is of class [com.example.backend.controller.NotificationController]
2026-05-07 17:44:59 [http-nio-8081-exec-3] DEBUG o.s.s.a.m.AuthorizationManagerBeforeMethodInterceptor - Authorizing method invocation ReflectiveMethodInvocation: public java.lang.Long com.example.backend.controller.NotificationController.getUnreadCount(java.lang.String); target is of class [com.example.backend.controller.NotificationController]
2026-05-07 17:44:59 [http-nio-8081-exec-5] DEBUG o.s.s.a.m.AuthorizationManagerBeforeMethodInterceptor - Authorized method invocation ReflectiveMethodInvocation: public java.lang.Long com.example.backend.controller.NotificationController.getUnreadCount(java.lang.String); target is of class [com.example.backend.controller.NotificationController]
2026-05-07 17:44:59 [http-nio-8081-exec-3] DEBUG o.s.s.a.m.AuthorizationManagerBeforeMethodInterceptor - Authorized method invocation ReflectiveMethodInvocation: public java.lang.Long com.example.backend.controller.NotificationController.getUnreadCount(java.lang.String); target is of class [com.example.backend.controller.NotificationController]
2026-05-07 17:45:03 [http-nio-8081-exec-8] DEBUG o.s.security.web.FilterChainProxy - Securing GET /api/v1/notifications/unread-count
2026-05-07 17:45:03 [http-nio-8081-exec-8] DEBUG o.s.security.web.FilterChainProxy - Secured GET /api/v1/notifications/unread-count
2026-05-07 17:45:03 [http-nio-8081-exec-8] DEBUG o.s.s.a.m.AuthorizationManagerBeforeMethodInterceptor - Authorizing method invocation ReflectiveMethodInvocation: public java.lang.Long com.example.backend.controller.NotificationController.getUnreadCount(java.lang.String); target is of class [com.example.backend.controller.NotificationController]
2026-05-07 17:45:03 [http-nio-8081-exec-8] DEBUG o.s.s.a.m.AuthorizationManagerBeforeMethodInterceptor - Authorized method invocation ReflectiveMethodInvocation: public java.lang.Long com.example.backend.controller.NotificationController.getUnreadCount(java.lang.String); target is of class [com.example.backend.controller.NotificationController]
2026-05-07 17:45:18 [http-nio-8081-exec-9] DEBUG o.s.security.web.FilterChainProxy - Securing GET /api/v1/notifications/unread-count
2026-05-07 17:45:18 [http-nio-8081-exec-9] DEBUG o.s.security.web.FilterChainProxy - Secured GET /api/v1/notifications/unread-count
2026-05-07 17:45:18 [http-nio-8081-exec-9] DEBUG o.s.s.a.m.AuthorizationManagerBeforeMethodInterceptor - Authorizing method invocation ReflectiveMethodInvocation: public java.lang.Long com.example.backend.controller.NotificationController.getUnreadCount(java.lang.String); target is of class [com.example.backend.controller.NotificationController]
2026-05-07 17:45:18 [http-nio-8081-exec-9] DEBUG o.s.s.a.m.AuthorizationManagerBeforeMethodInterceptor - Authorized method invocation ReflectiveMethodInvocation: public java.lang.Long com.example.backend.controller.NotificationController.getUnreadCount(java.lang.String); target is of class [com.example.backend.controller.NotificationController]
2026-05-07 17:45:33 [http-nio-8081-exec-10] DEBUG o.s.security.web.FilterChainProxy - Securing GET /api/v1/notifications/unread-count
2026-05-07 17:45:33 [http-nio-8081-exec-10] DEBUG o.s.security.web.FilterChainProxy - Secured GET /api/v1/notifications/unread-count
2026-05-07 17:45:33 [http-nio-8081-exec-10] DEBUG o.s.s.a.m.AuthorizationManagerBeforeMethodInterceptor - Authorizing method invocation ReflectiveMethodInvocation: public java.lang.Long com.example.backend.controller.NotificationController.getUnreadCount(java.lang.String); target is of class [com.example.backend.controller.NotificationController]
2026-05-07 17:45:33 [http-nio-8081-exec-10] DEBUG o.s.s.a.m.AuthorizationManagerBeforeMethodInterceptor - Authorized method invocation ReflectiveMethodInvocation: public java.lang.Long com.example.backend.controller.NotificationController.getUnreadCount(java.lang.String); target is of class [com.example.backend.controller.NotificationController]
2026-05-07 17:45:48 [http-nio-8081-exec-2] DEBUG o.s.security.web.FilterChainProxy - Securing GET /api/v1/notifications/unread-count
2026-05-07 17:45:48 [http-nio-8081-exec-2] DEBUG o.s.security.web.FilterChainProxy - Secured GET /api/v1/notifications/unread-count
2026-05-07 17:45:48 [http-nio-8081-exec-2] DEBUG o.s.s.a.m.AuthorizationManagerBeforeMethodInterceptor - Authorizing method invocation ReflectiveMethodInvocation: public java.lang.Long com.example.backend.controller.NotificationController.getUnreadCount(java.lang.String); target is of class [com.example.backend.controller.NotificationController]
2026-05-07 17:45:48 [http-nio-8081-exec-2] DEBUG o.s.s.a.m.AuthorizationManagerBeforeMethodInterceptor - Authorized method invocation ReflectiveMethodInvocation: public java.lang.Long com.example.backend.controller.NotificationController.getUnreadCount(java.lang.String); target is of class [com.example.backend.controller.NotificationController]
2026-05-07 17:45:59 [http-nio-8081-exec-1] DEBUG o.s.security.web.FilterChainProxy - Securing GET /api/v1/notifications/unread-count
2026-05-07 17:45:59 [http-nio-8081-exec-4] DEBUG o.s.security.web.FilterChainProxy - Securing GET /api/v1/notifications/unread-count
2026-05-07 17:45:59 [http-nio-8081-exec-1] DEBUG o.s.security.web.FilterChainProxy - Secured GET /api/v1/notifications/unread-count
2026-05-07 17:45:59 [http-nio-8081-exec-4] DEBUG o.s.security.web.FilterChainProxy - Secured GET /api/v1/notifications/unread-count
2026-05-07 17:45:59 [http-nio-8081-exec-4] DEBUG o.s.s.a.m.AuthorizationManagerBeforeMethodInterceptor - Authorizing method invocation ReflectiveMethodInvocation: public java.lang.Long com.example.backend.controller.NotificationController.getUnreadCount(java.lang.String); target is of class [com.example.backend.controller.NotificationController]
2026-05-07 17:45:59 [http-nio-8081-exec-1] DEBUG o.s.s.a.m.AuthorizationManagerBeforeMethodInterceptor - Authorizing method invocation ReflectiveMethodInvocation: public java.lang.Long com.example.backend.controller.NotificationController.getUnreadCount(java.lang.String); target is of class [com.example.backend.controller.NotificationController]
2026-05-07 17:45:59 [http-nio-8081-exec-1] DEBUG o.s.s.a.m.AuthorizationManagerBeforeMethodInterceptor - Authorized method invocation ReflectiveMethodInvocation: public java.lang.Long com.example.backend.controller.NotificationController.getUnreadCount(java.lang.String); target is of class [com.example.backend.controller.NotificationController]
2026-05-07 17:45:59 [http-nio-8081-exec-4] DEBUG o.s.s.a.m.AuthorizationManagerBeforeMethodInterceptor - Authorized method invocation ReflectiveMethodInvocation: public java.lang.Long com.example.backend.controller.NotificationController.getUnreadCount(java.lang.String); target is of class [com.example.backend.controller.NotificationController]
2026-05-07 17:46:03 [http-nio-8081-exec-7] DEBUG o.s.security.web.FilterChainProxy - Securing GET /api/v1/notifications/unread-count
2026-05-07 17:46:03 [http-nio-8081-exec-7] DEBUG o.s.security.web.FilterChainProxy - Secured GET /api/v1/notifications/unread-count
2026-05-07 17:46:03 [http-nio-8081-exec-7] DEBUG o.s.s.a.m.AuthorizationManagerBeforeMethodInterceptor - Authorizing method invocation ReflectiveMethodInvocation: public java.lang.Long com.example.backend.controller.NotificationController.getUnreadCount(java.lang.String); target is of class [com.example.backend.controller.NotificationController]
2026-05-07 17:46:03 [http-nio-8081-exec-7] DEBUG o.s.s.a.m.AuthorizationManagerBeforeMethodInterceptor - Authorized method invocation ReflectiveMethodInvocation: public java.lang.Long com.example.backend.controller.NotificationController.getUnreadCount(java.lang.String); target is of class [com.example.backend.controller.NotificationController]
2026-05-07 17:46:18 [http-nio-8081-exec-6] DEBUG o.s.security.web.FilterChainProxy - Securing GET /api/v1/notifications/unread-count
2026-05-07 17:46:18 [http-nio-8081-exec-6] DEBUG o.s.security.web.FilterChainProxy - Secured GET /api/v1/notifications/unread-count
2026-05-07 17:46:18 [http-nio-8081-exec-6] DEBUG o.s.s.a.m.AuthorizationManagerBeforeMethodInterceptor - Authorizing method invocation ReflectiveMethodInvocation: public java.lang.Long com.example.backend.controller.NotificationController.getUnreadCount(java.lang.String); target is of class [com.example.backend.controller.NotificationController]
2026-05-07 17:46:18 [http-nio-8081-exec-6] DEBUG o.s.s.a.m.AuthorizationManagerBeforeMethodInterceptor - Authorized method invocation ReflectiveMethodInvocation: public java.lang.Long com.example.backend.controller.NotificationController.getUnreadCount(java.lang.String); target is of class [com.example.backend.controller.NotificationController]
2026-05-07 17:46:33 [http-nio-8081-exec-3] DEBUG o.s.security.web.FilterChainProxy - Securing GET /api/v1/notifications/unread-count
2026-05-07 17:46:33 [http-nio-8081-exec-3] DEBUG o.s.security.web.FilterChainProxy - Secured GET /api/v1/notifications/unread-count
2026-05-07 17:46:33 [http-nio-8081-exec-3] DEBUG o.s.s.a.m.AuthorizationManagerBeforeMethodInterceptor - Authorizing method invocation ReflectiveMethodInvocation: public java.lang.Long com.example.backend.controller.NotificationController.getUnreadCount(java.lang.String); target is of class [com.example.backend.controller.NotificationController]
2026-05-07 17:46:33 [http-nio-8081-exec-3] DEBUG o.s.s.a.m.AuthorizationManagerBeforeMethodInterceptor - Authorized method invocation ReflectiveMethodInvocation: public java.lang.Long com.example.backend.controller.NotificationController.getUnreadCount(java.lang.String); target is of class [com.example.backend.controller.NotificationController]
2026-05-07 17:46:48 [http-nio-8081-exec-5] DEBUG o.s.security.web.FilterChainProxy - Securing GET /api/v1/notifications/unread-count
2026-05-07 17:46:48 [http-nio-8081-exec-5] DEBUG o.s.security.web.FilterChainProxy - Secured GET /api/v1/notifications/unread-count
2026-05-07 17:46:48 [http-nio-8081-exec-5] DEBUG o.s.s.a.m.AuthorizationManagerBeforeMethodInterceptor - Authorizing method invocation ReflectiveMethodInvocation: public java.lang.Long com.example.backend.controller.NotificationController.getUnreadCount(java.lang.String); target is of class [com.example.backend.controller.NotificationController]
2026-05-07 17:46:48 [http-nio-8081-exec-5] DEBUG o.s.s.a.m.AuthorizationManagerBeforeMethodInterceptor - Authorized method invocation ReflectiveMethodInvocation: public java.lang.Long com.example.backend.controller.NotificationController.getUnreadCount(java.lang.String); target is of class [com.example.backend.controller.NotificationController]
2026-05-07 17:46:59 [http-nio-8081-exec-8] DEBUG o.s.security.web.FilterChainProxy - Securing GET /api/v1/notifications/unread-count
2026-05-07 17:46:59 [http-nio-8081-exec-9] DEBUG o.s.security.web.FilterChainProxy - Securing GET /api/v1/notifications/unread-count
2026-05-07 17:46:59 [http-nio-8081-exec-8] DEBUG o.s.security.web.FilterChainProxy - Secured GET /api/v1/notifications/unread-count
2026-05-07 17:46:59 [http-nio-8081-exec-9] DEBUG o.s.security.web.FilterChainProxy - Secured GET /api/v1/notifications/unread-count
2026-05-07 17:46:59 [http-nio-8081-exec-8] DEBUG o.s.s.a.m.AuthorizationManagerBeforeMethodInterceptor - Authorizing method invocation ReflectiveMethodInvocation: public java.lang.Long com.example.backend.controller.NotificationController.getUnreadCount(java.lang.String); target is of class [com.example.backend.controller.NotificationController]
2026-05-07 17:46:59 [http-nio-8081-exec-9] DEBUG o.s.s.a.m.AuthorizationManagerBeforeMethodInterceptor - Authorizing method invocation ReflectiveMethodInvocation: public java.lang.Long com.example.backend.controller.NotificationController.getUnreadCount(java.lang.String); target is of class [com.example.backend.controller.NotificationController]
2026-05-07 17:46:59 [http-nio-8081-exec-8] DEBUG o.s.s.a.m.AuthorizationManagerBeforeMethodInterceptor - Authorized method invocation ReflectiveMethodInvocation: public java.lang.Long com.example.backend.controller.NotificationController.getUnreadCount(java.lang.String); target is of class [com.example.backend.controller.NotificationController]
2026-05-07 17:46:59 [http-nio-8081-exec-9] DEBUG o.s.s.a.m.AuthorizationManagerBeforeMethodInterceptor - Authorized method invocation ReflectiveMethodInvocation: public java.lang.Long com.example.backend.controller.NotificationController.getUnreadCount(java.lang.String); target is of class [com.example.backend.controller.NotificationController]
2026-05-07 17:47:03 [http-nio-8081-exec-10] DEBUG o.s.security.web.FilterChainProxy - Securing GET /api/v1/notifications/unread-count
2026-05-07 17:47:03 [http-nio-8081-exec-10] DEBUG o.s.security.web.FilterChainProxy - Secured GET /api/v1/notifications/unread-count
2026-05-07 17:47:03 [http-nio-8081-exec-10] DEBUG o.s.s.a.m.AuthorizationManagerBeforeMethodInterceptor - Authorizing method invocation ReflectiveMethodInvocation: public java.lang.Long com.example.backend.controller.NotificationController.getUnreadCount(java.lang.String); target is of class [com.example.backend.controller.NotificationController]
2026-05-07 17:47:03 [http-nio-8081-exec-10] DEBUG o.s.s.a.m.AuthorizationManagerBeforeMethodInterceptor - Authorized method invocation ReflectiveMethodInvocation: public java.lang.Long com.example.backend.controller.NotificationController.getUnreadCount(java.lang.String); target is of class [com.example.backend.controller.NotificationController]
2026-05-07 17:47:18 [http-nio-8081-exec-2] DEBUG o.s.security.web.FilterChainProxy - Securing GET /api/v1/notifications/unread-count
2026-05-07 17:47:18 [http-nio-8081-exec-2] DEBUG o.s.security.web.FilterChainProxy - Secured GET /api/v1/notifications/unread-count
2026-05-07 17:47:18 [http-nio-8081-exec-2] DEBUG o.s.s.a.m.AuthorizationManagerBeforeMethodInterceptor - Authorizing method invocation ReflectiveMethodInvocation: public java.lang.Long com.example.backend.controller.NotificationController.getUnreadCount(java.lang.String); target is of class [com.example.backend.controller.NotificationController]
2026-05-07 17:47:18 [http-nio-8081-exec-2] DEBUG o.s.s.a.m.AuthorizationManagerBeforeMethodInterceptor - Authorized method invocation ReflectiveMethodInvocation: public java.lang.Long com.example.backend.controller.NotificationController.getUnreadCount(java.lang.String); target is of class [com.example.backend.controller.NotificationController]
2026-05-07 17:47:33 [http-nio-8081-exec-4] DEBUG o.s.security.web.FilterChainProxy - Securing GET /api/v1/notifications/unread-count
2026-05-07 17:47:33 [http-nio-8081-exec-4] DEBUG o.s.security.web.FilterChainProxy - Secured GET /api/v1/notifications/unread-count
2026-05-07 17:47:33 [http-nio-8081-exec-4] DEBUG o.s.s.a.m.AuthorizationManagerBeforeMethodInterceptor - Authorizing method invocation ReflectiveMethodInvocation: public java.lang.Long com.example.backend.controller.NotificationController.getUnreadCount(java.lang.String); target is of class [com.example.backend.controller.NotificationController]
2026-05-07 17:47:33 [http-nio-8081-exec-4] DEBUG o.s.s.a.m.AuthorizationManagerBeforeMethodInterceptor - Authorized method invocation ReflectiveMethodInvocation: public java.lang.Long com.example.backend.controller.NotificationController.getUnreadCount(java.lang.String); target is of class [com.example.backend.controller.NotificationController]
2026-05-07 17:47:48 [http-nio-8081-exec-1] DEBUG o.s.security.web.FilterChainProxy - Securing GET /api/v1/notifications/unread-count
2026-05-07 17:47:48 [http-nio-8081-exec-1] DEBUG o.s.security.web.FilterChainProxy - Secured GET /api/v1/notifications/unread-count
2026-05-07 17:47:48 [http-nio-8081-exec-1] DEBUG o.s.s.a.m.AuthorizationManagerBeforeMethodInterceptor - Authorizing method invocation ReflectiveMethodInvocation: public java.lang.Long com.example.backend.controller.NotificationController.getUnreadCount(java.lang.String); target is of class [com.example.backend.controller.NotificationController]
2026-05-07 17:47:48 [http-nio-8081-exec-1] DEBUG o.s.s.a.m.AuthorizationManagerBeforeMethodInterceptor - Authorized method invocation ReflectiveMethodInvocation: public java.lang.Long com.example.backend.controller.NotificationController.getUnreadCount(java.lang.String); target is of class [com.example.backend.controller.NotificationController]
2026-05-07 17:47:59 [http-nio-8081-exec-7] DEBUG o.s.security.web.FilterChainProxy - Securing GET /api/v1/notifications/unread-count
2026-05-07 17:47:59 [http-nio-8081-exec-6] DEBUG o.s.security.web.FilterChainProxy - Securing GET /api/v1/notifications/unread-count
2026-05-07 17:47:59 [http-nio-8081-exec-7] DEBUG o.s.security.web.FilterChainProxy - Secured GET /api/v1/notifications/unread-count
2026-05-07 17:47:59 [http-nio-8081-exec-6] DEBUG o.s.security.web.FilterChainProxy - Secured GET /api/v1/notifications/unread-count
2026-05-07 17:47:59 [http-nio-8081-exec-7] DEBUG o.s.s.a.m.AuthorizationManagerBeforeMethodInterceptor - Authorizing method invocation ReflectiveMethodInvocation: public java.lang.Long com.example.backend.controller.NotificationController.getUnreadCount(java.lang.String); target is of class [com.example.backend.controller.NotificationController]
2026-05-07 17:47:59 [http-nio-8081-exec-6] DEBUG o.s.s.a.m.AuthorizationManagerBeforeMethodInterceptor - Authorizing method invocation ReflectiveMethodInvocation: public java.lang.Long com.example.backend.controller.NotificationController.getUnreadCount(java.lang.String); target is of class [com.example.backend.controller.NotificationController]
2026-05-07 17:47:59 [http-nio-8081-exec-6] DEBUG o.s.s.a.m.AuthorizationManagerBeforeMethodInterceptor - Authorized method invocation ReflectiveMethodInvocation: public java.lang.Long com.example.backend.controller.NotificationController.getUnreadCount(java.lang.String); target is of class [com.example.backend.controller.NotificationController]
2026-05-07 17:47:59 [http-nio-8081-exec-7] DEBUG o.s.s.a.m.AuthorizationManagerBeforeMethodInterceptor - Authorized method invocation ReflectiveMethodInvocation: public java.lang.Long com.example.backend.controller.NotificationController.getUnreadCount(java.lang.String); target is of class [com.example.backend.controller.NotificationController]
2026-05-07 17:48:03 [http-nio-8081-exec-3] DEBUG o.s.security.web.FilterChainProxy - Securing GET /api/v1/notifications/unread-count
2026-05-07 17:48:03 [http-nio-8081-exec-3] DEBUG o.s.security.web.FilterChainProxy - Secured GET /api/v1/notifications/unread-count
2026-05-07 17:48:03 [http-nio-8081-exec-3] DEBUG o.s.s.a.m.AuthorizationManagerBeforeMethodInterceptor - Authorizing method invocation ReflectiveMethodInvocation: public java.lang.Long com.example.backend.controller.NotificationController.getUnreadCount(java.lang.String); target is of class [com.example.backend.controller.NotificationController]
2026-05-07 17:48:03 [http-nio-8081-exec-3] DEBUG o.s.s.a.m.AuthorizationManagerBeforeMethodInterceptor - Authorized method invocation ReflectiveMethodInvocation: public java.lang.Long com.example.backend.controller.NotificationController.getUnreadCount(java.lang.String); target is of class [com.example.backend.controller.NotificationController]
2026-05-07 17:48:07 [http-nio-8081-exec-5] DEBUG o.s.security.web.FilterChainProxy - Securing GET /api/v1/notifications/unread-count
2026-05-07 17:48:07 [http-nio-8081-exec-5] DEBUG o.s.security.web.FilterChainProxy - Secured GET /api/v1/notifications/unread-count
2026-05-07 17:48:07 [http-nio-8081-exec-5] DEBUG o.s.s.a.m.AuthorizationManagerBeforeMethodInterceptor - Authorizing method invocation ReflectiveMethodInvocation: public java.lang.Long com.example.backend.controller.NotificationController.getUnreadCount(java.lang.String); target is of class [com.example.backend.controller.NotificationController]
2026-05-07 17:48:07 [http-nio-8081-exec-5] DEBUG o.s.s.a.m.AuthorizationManagerBeforeMethodInterceptor - Authorized method invocation ReflectiveMethodInvocation: public java.lang.Long com.example.backend.controller.NotificationController.getUnreadCount(java.lang.String); target is of class [com.example.backend.controller.NotificationController]
2026-05-07 17:48:17 [http-nio-8081-exec-9] DEBUG o.s.security.web.FilterChainProxy - Securing GET /api/v1/notifications/unread-count
2026-05-07 17:48:17 [http-nio-8081-exec-9] DEBUG o.s.security.web.FilterChainProxy - Secured GET /api/v1/notifications/unread-count
2026-05-07 17:48:17 [http-nio-8081-exec-9] DEBUG o.s.s.a.m.AuthorizationManagerBeforeMethodInterceptor - Authorizing method invocation ReflectiveMethodInvocation: public java.lang.Long com.example.backend.controller.NotificationController.getUnreadCount(java.lang.String); target is of class [com.example.backend.controller.NotificationController]
2026-05-07 17:48:17 [http-nio-8081-exec-9] DEBUG o.s.s.a.m.AuthorizationManagerBeforeMethodInterceptor - Authorized method invocation ReflectiveMethodInvocation: public java.lang.Long com.example.backend.controller.NotificationController.getUnreadCount(java.lang.String); target is of class [com.example.backend.controller.NotificationController]
2026-05-07 17:48:17 [http-nio-8081-exec-10] DEBUG o.s.security.web.FilterChainProxy - Securing POST /api/v1/auth/login
2026-05-07 17:48:17 [http-nio-8081-exec-10] DEBUG o.s.security.web.FilterChainProxy - Secured POST /api/v1/auth/login
2026-05-07 17:48:17 [http-nio-8081-exec-10] DEBUG o.s.s.w.a.AnonymousAuthenticationFilter - Set SecurityContextHolder to anonymous SecurityContext
2026-05-07 17:48:17 [http-nio-8081-exec-10] DEBUG o.s.security.web.FilterChainProxy - Securing GET /error
2026-05-07 17:48:17 [http-nio-8081-exec-10] DEBUG o.s.security.web.FilterChainProxy - Secured GET /error
2026-05-07 17:48:17 [http-nio-8081-exec-10] DEBUG o.s.s.w.a.AnonymousAuthenticationFilter - Set SecurityContextHolder to anonymous SecurityContext
2026-05-07 17:48:33 [http-nio-8081-exec-4] DEBUG o.s.security.web.FilterChainProxy - Securing GET /api/v1/notifications/unread-count
2026-05-07 17:48:33 [http-nio-8081-exec-4] DEBUG o.s.security.web.FilterChainProxy - Secured GET /api/v1/notifications/unread-count
2026-05-07 17:48:33 [http-nio-8081-exec-4] DEBUG o.s.s.a.m.AuthorizationManagerBeforeMethodInterceptor - Authorizing method invocation ReflectiveMethodInvocation: public java.lang.Long com.example.backend.controller.NotificationController.getUnreadCount(java.lang.String); target is of class [com.example.backend.controller.NotificationController]
2026-05-07 17:48:33 [http-nio-8081-exec-4] DEBUG o.s.s.a.m.AuthorizationManagerBeforeMethodInterceptor - Authorized method invocation ReflectiveMethodInvocation: public java.lang.Long com.example.backend.controller.NotificationController.getUnreadCount(java.lang.String); target is of class [com.example.backend.controller.NotificationController]
2026-05-07 17:48:48 [http-nio-8081-exec-1] DEBUG o.s.security.web.FilterChainProxy - Securing GET /api/v1/notifications/unread-count
2026-05-07 17:48:48 [http-nio-8081-exec-1] DEBUG o.s.security.web.FilterChainProxy - Secured GET /api/v1/notifications/unread-count
2026-05-07 17:48:48 [http-nio-8081-exec-1] DEBUG o.s.s.a.m.AuthorizationManagerBeforeMethodInterceptor - Authorizing method invocation ReflectiveMethodInvocation: public java.lang.Long com.example.backend.controller.NotificationController.getUnreadCount(java.lang.String); target is of class [com.example.backend.controller.NotificationController]
2026-05-07 17:48:48 [http-nio-8081-exec-1] DEBUG o.s.s.a.m.AuthorizationManagerBeforeMethodInterceptor - Authorized method invocation ReflectiveMethodInvocation: public java.lang.Long com.example.backend.controller.NotificationController.getUnreadCount(java.lang.String); target is of class [com.example.backend.controller.NotificationController]
2026-05-07 17:48:59 [http-nio-8081-exec-6] DEBUG o.s.security.web.FilterChainProxy - Securing GET /api/v1/notifications/unread-count
2026-05-07 17:48:59 [http-nio-8081-exec-6] DEBUG o.s.security.web.FilterChainProxy - Secured GET /api/v1/notifications/unread-count
2026-05-07 17:48:59 [http-nio-8081-exec-6] DEBUG o.s.s.a.m.AuthorizationManagerBeforeMethodInterceptor - Authorizing method invocation ReflectiveMethodInvocation: public java.lang.Long com.example.backend.controller.NotificationController.getUnreadCount(java.lang.String); target is of class [com.example.backend.controller.NotificationController]
2026-05-07 17:48:59 [http-nio-8081-exec-6] DEBUG o.s.s.a.m.AuthorizationManagerBeforeMethodInterceptor - Authorized method invocation ReflectiveMethodInvocation: public java.lang.Long com.example.backend.controller.NotificationController.getUnreadCount(java.lang.String); target is of class [com.example.backend.controller.NotificationController]
2026-05-07 17:49:03 [http-nio-8081-exec-7] DEBUG o.s.security.web.FilterChainProxy - Securing GET /api/v1/notifications/unread-count
2026-05-07 17:49:03 [http-nio-8081-exec-7] DEBUG o.s.security.web.FilterChainProxy - Secured GET /api/v1/notifications/unread-count
2026-05-07 17:49:03 [http-nio-8081-exec-7] DEBUG o.s.s.a.m.AuthorizationManagerBeforeMethodInterceptor - Authorizing method invocation ReflectiveMethodInvocation: public java.lang.Long com.example.backend.controller.NotificationController.getUnreadCount(java.lang.String); target is of class [com.example.backend.controller.NotificationController]
2026-05-07 17:49:03 [http-nio-8081-exec-7] DEBUG o.s.s.a.m.AuthorizationManagerBeforeMethodInterceptor - Authorized method invocation ReflectiveMethodInvocation: public java.lang.Long com.example.backend.controller.NotificationController.getUnreadCount(java.lang.String); target is of class [com.example.backend.controller.NotificationController]
2026-05-07 17:49:39 [http-nio-8081-exec-5] DEBUG o.s.security.web.FilterChainProxy - Securing GET /api/v1/notifications/unread-count
2026-05-07 17:49:39 [http-nio-8081-exec-3] DEBUG o.s.security.web.FilterChainProxy - Securing GET /api/v1/notifications/unread-count
2026-05-07 17:49:39 [http-nio-8081-exec-5] DEBUG o.s.security.web.FilterChainProxy - Secured GET /api/v1/notifications/unread-count
2026-05-07 17:49:39 [http-nio-8081-exec-3] DEBUG o.s.security.web.FilterChainProxy - Secured GET /api/v1/notifications/unread-count
2026-05-07 17:49:39 [http-nio-8081-exec-5] DEBUG o.s.s.a.m.AuthorizationManagerBeforeMethodInterceptor - Authorizing method invocation ReflectiveMethodInvocation: public java.lang.Long com.example.backend.controller.NotificationController.getUnreadCount(java.lang.String); target is of class [com.example.backend.controller.NotificationController]
2026-05-07 17:49:39 [http-nio-8081-exec-3] DEBUG o.s.s.a.m.AuthorizationManagerBeforeMethodInterceptor - Authorizing method invocation ReflectiveMethodInvocation: public java.lang.Long com.example.backend.controller.NotificationController.getUnreadCount(java.lang.String); target is of class [com.example.backend.controller.NotificationController]
2026-05-07 17:49:39 [http-nio-8081-exec-3] DEBUG o.s.s.a.m.AuthorizationManagerBeforeMethodInterceptor - Authorized method invocation ReflectiveMethodInvocation: public java.lang.Long com.example.backend.controller.NotificationController.getUnreadCount(java.lang.String); target is of class [com.example.backend.controller.NotificationController]
2026-05-07 17:49:39 [http-nio-8081-exec-5] DEBUG o.s.s.a.m.AuthorizationManagerBeforeMethodInterceptor - Authorized method invocation ReflectiveMethodInvocation: public java.lang.Long com.example.backend.controller.NotificationController.getUnreadCount(java.lang.String); target is of class [com.example.backend.controller.NotificationController]
2026-05-07 17:49:59 [http-nio-8081-exec-8] DEBUG o.s.security.web.FilterChainProxy - Securing GET /api/v1/notifications/unread-count
2026-05-07 17:49:59 [http-nio-8081-exec-8] DEBUG o.s.security.web.FilterChainProxy - Secured GET /api/v1/notifications/unread-count
2026-05-07 17:49:59 [http-nio-8081-exec-9] DEBUG o.s.security.web.FilterChainProxy - Securing GET /api/v1/notifications/unread-count
2026-05-07 17:49:59 [http-nio-8081-exec-8] DEBUG o.s.s.a.m.AuthorizationManagerBeforeMethodInterceptor - Authorizing method invocation ReflectiveMethodInvocation: public java.lang.Long com.example.backend.controller.NotificationController.getUnreadCount(java.lang.String); target is of class [com.example.backend.controller.NotificationController]
2026-05-07 17:49:59 [http-nio-8081-exec-9] DEBUG o.s.security.web.FilterChainProxy - Secured GET /api/v1/notifications/unread-count
2026-05-07 17:49:59 [http-nio-8081-exec-8] DEBUG o.s.s.a.m.AuthorizationManagerBeforeMethodInterceptor - Authorized method invocation ReflectiveMethodInvocation: public java.lang.Long com.example.backend.controller.NotificationController.getUnreadCount(java.lang.String); target is of class [com.example.backend.controller.NotificationController]
2026-05-07 17:49:59 [http-nio-8081-exec-9] DEBUG o.s.s.a.m.AuthorizationManagerBeforeMethodInterceptor - Authorizing method invocation ReflectiveMethodInvocation: public java.lang.Long com.example.backend.controller.NotificationController.getUnreadCount(java.lang.String); target is of class [com.example.backend.controller.NotificationController]
2026-05-07 17:49:59 [http-nio-8081-exec-9] DEBUG o.s.s.a.m.AuthorizationManagerBeforeMethodInterceptor - Authorized method invocation ReflectiveMethodInvocation: public java.lang.Long com.example.backend.controller.NotificationController.getUnreadCount(java.lang.String); target is of class [com.example.backend.controller.NotificationController]
2026-05-07 17:50:59 [http-nio-8081-exec-10] DEBUG o.s.security.web.FilterChainProxy - Securing GET /api/v1/notifications/unread-count
2026-05-07 17:50:59 [http-nio-8081-exec-2] DEBUG o.s.security.web.FilterChainProxy - Securing GET /api/v1/notifications/unread-count
2026-05-07 17:50:59 [http-nio-8081-exec-2] DEBUG o.s.security.web.FilterChainProxy - Secured GET /api/v1/notifications/unread-count
2026-05-07 17:50:59 [http-nio-8081-exec-10] DEBUG o.s.security.web.FilterChainProxy - Secured GET /api/v1/notifications/unread-count
2026-05-07 17:50:59 [http-nio-8081-exec-2] DEBUG o.s.s.a.m.AuthorizationManagerBeforeMethodInterceptor - Authorizing method invocation ReflectiveMethodInvocation: public java.lang.Long com.example.backend.controller.NotificationController.getUnreadCount(java.lang.String); target is of class [com.example.backend.controller.NotificationController]
2026-05-07 17:50:59 [http-nio-8081-exec-10] DEBUG o.s.s.a.m.AuthorizationManagerBeforeMethodInterceptor - Authorizing method invocation ReflectiveMethodInvocation: public java.lang.Long com.example.backend.controller.NotificationController.getUnreadCount(java.lang.String); target is of class [com.example.backend.controller.NotificationController]
2026-05-07 17:50:59 [http-nio-8081-exec-2] DEBUG o.s.s.a.m.AuthorizationManagerBeforeMethodInterceptor - Authorized method invocation ReflectiveMethodInvocation: public java.lang.Long com.example.backend.controller.NotificationController.getUnreadCount(java.lang.String); target is of class [com.example.backend.controller.NotificationController]
2026-05-07 17:50:59 [http-nio-8081-exec-10] DEBUG o.s.s.a.m.AuthorizationManagerBeforeMethodInterceptor - Authorized method invocation ReflectiveMethodInvocation: public java.lang.Long com.example.backend.controller.NotificationController.getUnreadCount(java.lang.String); target is of class [com.example.backend.controller.NotificationController]
2026-05-07 17:51:24 [SpringApplicationShutdownHook] INFO  o.s.boot.tomcat.GracefulShutdown - Commencing graceful shutdown. Waiting for active requests to complete
2026-05-07 17:51:24 [tomcat-shutdown] INFO  o.s.boot.tomcat.GracefulShutdown - Graceful shutdown complete
2026-05-07 17:51:24 [SpringApplicationShutdownHook] INFO  o.s.o.j.LocalContainerEntityManagerFactoryBean - Closing JPA EntityManagerFactory for persistence unit 'default'
2026-05-07 17:51:24 [SpringApplicationShutdownHook] INFO  com.zaxxer.hikari.HikariDataSource - HikariPool-1 - Shutdown initiated...
2026-05-07 17:51:24 [SpringApplicationShutdownHook] INFO  com.zaxxer.hikari.HikariDataSource - HikariPool-1 - Shutdown completed.
2026-05-07 17:51:26 [main] INFO  c.example.backend.BackendApplication - Starting BackendApplication using Java 17.0.18 with PID 9752 (D:\DATN\VietnamPhoto\backend\target\classes started by Tuna in D:\DATN\VietnamPhoto)
2026-05-07 17:51:26 [main] DEBUG c.example.backend.BackendApplication - Running with Spring Boot v4.0.3, Spring v7.0.5
2026-05-07 17:51:26 [main] INFO  c.example.backend.BackendApplication - No active profile set, falling back to 1 default profile: "default"
2026-05-07 17:51:26 [background-preinit] INFO  o.h.validator.internal.util.Version - HV000001: Hibernate Validator 9.0.1.Final
2026-05-07 17:51:27 [main] INFO  o.s.d.r.c.RepositoryConfigurationDelegate - Bootstrapping Spring Data JPA repositories in DEFAULT mode.
2026-05-07 17:51:27 [main] INFO  o.s.d.r.c.RepositoryConfigurationDelegate - Finished Spring Data repository scanning in 69 ms. Found 9 JPA repository interfaces.
2026-05-07 17:51:28 [main] INFO  o.s.boot.tomcat.TomcatWebServer - Tomcat initialized with port 8081 (http)
2026-05-07 17:51:28 [main] INFO  o.a.coyote.http11.Http11NioProtocol - Initializing ProtocolHandler ["http-nio-8081"]
2026-05-07 17:51:28 [main] INFO  o.a.catalina.core.StandardService - Starting service [Tomcat]
2026-05-07 17:51:28 [main] INFO  o.a.catalina.core.StandardEngine - Starting Servlet engine: [Apache Tomcat/11.0.18]
2026-05-07 17:51:28 [main] INFO  o.s.b.w.c.s.WebApplicationContextInitializer - Root WebApplicationContext: initialization completed in 1712 ms
2026-05-07 17:51:28 [main] DEBUG c.example.backend.config.JwtFilter - Filter 'jwtFilter' configured for use
2026-05-07 17:51:28 [main] INFO  org.hibernate.orm.jpa - HHH008540: Processing PersistenceUnitInfo [name: default]
2026-05-07 17:51:28 [main] INFO  org.hibernate.orm.core - HHH000001: Hibernate ORM core version 7.2.4.Final
2026-05-07 17:51:29 [main] INFO  o.s.o.j.p.SpringPersistenceUnitInfo - No LoadTimeWeaver setup: ignoring JPA class transformer
2026-05-07 17:51:29 [main] INFO  com.zaxxer.hikari.HikariDataSource - HikariPool-1 - Starting...
2026-05-07 17:51:29 [main] INFO  com.zaxxer.hikari.pool.HikariPool - HikariPool-1 - Added connection com.mysql.cj.jdbc.ConnectionImpl@7b8fcdf2
2026-05-07 17:51:29 [main] INFO  com.zaxxer.hikari.HikariDataSource - HikariPool-1 - Start completed.
2026-05-07 17:51:29 [main] INFO  o.hibernate.orm.connections.pooling - HHH10001005: Database info:
	Database JDBC URL [jdbc:mysql://localhost:3306/VNScout]
	Database driver: MySQL Connector/J
	Database dialect: MySQLDialect
	Database version: 8.0.46
	Default catalog/schema: VNScout/undefined
	Autocommit mode: undefined/unknown
	Isolation level: REPEATABLE_READ [default REPEATABLE_READ]
	JDBC fetch size: none
	Pool: DataSourceConnectionProvider
	Minimum pool size: undefined/unknown
	Maximum pool size: undefined/unknown
2026-05-07 17:51:31 [main] INFO  org.hibernate.orm.core - HHH000489: No JTA platform available (set 'hibernate.transaction.jta.platform' to enable JTA platform integration)
2026-05-07 17:51:31 [main] INFO  o.s.o.j.LocalContainerEntityManagerFactoryBean - Initialized JPA EntityManagerFactory for persistence unit 'default'
2026-05-07 17:51:31 [main] INFO  o.s.d.j.r.q.QueryEnhancerFactories - Hibernate is in classpath; If applicable, HQL parser will be used.
2026-05-07 17:51:32 [main] WARN  o.s.b.j.a.JpaBaseConfiguration$JpaWebConfiguration - spring.jpa.open-in-view is enabled by default. Therefore, database queries may be performed during view rendering. Explicitly configure spring.jpa.open-in-view to disable this warning
2026-05-07 17:51:32 [main] WARN  o.s.b.s.a.UserDetailsServiceAutoConfiguration - 

Using generated security password: fbaf38c9-3b3e-4077-aede-8157b72eefed

This generated password is for development use only. Your security configuration must be updated before running your application in production.

2026-05-07 17:51:32 [main] INFO  o.s.s.c.a.a.c.InitializeUserDetailsBeanManagerConfigurer$InitializeUserDetailsManagerConfigurer - Global AuthenticationManager configured with UserDetailsService bean with name inMemoryUserDetailsManager
2026-05-07 17:51:33 [main] DEBUG o.s.s.web.DefaultSecurityFilterChain - Will secure any request with filters: DisableEncodeUrlFilter, WebAsyncManagerIntegrationFilter, SecurityContextHolderFilter, HeaderWriterFilter, CorsFilter, LogoutFilter, JwtFilter, RequestCacheAwareFilter, SecurityContextHolderAwareRequestFilter, AnonymousAuthenticationFilter, ExceptionTranslationFilter, AuthorizationFilter
2026-05-07 17:51:33 [main] INFO  o.a.coyote.http11.Http11NioProtocol - Starting ProtocolHandler ["http-nio-8081"]
2026-05-07 17:51:33 [main] INFO  o.s.boot.tomcat.TomcatWebServer - Tomcat started on port 8081 (http) with context path '/'
2026-05-07 17:51:33 [main] INFO  c.example.backend.BackendApplication - Started BackendApplication in 7.373 seconds (process running for 7.91)
2026-05-07 17:51:33 [main] INFO  c.e.b.c.BannedWordDataInitializer - Banned words already initialized. Skip import.
2026-05-07 17:51:41 [http-nio-8081-exec-1] INFO  o.a.c.c.C.[Tomcat].[localhost].[/] - Initializing Spring DispatcherServlet 'dispatcherServlet'
2026-05-07 17:51:41 [http-nio-8081-exec-1] INFO  o.s.web.servlet.DispatcherServlet - Initializing Servlet 'dispatcherServlet'
2026-05-07 17:51:41 [http-nio-8081-exec-1] INFO  o.s.web.servlet.DispatcherServlet - Completed initialization in 2 ms
2026-05-07 17:51:41 [http-nio-8081-exec-1] DEBUG o.s.security.web.FilterChainProxy - Securing GET /api/v1/notifications/unread-count
2026-05-07 17:51:41 [http-nio-8081-exec-1] WARN  o.s.w.s.h.HandlerMappingIntrospector - Cache miss for REQUEST dispatch to '/api/v1/notifications/unread-count' (previous null). Performing CorsConfiguration lookup. This is logged once only at WARN level, and every time at TRACE.
2026-05-07 17:51:41 [http-nio-8081-exec-1] DEBUG o.s.security.web.FilterChainProxy - Secured GET /api/v1/notifications/unread-count
2026-05-07 17:51:41 [http-nio-8081-exec-1] DEBUG o.s.s.a.m.AuthorizationManagerBeforeMethodInterceptor - Authorizing method invocation ReflectiveMethodInvocation: public java.lang.Long com.example.backend.controller.NotificationController.getUnreadCount(java.lang.String); target is of class [com.example.backend.controller.NotificationController]
2026-05-07 17:51:41 [http-nio-8081-exec-1] DEBUG o.s.s.a.m.AuthorizationManagerBeforeMethodInterceptor - Authorized method invocation ReflectiveMethodInvocation: public java.lang.Long com.example.backend.controller.NotificationController.getUnreadCount(java.lang.String); target is of class [com.example.backend.controller.NotificationController]
2026-05-07 17:51:44 [http-nio-8081-exec-3] DEBUG o.s.security.web.FilterChainProxy - Securing OPTIONS /api/locations
2026-05-07 17:51:44 [http-nio-8081-exec-2] DEBUG o.s.security.web.FilterChainProxy - Securing OPTIONS /api/locations
2026-05-07 17:51:44 [http-nio-8081-exec-4] DEBUG o.s.security.web.FilterChainProxy - Securing GET /api/locations
2026-05-07 17:51:44 [http-nio-8081-exec-4] DEBUG o.s.security.web.FilterChainProxy - Secured GET /api/locations
2026-05-07 17:51:44 [http-nio-8081-exec-5] DEBUG o.s.security.web.FilterChainProxy - Securing GET /api/locations
2026-05-07 17:51:44 [http-nio-8081-exec-5] DEBUG o.s.security.web.FilterChainProxy - Secured GET /api/locations
2026-05-07 17:51:45 [http-nio-8081-exec-6] DEBUG o.s.security.web.FilterChainProxy - Securing GET /api/locations/7a362581-f0df-43d4-b7c7-074bde1b7c3d
2026-05-07 17:51:45 [http-nio-8081-exec-7] DEBUG o.s.security.web.FilterChainProxy - Securing GET /api/v1/posts/getAll
2026-05-07 17:51:45 [http-nio-8081-exec-6] DEBUG o.s.security.web.FilterChainProxy - Secured GET /api/locations/7a362581-f0df-43d4-b7c7-074bde1b7c3d
2026-05-07 17:51:45 [http-nio-8081-exec-7] DEBUG o.s.security.web.FilterChainProxy - Secured GET /api/v1/posts/getAll
2026-05-07 17:51:45 [http-nio-8081-exec-8] DEBUG o.s.security.web.FilterChainProxy - Securing GET /api/locations/7a362581-f0df-43d4-b7c7-074bde1b7c3d
2026-05-07 17:51:45 [http-nio-8081-exec-8] DEBUG o.s.security.web.FilterChainProxy - Secured GET /api/locations/7a362581-f0df-43d4-b7c7-074bde1b7c3d
2026-05-07 17:51:45 [http-nio-8081-exec-10] DEBUG o.s.security.web.FilterChainProxy - Securing GET /api/v1/posts/getAll
2026-05-07 17:51:45 [http-nio-8081-exec-10] DEBUG o.s.security.web.FilterChainProxy - Secured GET /api/v1/posts/getAll
2026-05-07 17:51:47 [http-nio-8081-exec-9] DEBUG o.s.security.web.FilterChainProxy - Securing POST /api/v1/posts/1a31afa4-7e4b-4801-9e2d-e37dc45ca555/like?userId=cb202a3a-1d25-42ea-9eee-67c7c85b9ef1
2026-05-07 17:51:47 [http-nio-8081-exec-9] DEBUG o.s.security.web.FilterChainProxy - Secured POST /api/v1/posts/1a31afa4-7e4b-4801-9e2d-e37dc45ca555/like?userId=cb202a3a-1d25-42ea-9eee-67c7c85b9ef1
2026-05-07 17:51:47 [http-nio-8081-exec-1] DEBUG o.s.security.web.FilterChainProxy - Securing POST /api/v1/posts/1a31afa4-7e4b-4801-9e2d-e37dc45ca555/like?userId=cb202a3a-1d25-42ea-9eee-67c7c85b9ef1
2026-05-07 17:51:47 [http-nio-8081-exec-1] DEBUG o.s.security.web.FilterChainProxy - Secured POST /api/v1/posts/1a31afa4-7e4b-4801-9e2d-e37dc45ca555/like?userId=cb202a3a-1d25-42ea-9eee-67c7c85b9ef1
2026-05-07 17:51:49 [http-nio-8081-exec-2] DEBUG o.s.security.web.FilterChainProxy - Securing GET /api/v1/notifications/unread-count
2026-05-07 17:51:49 [http-nio-8081-exec-2] DEBUG o.s.security.web.FilterChainProxy - Secured GET /api/v1/notifications/unread-count
2026-05-07 17:51:49 [http-nio-8081-exec-2] DEBUG o.s.s.a.m.AuthorizationManagerBeforeMethodInterceptor - Authorizing method invocation ReflectiveMethodInvocation: public java.lang.Long com.example.backend.controller.NotificationController.getUnreadCount(java.lang.String); target is of class [com.example.backend.controller.NotificationController]
2026-05-07 17:51:49 [http-nio-8081-exec-2] DEBUG o.s.s.a.m.AuthorizationManagerBeforeMethodInterceptor - Authorized method invocation ReflectiveMethodInvocation: public java.lang.Long com.example.backend.controller.NotificationController.getUnreadCount(java.lang.String); target is of class [com.example.backend.controller.NotificationController]
2026-05-07 17:51:50 [http-nio-8081-exec-3] DEBUG o.s.security.web.FilterChainProxy - Securing GET /api/v1/notifications/unread-count
2026-05-07 17:51:50 [http-nio-8081-exec-3] DEBUG o.s.security.web.FilterChainProxy - Secured GET /api/v1/notifications/unread-count
2026-05-07 17:51:50 [http-nio-8081-exec-3] DEBUG o.s.s.a.m.AuthorizationManagerBeforeMethodInterceptor - Authorizing method invocation ReflectiveMethodInvocation: public java.lang.Long com.example.backend.controller.NotificationController.getUnreadCount(java.lang.String); target is of class [com.example.backend.controller.NotificationController]
2026-05-07 17:51:50 [http-nio-8081-exec-3] DEBUG o.s.s.a.m.AuthorizationManagerBeforeMethodInterceptor - Authorized method invocation ReflectiveMethodInvocation: public java.lang.Long com.example.backend.controller.NotificationController.getUnreadCount(java.lang.String); target is of class [com.example.backend.controller.NotificationController]
2026-05-07 17:51:52 [http-nio-8081-exec-4] DEBUG o.s.security.web.FilterChainProxy - Securing OPTIONS /api/v1/notifications
2026-05-07 17:51:52 [http-nio-8081-exec-5] DEBUG o.s.security.web.FilterChainProxy - Securing OPTIONS /api/v1/notifications
2026-05-07 17:51:52 [http-nio-8081-exec-6] DEBUG o.s.security.web.FilterChainProxy - Securing GET /api/v1/notifications
2026-05-07 17:51:52 [http-nio-8081-exec-6] DEBUG o.s.security.web.FilterChainProxy - Secured GET /api/v1/notifications
2026-05-07 17:51:52 [http-nio-8081-exec-6] DEBUG o.s.s.a.m.AuthorizationManagerBeforeMethodInterceptor - Authorizing method invocation ReflectiveMethodInvocation: public org.springframework.data.domain.Page com.example.backend.controller.NotificationController.getMyNotifications(java.lang.String,int,int); target is of class [com.example.backend.controller.NotificationController]
2026-05-07 17:51:52 [http-nio-8081-exec-6] DEBUG o.s.s.a.m.AuthorizationManagerBeforeMethodInterceptor - Authorized method invocation ReflectiveMethodInvocation: public org.springframework.data.domain.Page com.example.backend.controller.NotificationController.getMyNotifications(java.lang.String,int,int); target is of class [com.example.backend.controller.NotificationController]
2026-05-07 17:51:52 [http-nio-8081-exec-6] WARN  o.s.d.w.c.SpringDataJackson3Configuration$PageModule$WarningLoggingModifier - Serializing PageImpl instances as-is is not supported, meaning that there is no guarantee about the stability of the resulting JSON structure!
	For a stable JSON structure, please use Spring Data's PagedModel (globally via @EnableSpringDataWebSupport(pageSerializationMode = VIA_DTO))
	or Spring HATEOAS and Spring Data's PagedResourcesAssembler as documented in https://docs.spring.io/spring-data/commons/reference/repositories/core-extensions.html#core.web.pageables.

2026-05-07 17:51:52 [http-nio-8081-exec-8] DEBUG o.s.security.web.FilterChainProxy - Securing GET /api/v1/notifications
2026-05-07 17:51:52 [http-nio-8081-exec-8] DEBUG o.s.security.web.FilterChainProxy - Secured GET /api/v1/notifications
2026-05-07 17:51:52 [http-nio-8081-exec-8] DEBUG o.s.s.a.m.AuthorizationManagerBeforeMethodInterceptor - Authorizing method invocation ReflectiveMethodInvocation: public org.springframework.data.domain.Page com.example.backend.controller.NotificationController.getMyNotifications(java.lang.String,int,int); target is of class [com.example.backend.controller.NotificationController]
2026-05-07 17:51:52 [http-nio-8081-exec-8] DEBUG o.s.s.a.m.AuthorizationManagerBeforeMethodInterceptor - Authorized method invocation ReflectiveMethodInvocation: public org.springframework.data.domain.Page com.example.backend.controller.NotificationController.getMyNotifications(java.lang.String,int,int); target is of class [com.example.backend.controller.NotificationController]
2026-05-07 17:51:53 [http-nio-8081-exec-7] DEBUG o.s.security.web.FilterChainProxy - Securing GET /api/locations
2026-05-07 17:51:53 [http-nio-8081-exec-7] DEBUG o.s.security.web.FilterChainProxy - Secured GET /api/locations
2026-05-07 17:51:53 [http-nio-8081-exec-10] DEBUG o.s.security.web.FilterChainProxy - Securing GET /api/locations
2026-05-07 17:51:53 [http-nio-8081-exec-10] DEBUG o.s.security.web.FilterChainProxy - Secured GET /api/locations
2026-05-07 17:51:54 [http-nio-8081-exec-9] DEBUG o.s.security.web.FilterChainProxy - Securing GET /api/locations/7a362581-f0df-43d4-b7c7-074bde1b7c3d
2026-05-07 17:51:54 [http-nio-8081-exec-1] DEBUG o.s.security.web.FilterChainProxy - Securing GET /api/v1/posts/getAll
2026-05-07 17:51:54 [http-nio-8081-exec-1] DEBUG o.s.security.web.FilterChainProxy - Secured GET /api/v1/posts/getAll
2026-05-07 17:51:54 [http-nio-8081-exec-9] DEBUG o.s.security.web.FilterChainProxy - Secured GET /api/locations/7a362581-f0df-43d4-b7c7-074bde1b7c3d
2026-05-07 17:51:54 [http-nio-8081-exec-2] DEBUG o.s.security.web.FilterChainProxy - Securing GET /api/locations/7a362581-f0df-43d4-b7c7-074bde1b7c3d
2026-05-07 17:51:54 [http-nio-8081-exec-2] DEBUG o.s.security.web.FilterChainProxy - Secured GET /api/locations/7a362581-f0df-43d4-b7c7-074bde1b7c3d
2026-05-07 17:51:54 [http-nio-8081-exec-3] DEBUG o.s.security.web.FilterChainProxy - Securing GET /api/v1/posts/getAll
2026-05-07 17:51:54 [http-nio-8081-exec-3] DEBUG o.s.security.web.FilterChainProxy - Secured GET /api/v1/posts/getAll
2026-05-07 17:51:58 [http-nio-8081-exec-5] DEBUG o.s.security.web.FilterChainProxy - Securing POST /api/v1/posts/7b54ce20-7613-4cc4-bca5-351a6825c4c6/like?userId=2ea069b0-fdb0-46f0-81d1-a6502ebfcce5
2026-05-07 17:51:58 [http-nio-8081-exec-5] DEBUG o.s.security.web.FilterChainProxy - Secured POST /api/v1/posts/7b54ce20-7613-4cc4-bca5-351a6825c4c6/like?userId=2ea069b0-fdb0-46f0-81d1-a6502ebfcce5
2026-05-07 17:51:58 [http-nio-8081-exec-4] DEBUG o.s.security.web.FilterChainProxy - Securing POST /api/v1/posts/7b54ce20-7613-4cc4-bca5-351a6825c4c6/like?userId=2ea069b0-fdb0-46f0-81d1-a6502ebfcce5
2026-05-07 17:51:58 [http-nio-8081-exec-4] DEBUG o.s.security.web.FilterChainProxy - Secured POST /api/v1/posts/7b54ce20-7613-4cc4-bca5-351a6825c4c6/like?userId=2ea069b0-fdb0-46f0-81d1-a6502ebfcce5
2026-05-07 17:52:03 [http-nio-8081-exec-6] DEBUG o.s.security.web.FilterChainProxy - Securing GET /api/v1/notifications/unread-count
2026-05-07 17:52:03 [http-nio-8081-exec-6] DEBUG o.s.security.web.FilterChainProxy - Secured GET /api/v1/notifications/unread-count
2026-05-07 17:52:03 [http-nio-8081-exec-6] DEBUG o.s.s.a.m.AuthorizationManagerBeforeMethodInterceptor - Authorizing method invocation ReflectiveMethodInvocation: public java.lang.Long com.example.backend.controller.NotificationController.getUnreadCount(java.lang.String); target is of class [com.example.backend.controller.NotificationController]
2026-05-07 17:52:03 [http-nio-8081-exec-6] DEBUG o.s.s.a.m.AuthorizationManagerBeforeMethodInterceptor - Authorized method invocation ReflectiveMethodInvocation: public java.lang.Long com.example.backend.controller.NotificationController.getUnreadCount(java.lang.String); target is of class [com.example.backend.controller.NotificationController]
2026-05-07 17:52:05 [http-nio-8081-exec-8] DEBUG o.s.security.web.FilterChainProxy - Securing GET /api/v1/notifications/unread-count
2026-05-07 17:52:05 [http-nio-8081-exec-8] DEBUG o.s.security.web.FilterChainProxy - Secured GET /api/v1/notifications/unread-count
2026-05-07 17:52:05 [http-nio-8081-exec-8] DEBUG o.s.s.a.m.AuthorizationManagerBeforeMethodInterceptor - Authorizing method invocation ReflectiveMethodInvocation: public java.lang.Long com.example.backend.controller.NotificationController.getUnreadCount(java.lang.String); target is of class [com.example.backend.controller.NotificationController]
2026-05-07 17:52:05 [http-nio-8081-exec-8] DEBUG o.s.s.a.m.AuthorizationManagerBeforeMethodInterceptor - Authorized method invocation ReflectiveMethodInvocation: public java.lang.Long com.example.backend.controller.NotificationController.getUnreadCount(java.lang.String); target is of class [com.example.backend.controller.NotificationController]
2026-05-07 17:52:18 [http-nio-8081-exec-7] DEBUG o.s.security.web.FilterChainProxy - Securing GET /api/v1/notifications/unread-count
2026-05-07 17:52:18 [http-nio-8081-exec-7] DEBUG o.s.security.web.FilterChainProxy - Secured GET /api/v1/notifications/unread-count
2026-05-07 17:52:18 [http-nio-8081-exec-7] DEBUG o.s.s.a.m.AuthorizationManagerBeforeMethodInterceptor - Authorizing method invocation ReflectiveMethodInvocation: public java.lang.Long com.example.backend.controller.NotificationController.getUnreadCount(java.lang.String); target is of class [com.example.backend.controller.NotificationController]
2026-05-07 17:52:18 [http-nio-8081-exec-7] DEBUG o.s.s.a.m.AuthorizationManagerBeforeMethodInterceptor - Authorized method invocation ReflectiveMethodInvocation: public java.lang.Long com.example.backend.controller.NotificationController.getUnreadCount(java.lang.String); target is of class [com.example.backend.controller.NotificationController]
2026-05-07 17:52:20 [http-nio-8081-exec-10] DEBUG o.s.security.web.FilterChainProxy - Securing GET /api/v1/notifications/unread-count
2026-05-07 17:52:20 [http-nio-8081-exec-10] DEBUG o.s.security.web.FilterChainProxy - Secured GET /api/v1/notifications/unread-count
2026-05-07 17:52:20 [http-nio-8081-exec-10] DEBUG o.s.s.a.m.AuthorizationManagerBeforeMethodInterceptor - Authorizing method invocation ReflectiveMethodInvocation: public java.lang.Long com.example.backend.controller.NotificationController.getUnreadCount(java.lang.String); target is of class [com.example.backend.controller.NotificationController]
2026-05-07 17:52:20 [http-nio-8081-exec-10] DEBUG o.s.s.a.m.AuthorizationManagerBeforeMethodInterceptor - Authorized method invocation ReflectiveMethodInvocation: public java.lang.Long com.example.backend.controller.NotificationController.getUnreadCount(java.lang.String); target is of class [com.example.backend.controller.NotificationController]
2026-05-07 17:52:33 [http-nio-8081-exec-9] DEBUG o.s.security.web.FilterChainProxy - Securing GET /api/v1/notifications/unread-count
2026-05-07 17:52:33 [http-nio-8081-exec-9] DEBUG o.s.security.web.FilterChainProxy - Secured GET /api/v1/notifications/unread-count
2026-05-07 17:52:33 [http-nio-8081-exec-9] DEBUG o.s.s.a.m.AuthorizationManagerBeforeMethodInterceptor - Authorizing method invocation ReflectiveMethodInvocation: public java.lang.Long com.example.backend.controller.NotificationController.getUnreadCount(java.lang.String); target is of class [com.example.backend.controller.NotificationController]
2026-05-07 17:52:33 [http-nio-8081-exec-9] DEBUG o.s.s.a.m.AuthorizationManagerBeforeMethodInterceptor - Authorized method invocation ReflectiveMethodInvocation: public java.lang.Long com.example.backend.controller.NotificationController.getUnreadCount(java.lang.String); target is of class [com.example.backend.controller.NotificationController]
2026-05-07 17:52:35 [http-nio-8081-exec-2] DEBUG o.s.security.web.FilterChainProxy - Securing GET /api/v1/notifications/unread-count
2026-05-07 17:52:35 [http-nio-8081-exec-2] DEBUG o.s.security.web.FilterChainProxy - Secured GET /api/v1/notifications/unread-count
2026-05-07 17:52:35 [http-nio-8081-exec-2] DEBUG o.s.s.a.m.AuthorizationManagerBeforeMethodInterceptor - Authorizing method invocation ReflectiveMethodInvocation: public java.lang.Long com.example.backend.controller.NotificationController.getUnreadCount(java.lang.String); target is of class [com.example.backend.controller.NotificationController]
2026-05-07 17:52:35 [http-nio-8081-exec-2] DEBUG o.s.s.a.m.AuthorizationManagerBeforeMethodInterceptor - Authorized method invocation ReflectiveMethodInvocation: public java.lang.Long com.example.backend.controller.NotificationController.getUnreadCount(java.lang.String); target is of class [com.example.backend.controller.NotificationController]
2026-05-07 17:52:48 [http-nio-8081-exec-5] DEBUG o.s.security.web.FilterChainProxy - Securing GET /api/v1/notifications/unread-count
2026-05-07 17:52:48 [http-nio-8081-exec-5] DEBUG o.s.security.web.FilterChainProxy - Secured GET /api/v1/notifications/unread-count
2026-05-07 17:52:48 [http-nio-8081-exec-5] DEBUG o.s.s.a.m.AuthorizationManagerBeforeMethodInterceptor - Authorizing method invocation ReflectiveMethodInvocation: public java.lang.Long com.example.backend.controller.NotificationController.getUnreadCount(java.lang.String); target is of class [com.example.backend.controller.NotificationController]
2026-05-07 17:52:48 [http-nio-8081-exec-5] DEBUG o.s.s.a.m.AuthorizationManagerBeforeMethodInterceptor - Authorized method invocation ReflectiveMethodInvocation: public java.lang.Long com.example.backend.controller.NotificationController.getUnreadCount(java.lang.String); target is of class [com.example.backend.controller.NotificationController]
2026-05-07 17:52:48 [SpringApplicationShutdownHook] INFO  o.s.boot.tomcat.GracefulShutdown - Commencing graceful shutdown. Waiting for active requests to complete
2026-05-07 17:52:49 [tomcat-shutdown] INFO  o.s.boot.tomcat.GracefulShutdown - Graceful shutdown complete
2026-05-07 17:52:49 [SpringApplicationShutdownHook] INFO  o.s.o.j.LocalContainerEntityManagerFactoryBean - Closing JPA EntityManagerFactory for persistence unit 'default'
2026-05-07 17:52:49 [SpringApplicationShutdownHook] INFO  com.zaxxer.hikari.HikariDataSource - HikariPool-1 - Shutdown initiated...
2026-05-07 17:52:49 [SpringApplicationShutdownHook] INFO  com.zaxxer.hikari.HikariDataSource - HikariPool-1 - Shutdown completed.
2026-05-07 17:52:50 [main] INFO  c.example.backend.BackendApplication - Starting BackendApplication using Java 17.0.18 with PID 29664 (D:\DATN\VietnamPhoto\backend\target\classes started by Tuna in D:\DATN\VietnamPhoto)
2026-05-07 17:52:50 [main] DEBUG c.example.backend.BackendApplication - Running with Spring Boot v4.0.3, Spring v7.0.5
2026-05-07 17:52:50 [main] INFO  c.example.backend.BackendApplication - No active profile set, falling back to 1 default profile: "default"
2026-05-07 17:52:51 [background-preinit] INFO  o.h.validator.internal.util.Version - HV000001: Hibernate Validator 9.0.1.Final
2026-05-07 17:52:51 [main] INFO  o.s.d.r.c.RepositoryConfigurationDelegate - Bootstrapping Spring Data JPA repositories in DEFAULT mode.
2026-05-07 17:52:51 [main] INFO  o.s.d.r.c.RepositoryConfigurationDelegate - Finished Spring Data repository scanning in 85 ms. Found 9 JPA repository interfaces.
2026-05-07 17:52:52 [main] INFO  o.s.boot.tomcat.TomcatWebServer - Tomcat initialized with port 8081 (http)
2026-05-07 17:52:52 [main] INFO  o.a.coyote.http11.Http11NioProtocol - Initializing ProtocolHandler ["http-nio-8081"]
2026-05-07 17:52:52 [main] INFO  o.a.catalina.core.StandardService - Starting service [Tomcat]
2026-05-07 17:52:52 [main] INFO  o.a.catalina.core.StandardEngine - Starting Servlet engine: [Apache Tomcat/11.0.18]
2026-05-07 17:52:52 [main] INFO  o.s.b.w.c.s.WebApplicationContextInitializer - Root WebApplicationContext: initialization completed in 1789 ms
2026-05-07 17:52:52 [main] DEBUG c.example.backend.config.JwtFilter - Filter 'jwtFilter' configured for use
2026-05-07 17:52:53 [main] INFO  org.hibernate.orm.jpa - HHH008540: Processing PersistenceUnitInfo [name: default]
2026-05-07 17:52:53 [main] INFO  org.hibernate.orm.core - HHH000001: Hibernate ORM core version 7.2.4.Final
2026-05-07 17:52:54 [main] INFO  o.s.o.j.p.SpringPersistenceUnitInfo - No LoadTimeWeaver setup: ignoring JPA class transformer
2026-05-07 17:52:54 [main] INFO  com.zaxxer.hikari.HikariDataSource - HikariPool-1 - Starting...
2026-05-07 17:52:55 [main] INFO  com.zaxxer.hikari.pool.HikariPool - HikariPool-1 - Added connection com.mysql.cj.jdbc.ConnectionImpl@4b76251c
2026-05-07 17:52:55 [main] INFO  com.zaxxer.hikari.HikariDataSource - HikariPool-1 - Start completed.
2026-05-07 17:52:55 [main] INFO  o.hibernate.orm.connections.pooling - HHH10001005: Database info:
	Database JDBC URL [jdbc:mysql://localhost:3306/VNScout]
	Database driver: MySQL Connector/J
	Database dialect: MySQLDialect
	Database version: 8.0.46
	Default catalog/schema: VNScout/undefined
	Autocommit mode: undefined/unknown
	Isolation level: REPEATABLE_READ [default REPEATABLE_READ]
	JDBC fetch size: none
	Pool: DataSourceConnectionProvider
	Minimum pool size: undefined/unknown
	Maximum pool size: undefined/unknown
2026-05-07 17:52:57 [main] INFO  org.hibernate.orm.core - HHH000489: No JTA platform available (set 'hibernate.transaction.jta.platform' to enable JTA platform integration)
2026-05-07 17:52:57 [main] INFO  o.s.o.j.LocalContainerEntityManagerFactoryBean - Initialized JPA EntityManagerFactory for persistence unit 'default'
2026-05-07 17:52:57 [main] INFO  o.s.d.j.r.q.QueryEnhancerFactories - Hibernate is in classpath; If applicable, HQL parser will be used.
2026-05-07 17:53:00 [main] WARN  o.s.b.j.a.JpaBaseConfiguration$JpaWebConfiguration - spring.jpa.open-in-view is enabled by default. Therefore, database queries may be performed during view rendering. Explicitly configure spring.jpa.open-in-view to disable this warning
2026-05-07 17:53:00 [main] WARN  o.s.b.s.a.UserDetailsServiceAutoConfiguration - 

Using generated security password: 219b0fc6-dc3c-402c-baf6-0af3801b7dcb

This generated password is for development use only. Your security configuration must be updated before running your application in production.

2026-05-07 17:53:00 [main] INFO  o.s.s.c.a.a.c.InitializeUserDetailsBeanManagerConfigurer$InitializeUserDetailsManagerConfigurer - Global AuthenticationManager configured with UserDetailsService bean with name inMemoryUserDetailsManager
2026-05-07 17:53:01 [main] DEBUG o.s.s.web.DefaultSecurityFilterChain - Will secure any request with filters: DisableEncodeUrlFilter, WebAsyncManagerIntegrationFilter, SecurityContextHolderFilter, HeaderWriterFilter, CorsFilter, LogoutFilter, JwtFilter, RequestCacheAwareFilter, SecurityContextHolderAwareRequestFilter, AnonymousAuthenticationFilter, ExceptionTranslationFilter, AuthorizationFilter
2026-05-07 17:53:01 [main] INFO  o.a.coyote.http11.Http11NioProtocol - Starting ProtocolHandler ["http-nio-8081"]
2026-05-07 17:53:01 [main] INFO  o.s.boot.tomcat.TomcatWebServer - Tomcat started on port 8081 (http) with context path '/'
2026-05-07 17:53:01 [main] INFO  c.example.backend.BackendApplication - Started BackendApplication in 11.551 seconds (process running for 11.962)
2026-05-07 17:53:01 [main] INFO  c.e.b.c.BannedWordDataInitializer - Banned words already initialized. Skip import.
2026-05-07 17:53:04 [http-nio-8081-exec-2] INFO  o.a.c.c.C.[Tomcat].[localhost].[/] - Initializing Spring DispatcherServlet 'dispatcherServlet'
2026-05-07 17:53:04 [http-nio-8081-exec-2] INFO  o.s.web.servlet.DispatcherServlet - Initializing Servlet 'dispatcherServlet'
2026-05-07 17:53:04 [http-nio-8081-exec-2] INFO  o.s.web.servlet.DispatcherServlet - Completed initialization in 2 ms
2026-05-07 17:53:04 [http-nio-8081-exec-2] DEBUG o.s.security.web.FilterChainProxy - Securing GET /api/v1/comments
2026-05-07 17:53:04 [http-nio-8081-exec-1] DEBUG o.s.security.web.FilterChainProxy - Securing GET /api/v1/notifications
2026-05-07 17:53:04 [http-nio-8081-exec-1] WARN  o.s.w.s.h.HandlerMappingIntrospector - Cache miss for REQUEST dispatch to '/api/v1/notifications' (previous null). Performing CorsConfiguration lookup. This is logged once only at WARN level, and every time at TRACE.
2026-05-07 17:53:04 [http-nio-8081-exec-1] DEBUG o.s.security.web.FilterChainProxy - Secured GET /api/v1/notifications
2026-05-07 17:53:04 [http-nio-8081-exec-2] DEBUG o.s.security.web.FilterChainProxy - Secured GET /api/v1/comments
2026-05-07 17:53:04 [http-nio-8081-exec-2] WARN  o.s.w.s.m.s.DefaultHandlerExceptionResolver - Resolved [org.springframework.web.HttpRequestMethodNotSupportedException: Request method 'GET' is not supported]
2026-05-07 17:53:04 [http-nio-8081-exec-2] DEBUG o.s.s.w.a.AnonymousAuthenticationFilter - Set SecurityContextHolder to anonymous SecurityContext
2026-05-07 17:53:04 [http-nio-8081-exec-1] DEBUG o.s.s.w.a.AnonymousAuthenticationFilter - Set SecurityContextHolder to anonymous SecurityContext
2026-05-07 17:53:04 [http-nio-8081-exec-2] DEBUG o.s.security.web.FilterChainProxy - Securing GET /error
2026-05-07 17:53:04 [http-nio-8081-exec-2] DEBUG o.s.security.web.FilterChainProxy - Secured GET /error
2026-05-07 17:53:04 [http-nio-8081-exec-1] DEBUG o.s.s.a.m.AuthorizationManagerBeforeMethodInterceptor - Authorizing method invocation ReflectiveMethodInvocation: public org.springframework.data.domain.Page com.example.backend.controller.NotificationController.getMyNotifications(java.lang.String,int,int); target is of class [com.example.backend.controller.NotificationController]
2026-05-07 17:53:04 [http-nio-8081-exec-1] DEBUG o.s.s.a.m.AuthorizationManagerBeforeMethodInterceptor - Failed to authorize ReflectiveMethodInvocation: public org.springframework.data.domain.Page com.example.backend.controller.NotificationController.getMyNotifications(java.lang.String,int,int); target is of class [com.example.backend.controller.NotificationController] with authorization manager org.springframework.security.authorization.method.PreAuthorizeAuthorizationManager@9909fcd and result ExpressionAuthorizationDecision [granted=false, expressionAttribute=isAuthenticated()]
2026-05-07 17:53:04 [http-nio-8081-exec-2] DEBUG o.s.s.w.a.AnonymousAuthenticationFilter - Set SecurityContextHolder to anonymous SecurityContext
2026-05-07 17:53:04 [http-nio-8081-exec-1] DEBUG o.s.s.w.s.HttpSessionRequestCache - Saved request http://localhost:8081/api/v1/notifications?continue to session
2026-05-07 17:53:04 [http-nio-8081-exec-1] DEBUG o.s.s.w.a.Http403ForbiddenEntryPoint - Pre-authenticated entry point called. Rejecting access
2026-05-07 17:53:04 [http-nio-8081-exec-1] DEBUG o.s.security.web.FilterChainProxy - Securing GET /error
2026-05-07 17:53:04 [http-nio-8081-exec-1] DEBUG o.s.security.web.FilterChainProxy - Secured GET /error
2026-05-07 17:53:04 [http-nio-8081-exec-1] DEBUG o.s.s.w.a.AnonymousAuthenticationFilter - Set SecurityContextHolder to anonymous SecurityContext
2026-05-07 17:53:35 [http-nio-8081-exec-3] DEBUG o.s.security.web.FilterChainProxy - Securing POST /auth/login
2026-05-07 17:53:35 [http-nio-8081-exec-3] DEBUG o.s.security.web.FilterChainProxy - Secured POST /auth/login
2026-05-07 17:53:35 [http-nio-8081-exec-3] DEBUG o.s.s.w.a.AnonymousAuthenticationFilter - Set SecurityContextHolder to anonymous SecurityContext
2026-05-07 17:53:35 [http-nio-8081-exec-4] DEBUG o.s.security.web.FilterChainProxy - Securing GET /api/v1/notifications
2026-05-07 17:53:35 [http-nio-8081-exec-4] DEBUG o.s.security.web.FilterChainProxy - Secured GET /api/v1/notifications
2026-05-07 17:53:35 [http-nio-8081-exec-4] DEBUG o.s.s.a.m.AuthorizationManagerBeforeMethodInterceptor - Authorizing method invocation ReflectiveMethodInvocation: public org.springframework.data.domain.Page com.example.backend.controller.NotificationController.getMyNotifications(java.lang.String,int,int); target is of class [com.example.backend.controller.NotificationController]
2026-05-07 17:53:35 [http-nio-8081-exec-4] DEBUG o.s.s.a.m.AuthorizationManagerBeforeMethodInterceptor - Authorized method invocation ReflectiveMethodInvocation: public org.springframework.data.domain.Page com.example.backend.controller.NotificationController.getMyNotifications(java.lang.String,int,int); target is of class [com.example.backend.controller.NotificationController]
2026-05-07 17:53:35 [http-nio-8081-exec-4] WARN  o.s.d.w.c.SpringDataJackson3Configuration$PageModule$WarningLoggingModifier - Serializing PageImpl instances as-is is not supported, meaning that there is no guarantee about the stability of the resulting JSON structure!
	For a stable JSON structure, please use Spring Data's PagedModel (globally via @EnableSpringDataWebSupport(pageSerializationMode = VIA_DTO))
	or Spring HATEOAS and Spring Data's PagedResourcesAssembler as documented in https://docs.spring.io/spring-data/commons/reference/repositories/core-extensions.html#core.web.pageables.

2026-05-07 17:53:53 [http-nio-8081-exec-7] DEBUG o.s.security.web.FilterChainProxy - Securing POST /auth/login
2026-05-07 17:53:53 [http-nio-8081-exec-7] DEBUG o.s.security.web.FilterChainProxy - Secured POST /auth/login
2026-05-07 17:53:53 [http-nio-8081-exec-7] DEBUG o.s.s.w.a.AnonymousAuthenticationFilter - Set SecurityContextHolder to anonymous SecurityContext
2026-05-07 17:53:53 [http-nio-8081-exec-8] DEBUG o.s.security.web.FilterChainProxy - Securing GET /api/v1/notifications/unread-count
2026-05-07 17:53:53 [http-nio-8081-exec-8] DEBUG o.s.security.web.FilterChainProxy - Secured GET /api/v1/notifications/unread-count
2026-05-07 17:53:53 [http-nio-8081-exec-8] DEBUG o.s.s.a.m.AuthorizationManagerBeforeMethodInterceptor - Authorizing method invocation ReflectiveMethodInvocation: public java.lang.Long com.example.backend.controller.NotificationController.getUnreadCount(java.lang.String); target is of class [com.example.backend.controller.NotificationController]
2026-05-07 17:53:53 [http-nio-8081-exec-8] DEBUG o.s.s.a.m.AuthorizationManagerBeforeMethodInterceptor - Authorized method invocation ReflectiveMethodInvocation: public java.lang.Long com.example.backend.controller.NotificationController.getUnreadCount(java.lang.String); target is of class [com.example.backend.controller.NotificationController]
2026-05-07 17:53:59 [http-nio-8081-exec-2] DEBUG o.s.security.web.FilterChainProxy - Securing GET /api/v1/notifications/unread-count
2026-05-07 17:53:59 [http-nio-8081-exec-1] DEBUG o.s.security.web.FilterChainProxy - Securing GET /api/v1/notifications/unread-count
2026-05-07 17:53:59 [http-nio-8081-exec-2] DEBUG o.s.security.web.FilterChainProxy - Secured GET /api/v1/notifications/unread-count
2026-05-07 17:53:59 [http-nio-8081-exec-2] DEBUG o.s.s.a.m.AuthorizationManagerBeforeMethodInterceptor - Authorizing method invocation ReflectiveMethodInvocation: public java.lang.Long com.example.backend.controller.NotificationController.getUnreadCount(java.lang.String); target is of class [com.example.backend.controller.NotificationController]
2026-05-07 17:53:59 [http-nio-8081-exec-2] DEBUG o.s.s.a.m.AuthorizationManagerBeforeMethodInterceptor - Authorized method invocation ReflectiveMethodInvocation: public java.lang.Long com.example.backend.controller.NotificationController.getUnreadCount(java.lang.String); target is of class [com.example.backend.controller.NotificationController]
2026-05-07 17:53:59 [http-nio-8081-exec-1] DEBUG o.s.security.web.FilterChainProxy - Secured GET /api/v1/notifications/unread-count
2026-05-07 17:53:59 [http-nio-8081-exec-1] DEBUG o.s.s.a.m.AuthorizationManagerBeforeMethodInterceptor - Authorizing method invocation ReflectiveMethodInvocation: public java.lang.Long com.example.backend.controller.NotificationController.getUnreadCount(java.lang.String); target is of class [com.example.backend.controller.NotificationController]
2026-05-07 17:53:59 [http-nio-8081-exec-1] DEBUG o.s.s.a.m.AuthorizationManagerBeforeMethodInterceptor - Authorized method invocation ReflectiveMethodInvocation: public java.lang.Long com.example.backend.controller.NotificationController.getUnreadCount(java.lang.String); target is of class [com.example.backend.controller.NotificationController]
2026-05-07 17:54:06 [http-nio-8081-exec-5] DEBUG o.s.security.web.FilterChainProxy - Securing POST /auth/login
2026-05-07 17:54:06 [http-nio-8081-exec-5] DEBUG o.s.security.web.FilterChainProxy - Secured POST /auth/login
2026-05-07 17:54:06 [http-nio-8081-exec-5] DEBUG o.s.s.w.a.AnonymousAuthenticationFilter - Set SecurityContextHolder to anonymous SecurityContext
2026-05-07 17:54:06 [http-nio-8081-exec-6] DEBUG o.s.security.web.FilterChainProxy - Securing GET /api/v1/notifications/unread-count
2026-05-07 17:54:06 [http-nio-8081-exec-6] DEBUG o.s.security.web.FilterChainProxy - Secured GET /api/v1/notifications/unread-count
2026-05-07 17:54:06 [http-nio-8081-exec-6] DEBUG o.s.s.a.m.AuthorizationManagerBeforeMethodInterceptor - Authorizing method invocation ReflectiveMethodInvocation: public java.lang.Long com.example.backend.controller.NotificationController.getUnreadCount(java.lang.String); target is of class [com.example.backend.controller.NotificationController]
2026-05-07 17:54:06 [http-nio-8081-exec-6] DEBUG o.s.s.a.m.AuthorizationManagerBeforeMethodInterceptor - Authorized method invocation ReflectiveMethodInvocation: public java.lang.Long com.example.backend.controller.NotificationController.getUnreadCount(java.lang.String); target is of class [com.example.backend.controller.NotificationController]
2026-05-07 17:54:59 [http-nio-8081-exec-10] DEBUG o.s.security.web.FilterChainProxy - Securing GET /api/v1/notifications/unread-count
2026-05-07 17:54:59 [http-nio-8081-exec-9] DEBUG o.s.security.web.FilterChainProxy - Securing GET /api/v1/notifications/unread-count
2026-05-07 17:54:59 [http-nio-8081-exec-10] DEBUG o.s.security.web.FilterChainProxy - Secured GET /api/v1/notifications/unread-count
2026-05-07 17:54:59 [http-nio-8081-exec-9] DEBUG o.s.security.web.FilterChainProxy - Secured GET /api/v1/notifications/unread-count
2026-05-07 17:54:59 [http-nio-8081-exec-10] DEBUG o.s.s.a.m.AuthorizationManagerBeforeMethodInterceptor - Authorizing method invocation ReflectiveMethodInvocation: public java.lang.Long com.example.backend.controller.NotificationController.getUnreadCount(java.lang.String); target is of class [com.example.backend.controller.NotificationController]
2026-05-07 17:54:59 [http-nio-8081-exec-9] DEBUG o.s.s.a.m.AuthorizationManagerBeforeMethodInterceptor - Authorizing method invocation ReflectiveMethodInvocation: public java.lang.Long com.example.backend.controller.NotificationController.getUnreadCount(java.lang.String); target is of class [com.example.backend.controller.NotificationController]
2026-05-07 17:54:59 [http-nio-8081-exec-9] DEBUG o.s.s.a.m.AuthorizationManagerBeforeMethodInterceptor - Authorized method invocation ReflectiveMethodInvocation: public java.lang.Long com.example.backend.controller.NotificationController.getUnreadCount(java.lang.String); target is of class [com.example.backend.controller.NotificationController]
2026-05-07 17:54:59 [http-nio-8081-exec-10] DEBUG o.s.s.a.m.AuthorizationManagerBeforeMethodInterceptor - Authorized method invocation ReflectiveMethodInvocation: public java.lang.Long com.example.backend.controller.NotificationController.getUnreadCount(java.lang.String); target is of class [com.example.backend.controller.NotificationController]
2026-05-07 17:55:18 [http-nio-8081-exec-2] DEBUG o.s.security.web.FilterChainProxy - Securing OPTIONS /api/locations
2026-05-07 17:55:18 [http-nio-8081-exec-1] DEBUG o.s.security.web.FilterChainProxy - Securing OPTIONS /users/me
2026-05-07 17:55:18 [http-nio-8081-exec-3] DEBUG o.s.security.web.FilterChainProxy - Securing GET /api/locations
2026-05-07 17:55:18 [http-nio-8081-exec-4] DEBUG o.s.security.web.FilterChainProxy - Securing GET /users/me
2026-05-07 17:55:18 [http-nio-8081-exec-3] DEBUG o.s.security.web.FilterChainProxy - Secured GET /api/locations
2026-05-07 17:55:18 [http-nio-8081-exec-4] DEBUG o.s.security.web.FilterChainProxy - Secured GET /users/me
2026-05-07 17:55:18 [http-nio-8081-exec-5] DEBUG o.s.security.web.FilterChainProxy - Securing OPTIONS /api/v1/notifications/unread-count
2026-05-07 17:55:18 [http-nio-8081-exec-6] DEBUG o.s.security.web.FilterChainProxy - Securing GET /api/v1/notifications/unread-count
2026-05-07 17:55:18 [http-nio-8081-exec-6] DEBUG o.s.security.web.FilterChainProxy - Secured GET /api/v1/notifications/unread-count
2026-05-07 17:55:18 [http-nio-8081-exec-6] DEBUG o.s.s.a.m.AuthorizationManagerBeforeMethodInterceptor - Authorizing method invocation ReflectiveMethodInvocation: public java.lang.Long com.example.backend.controller.NotificationController.getUnreadCount(java.lang.String); target is of class [com.example.backend.controller.NotificationController]
2026-05-07 17:55:18 [http-nio-8081-exec-6] DEBUG o.s.s.a.m.AuthorizationManagerBeforeMethodInterceptor - Authorized method invocation ReflectiveMethodInvocation: public java.lang.Long com.example.backend.controller.NotificationController.getUnreadCount(java.lang.String); target is of class [com.example.backend.controller.NotificationController]
2026-05-07 17:55:20 [http-nio-8081-exec-7] DEBUG o.s.security.web.FilterChainProxy - Securing GET /api/locations/7a362581-f0df-43d4-b7c7-074bde1b7c3d
2026-05-07 17:55:20 [http-nio-8081-exec-8] DEBUG o.s.security.web.FilterChainProxy - Securing GET /api/v1/posts/getAll
2026-05-07 17:55:20 [http-nio-8081-exec-7] DEBUG o.s.security.web.FilterChainProxy - Secured GET /api/locations/7a362581-f0df-43d4-b7c7-074bde1b7c3d
2026-05-07 17:55:20 [http-nio-8081-exec-9] DEBUG o.s.security.web.FilterChainProxy - Securing GET /users/me
2026-05-07 17:55:20 [http-nio-8081-exec-9] DEBUG o.s.security.web.FilterChainProxy - Secured GET /users/me
2026-05-07 17:55:20 [http-nio-8081-exec-8] DEBUG o.s.security.web.FilterChainProxy - Secured GET /api/v1/posts/getAll
2026-05-07 17:55:20 [http-nio-8081-exec-10] DEBUG o.s.security.web.FilterChainProxy - Securing OPTIONS /api/locations/7a362581-f0df-43d4-b7c7-074bde1b7c3d
2026-05-07 17:55:20 [http-nio-8081-exec-1] DEBUG o.s.security.web.FilterChainProxy - Securing GET /api/v1/posts/getAll
2026-05-07 17:55:20 [http-nio-8081-exec-2] DEBUG o.s.security.web.FilterChainProxy - Securing GET /users/me
2026-05-07 17:55:20 [http-nio-8081-exec-2] DEBUG o.s.security.web.FilterChainProxy - Secured GET /users/me
2026-05-07 17:55:20 [http-nio-8081-exec-1] DEBUG o.s.security.web.FilterChainProxy - Secured GET /api/v1/posts/getAll
2026-05-07 17:55:20 [http-nio-8081-exec-4] DEBUG o.s.security.web.FilterChainProxy - Securing GET /api/locations/7a362581-f0df-43d4-b7c7-074bde1b7c3d
2026-05-07 17:55:20 [http-nio-8081-exec-4] DEBUG o.s.security.web.FilterChainProxy - Secured GET /api/locations/7a362581-f0df-43d4-b7c7-074bde1b7c3d
2026-05-07 17:55:20 [http-nio-8081-exec-5] DEBUG o.s.security.web.FilterChainProxy - Securing GET /api/v1/notifications/unread-count
2026-05-07 17:55:20 [http-nio-8081-exec-5] DEBUG o.s.security.web.FilterChainProxy - Secured GET /api/v1/notifications/unread-count
2026-05-07 17:55:20 [http-nio-8081-exec-5] DEBUG o.s.s.a.m.AuthorizationManagerBeforeMethodInterceptor - Authorizing method invocation ReflectiveMethodInvocation: public java.lang.Long com.example.backend.controller.NotificationController.getUnreadCount(java.lang.String); target is of class [com.example.backend.controller.NotificationController]
2026-05-07 17:55:20 [http-nio-8081-exec-5] DEBUG o.s.s.a.m.AuthorizationManagerBeforeMethodInterceptor - Authorized method invocation ReflectiveMethodInvocation: public java.lang.Long com.example.backend.controller.NotificationController.getUnreadCount(java.lang.String); target is of class [com.example.backend.controller.NotificationController]
2026-05-07 17:55:20 [http-nio-8081-exec-6] DEBUG o.s.security.web.FilterChainProxy - Securing GET /api/v1/notifications/unread-count
2026-05-07 17:55:20 [http-nio-8081-exec-6] DEBUG o.s.security.web.FilterChainProxy - Secured GET /api/v1/notifications/unread-count
2026-05-07 17:55:20 [http-nio-8081-exec-6] DEBUG o.s.s.a.m.AuthorizationManagerBeforeMethodInterceptor - Authorizing method invocation ReflectiveMethodInvocation: public java.lang.Long com.example.backend.controller.NotificationController.getUnreadCount(java.lang.String); target is of class [com.example.backend.controller.NotificationController]
2026-05-07 17:55:20 [http-nio-8081-exec-6] DEBUG o.s.s.a.m.AuthorizationManagerBeforeMethodInterceptor - Authorized method invocation ReflectiveMethodInvocation: public java.lang.Long com.example.backend.controller.NotificationController.getUnreadCount(java.lang.String); target is of class [com.example.backend.controller.NotificationController]
2026-05-07 17:55:24 [http-nio-8081-exec-3] DEBUG o.s.security.web.FilterChainProxy - Securing OPTIONS /api/v1/posts/getAll
2026-05-07 17:55:24 [http-nio-8081-exec-9] DEBUG o.s.security.web.FilterChainProxy - Securing OPTIONS /api/v1/posts/getAll
2026-05-07 17:55:24 [http-nio-8081-exec-10] DEBUG o.s.security.web.FilterChainProxy - Securing GET /api/v1/posts/getAll
2026-05-07 17:55:24 [http-nio-8081-exec-10] DEBUG o.s.security.web.FilterChainProxy - Secured GET /api/v1/posts/getAll
2026-05-07 17:55:24 [http-nio-8081-exec-7] DEBUG o.s.security.web.FilterChainProxy - Securing GET /api/v1/posts/getAll
2026-05-07 17:55:24 [http-nio-8081-exec-7] DEBUG o.s.security.web.FilterChainProxy - Secured GET /api/v1/posts/getAll
2026-05-07 17:55:49 [http-nio-8081-exec-2] DEBUG o.s.security.web.FilterChainProxy - Securing OPTIONS /auth/login
2026-05-07 17:55:49 [http-nio-8081-exec-4] DEBUG o.s.security.web.FilterChainProxy - Securing POST /auth/login
2026-05-07 17:55:49 [http-nio-8081-exec-4] DEBUG o.s.security.web.FilterChainProxy - Secured POST /auth/login
2026-05-07 17:55:49 [http-nio-8081-exec-4] DEBUG o.s.s.w.a.AnonymousAuthenticationFilter - Set SecurityContextHolder to anonymous SecurityContext
2026-05-07 17:55:49 [http-nio-8081-exec-5] DEBUG o.s.security.web.FilterChainProxy - Securing GET /users/me
2026-05-07 17:55:49 [http-nio-8081-exec-5] DEBUG o.s.security.web.FilterChainProxy - Secured GET /users/me
2026-05-07 17:55:49 [http-nio-8081-exec-6] DEBUG o.s.security.web.FilterChainProxy - Securing GET /api/v1/notifications/unread-count
2026-05-07 17:55:49 [http-nio-8081-exec-6] DEBUG o.s.security.web.FilterChainProxy - Secured GET /api/v1/notifications/unread-count
2026-05-07 17:55:49 [http-nio-8081-exec-1] DEBUG o.s.security.web.FilterChainProxy - Securing GET /api/locations
2026-05-07 17:55:49 [http-nio-8081-exec-6] DEBUG o.s.s.a.m.AuthorizationManagerBeforeMethodInterceptor - Authorizing method invocation ReflectiveMethodInvocation: public java.lang.Long com.example.backend.controller.NotificationController.getUnreadCount(java.lang.String); target is of class [com.example.backend.controller.NotificationController]
2026-05-07 17:55:49 [http-nio-8081-exec-6] DEBUG o.s.s.a.m.AuthorizationManagerBeforeMethodInterceptor - Authorized method invocation ReflectiveMethodInvocation: public java.lang.Long com.example.backend.controller.NotificationController.getUnreadCount(java.lang.String); target is of class [com.example.backend.controller.NotificationController]
2026-05-07 17:55:49 [http-nio-8081-exec-1] DEBUG o.s.security.web.FilterChainProxy - Secured GET /api/locations
2026-05-07 17:55:49 [http-nio-8081-exec-8] DEBUG o.s.security.web.FilterChainProxy - Securing GET /api/v1/notifications/unread-count
2026-05-07 17:55:49 [http-nio-8081-exec-8] DEBUG o.s.security.web.FilterChainProxy - Secured GET /api/v1/notifications/unread-count
2026-05-07 17:55:49 [http-nio-8081-exec-8] DEBUG o.s.s.a.m.AuthorizationManagerBeforeMethodInterceptor - Authorizing method invocation ReflectiveMethodInvocation: public java.lang.Long com.example.backend.controller.NotificationController.getUnreadCount(java.lang.String); target is of class [com.example.backend.controller.NotificationController]
2026-05-07 17:55:49 [http-nio-8081-exec-8] DEBUG o.s.s.a.m.AuthorizationManagerBeforeMethodInterceptor - Authorized method invocation ReflectiveMethodInvocation: public java.lang.Long com.example.backend.controller.NotificationController.getUnreadCount(java.lang.String); target is of class [com.example.backend.controller.NotificationController]
2026-05-07 17:55:50 [http-nio-8081-exec-3] DEBUG o.s.security.web.FilterChainProxy - Securing GET /api/locations
2026-05-07 17:55:50 [http-nio-8081-exec-3] DEBUG o.s.security.web.FilterChainProxy - Secured GET /api/locations
2026-05-07 17:55:55 [http-nio-8081-exec-9] DEBUG o.s.security.web.FilterChainProxy - Securing OPTIONS /api/v1/notifications
2026-05-07 17:55:55 [http-nio-8081-exec-10] DEBUG o.s.security.web.FilterChainProxy - Securing OPTIONS /api/v1/notifications
2026-05-07 17:55:55 [http-nio-8081-exec-7] DEBUG o.s.security.web.FilterChainProxy - Securing GET /api/v1/notifications
2026-05-07 17:55:55 [http-nio-8081-exec-7] DEBUG o.s.security.web.FilterChainProxy - Secured GET /api/v1/notifications
2026-05-07 17:55:55 [http-nio-8081-exec-7] DEBUG o.s.s.a.m.AuthorizationManagerBeforeMethodInterceptor - Authorizing method invocation ReflectiveMethodInvocation: public org.springframework.data.domain.Page com.example.backend.controller.NotificationController.getMyNotifications(java.lang.String,int,int); target is of class [com.example.backend.controller.NotificationController]
2026-05-07 17:55:55 [http-nio-8081-exec-7] DEBUG o.s.s.a.m.AuthorizationManagerBeforeMethodInterceptor - Authorized method invocation ReflectiveMethodInvocation: public org.springframework.data.domain.Page com.example.backend.controller.NotificationController.getMyNotifications(java.lang.String,int,int); target is of class [com.example.backend.controller.NotificationController]
2026-05-07 17:55:55 [http-nio-8081-exec-2] DEBUG o.s.security.web.FilterChainProxy - Securing GET /api/v1/notifications
2026-05-07 17:55:55 [http-nio-8081-exec-2] DEBUG o.s.security.web.FilterChainProxy - Secured GET /api/v1/notifications
2026-05-07 17:55:55 [http-nio-8081-exec-2] DEBUG o.s.s.a.m.AuthorizationManagerBeforeMethodInterceptor - Authorizing method invocation ReflectiveMethodInvocation: public org.springframework.data.domain.Page com.example.backend.controller.NotificationController.getMyNotifications(java.lang.String,int,int); target is of class [com.example.backend.controller.NotificationController]
2026-05-07 17:55:55 [http-nio-8081-exec-2] DEBUG o.s.s.a.m.AuthorizationManagerBeforeMethodInterceptor - Authorized method invocation ReflectiveMethodInvocation: public org.springframework.data.domain.Page com.example.backend.controller.NotificationController.getMyNotifications(java.lang.String,int,int); target is of class [com.example.backend.controller.NotificationController]
2026-05-07 17:56:04 [http-nio-8081-exec-4] DEBUG o.s.security.web.FilterChainProxy - Securing GET /api/v1/notifications/unread-count
2026-05-07 17:56:04 [http-nio-8081-exec-4] DEBUG o.s.security.web.FilterChainProxy - Secured GET /api/v1/notifications/unread-count
2026-05-07 17:56:04 [http-nio-8081-exec-4] DEBUG o.s.s.a.m.AuthorizationManagerBeforeMethodInterceptor - Authorizing method invocation ReflectiveMethodInvocation: public java.lang.Long com.example.backend.controller.NotificationController.getUnreadCount(java.lang.String); target is of class [com.example.backend.controller.NotificationController]
2026-05-07 17:56:04 [http-nio-8081-exec-4] DEBUG o.s.s.a.m.AuthorizationManagerBeforeMethodInterceptor - Authorized method invocation ReflectiveMethodInvocation: public java.lang.Long com.example.backend.controller.NotificationController.getUnreadCount(java.lang.String); target is of class [com.example.backend.controller.NotificationController]
2026-05-07 17:56:07 [http-nio-8081-exec-5] DEBUG o.s.security.web.FilterChainProxy - Securing OPTIONS /api/locations/9c647745-7d29-4ea8-990d-5c2392e276db
2026-05-07 17:56:07 [http-nio-8081-exec-6] DEBUG o.s.security.web.FilterChainProxy - Securing GET /api/v1/posts/getAll
2026-05-07 17:56:07 [http-nio-8081-exec-6] DEBUG o.s.security.web.FilterChainProxy - Secured GET /api/v1/posts/getAll
2026-05-07 17:56:07 [http-nio-8081-exec-8] DEBUG o.s.security.web.FilterChainProxy - Securing GET /api/locations/9c647745-7d29-4ea8-990d-5c2392e276db
2026-05-07 17:56:07 [http-nio-8081-exec-8] DEBUG o.s.security.web.FilterChainProxy - Secured GET /api/locations/9c647745-7d29-4ea8-990d-5c2392e276db
2026-05-07 17:56:07 [http-nio-8081-exec-1] DEBUG o.s.security.web.FilterChainProxy - Securing GET /users/me
2026-05-07 17:56:07 [http-nio-8081-exec-1] DEBUG o.s.security.web.FilterChainProxy - Secured GET /users/me
2026-05-07 17:56:07 [http-nio-8081-exec-3] DEBUG o.s.security.web.FilterChainProxy - Securing GET /api/v1/notifications/unread-count
2026-05-07 17:56:07 [http-nio-8081-exec-3] DEBUG o.s.security.web.FilterChainProxy - Secured GET /api/v1/notifications/unread-count
2026-05-07 17:56:07 [http-nio-8081-exec-3] DEBUG o.s.s.a.m.AuthorizationManagerBeforeMethodInterceptor - Authorizing method invocation ReflectiveMethodInvocation: public java.lang.Long com.example.backend.controller.NotificationController.getUnreadCount(java.lang.String); target is of class [com.example.backend.controller.NotificationController]
2026-05-07 17:56:07 [http-nio-8081-exec-3] DEBUG o.s.s.a.m.AuthorizationManagerBeforeMethodInterceptor - Authorized method invocation ReflectiveMethodInvocation: public java.lang.Long com.example.backend.controller.NotificationController.getUnreadCount(java.lang.String); target is of class [com.example.backend.controller.NotificationController]
2026-05-07 17:56:22 [http-nio-8081-exec-3] DEBUG o.s.security.web.FilterChainProxy - Securing GET /api/v1/notifications/unread-count
2026-05-07 17:56:22 [http-nio-8081-exec-3] DEBUG o.s.security.web.FilterChainProxy - Secured GET /api/v1/notifications/unread-count
2026-05-07 17:56:22 [http-nio-8081-exec-3] DEBUG o.s.s.a.m.AuthorizationManagerBeforeMethodInterceptor - Authorizing method invocation ReflectiveMethodInvocation: public java.lang.Long com.example.backend.controller.NotificationController.getUnreadCount(java.lang.String); target is of class [com.example.backend.controller.NotificationController]
2026-05-07 17:56:22 [http-nio-8081-exec-3] DEBUG o.s.s.a.m.AuthorizationManagerBeforeMethodInterceptor - Authorized method invocation ReflectiveMethodInvocation: public java.lang.Long com.example.backend.controller.NotificationController.getUnreadCount(java.lang.String); target is of class [com.example.backend.controller.NotificationController]
2026-05-07 17:56:34 [http-nio-8081-exec-10] DEBUG o.s.security.web.FilterChainProxy - Securing OPTIONS /api/v1/posts/1e53a30f-ef3d-44cb-ae06-7d2354225791/like?userId=cb202a3a-1d25-42ea-9eee-67c7c85b9ef1
2026-05-07 17:56:34 [http-nio-8081-exec-7] DEBUG o.s.security.web.FilterChainProxy - Securing POST /api/v1/posts/1e53a30f-ef3d-44cb-ae06-7d2354225791/like?userId=cb202a3a-1d25-42ea-9eee-67c7c85b9ef1
2026-05-07 17:56:34 [http-nio-8081-exec-7] DEBUG o.s.security.web.FilterChainProxy - Secured POST /api/v1/posts/1e53a30f-ef3d-44cb-ae06-7d2354225791/like?userId=cb202a3a-1d25-42ea-9eee-67c7c85b9ef1
2026-05-07 17:56:34 [http-nio-8081-exec-9] DEBUG o.s.security.web.FilterChainProxy - Securing POST /api/v1/posts/1e53a30f-ef3d-44cb-ae06-7d2354225791/like?userId=cb202a3a-1d25-42ea-9eee-67c7c85b9ef1
2026-05-07 17:56:34 [http-nio-8081-exec-9] DEBUG o.s.security.web.FilterChainProxy - Secured POST /api/v1/posts/1e53a30f-ef3d-44cb-ae06-7d2354225791/like?userId=cb202a3a-1d25-42ea-9eee-67c7c85b9ef1
2026-05-07 17:56:37 [http-nio-8081-exec-2] DEBUG o.s.security.web.FilterChainProxy - Securing GET /api/v1/notifications/unread-count
2026-05-07 17:56:37 [http-nio-8081-exec-2] DEBUG o.s.security.web.FilterChainProxy - Secured GET /api/v1/notifications/unread-count
2026-05-07 17:56:37 [http-nio-8081-exec-2] DEBUG o.s.s.a.m.AuthorizationManagerBeforeMethodInterceptor - Authorizing method invocation ReflectiveMethodInvocation: public java.lang.Long com.example.backend.controller.NotificationController.getUnreadCount(java.lang.String); target is of class [com.example.backend.controller.NotificationController]
2026-05-07 17:56:37 [http-nio-8081-exec-2] DEBUG o.s.s.a.m.AuthorizationManagerBeforeMethodInterceptor - Authorized method invocation ReflectiveMethodInvocation: public java.lang.Long com.example.backend.controller.NotificationController.getUnreadCount(java.lang.String); target is of class [com.example.backend.controller.NotificationController]
2026-05-07 17:56:50 [http-nio-8081-exec-4] DEBUG o.s.security.web.FilterChainProxy - Securing GET /api/v1/notifications/unread-count
2026-05-07 17:56:50 [http-nio-8081-exec-4] DEBUG o.s.security.web.FilterChainProxy - Secured GET /api/v1/notifications/unread-count
2026-05-07 17:56:50 [http-nio-8081-exec-4] DEBUG o.s.s.a.m.AuthorizationManagerBeforeMethodInterceptor - Authorizing method invocation ReflectiveMethodInvocation: public java.lang.Long com.example.backend.controller.NotificationController.getUnreadCount(java.lang.String); target is of class [com.example.backend.controller.NotificationController]
2026-05-07 17:56:50 [http-nio-8081-exec-4] DEBUG o.s.s.a.m.AuthorizationManagerBeforeMethodInterceptor - Authorized method invocation ReflectiveMethodInvocation: public java.lang.Long com.example.backend.controller.NotificationController.getUnreadCount(java.lang.String); target is of class [com.example.backend.controller.NotificationController]
2026-05-07 17:56:51 [http-nio-8081-exec-1] DEBUG o.s.security.web.FilterChainProxy - Securing GET /api/v1/posts/getAll
2026-05-07 17:56:51 [http-nio-8081-exec-5] DEBUG o.s.security.web.FilterChainProxy - Securing GET /api/locations/7a362581-f0df-43d4-b7c7-074bde1b7c3d
2026-05-07 17:56:51 [http-nio-8081-exec-8] DEBUG o.s.security.web.FilterChainProxy - Securing GET /users/me
2026-05-07 17:56:51 [http-nio-8081-exec-1] DEBUG o.s.security.web.FilterChainProxy - Secured GET /api/v1/posts/getAll
2026-05-07 17:56:51 [http-nio-8081-exec-5] DEBUG o.s.security.web.FilterChainProxy - Secured GET /api/locations/7a362581-f0df-43d4-b7c7-074bde1b7c3d
2026-05-07 17:56:51 [http-nio-8081-exec-8] DEBUG o.s.security.web.FilterChainProxy - Secured GET /users/me
2026-05-07 17:56:51 [http-nio-8081-exec-6] DEBUG o.s.security.web.FilterChainProxy - Securing GET /api/v1/notifications/unread-count
2026-05-07 17:56:51 [http-nio-8081-exec-6] DEBUG o.s.security.web.FilterChainProxy - Secured GET /api/v1/notifications/unread-count
2026-05-07 17:56:51 [http-nio-8081-exec-6] DEBUG o.s.s.a.m.AuthorizationManagerBeforeMethodInterceptor - Authorizing method invocation ReflectiveMethodInvocation: public java.lang.Long com.example.backend.controller.NotificationController.getUnreadCount(java.lang.String); target is of class [com.example.backend.controller.NotificationController]
2026-05-07 17:56:51 [http-nio-8081-exec-6] DEBUG o.s.s.a.m.AuthorizationManagerBeforeMethodInterceptor - Authorized method invocation ReflectiveMethodInvocation: public java.lang.Long com.example.backend.controller.NotificationController.getUnreadCount(java.lang.String); target is of class [com.example.backend.controller.NotificationController]
2026-05-07 17:56:53 [http-nio-8081-exec-3] DEBUG o.s.security.web.FilterChainProxy - Securing GET /users/me
2026-05-07 17:56:53 [http-nio-8081-exec-3] DEBUG o.s.security.web.FilterChainProxy - Secured GET /users/me
2026-05-07 17:56:53 [http-nio-8081-exec-10] DEBUG o.s.security.web.FilterChainProxy - Securing OPTIONS /api/v1/posts/1a31afa4-7e4b-4801-9e2d-e37dc45ca555/like?userId=cb202a3a-1d25-42ea-9eee-67c7c85b9ef1
2026-05-07 17:56:53 [http-nio-8081-exec-7] DEBUG o.s.security.web.FilterChainProxy - Securing POST /api/v1/posts/1a31afa4-7e4b-4801-9e2d-e37dc45ca555/like?userId=cb202a3a-1d25-42ea-9eee-67c7c85b9ef1
2026-05-07 17:56:53 [http-nio-8081-exec-7] DEBUG o.s.security.web.FilterChainProxy - Secured POST /api/v1/posts/1a31afa4-7e4b-4801-9e2d-e37dc45ca555/like?userId=cb202a3a-1d25-42ea-9eee-67c7c85b9ef1
2026-05-07 17:56:54 [http-nio-8081-exec-9] DEBUG o.s.security.web.FilterChainProxy - Securing POST /api/v1/posts/1a31afa4-7e4b-4801-9e2d-e37dc45ca555/like?userId=cb202a3a-1d25-42ea-9eee-67c7c85b9ef1
2026-05-07 17:56:54 [http-nio-8081-exec-9] DEBUG o.s.security.web.FilterChainProxy - Secured POST /api/v1/posts/1a31afa4-7e4b-4801-9e2d-e37dc45ca555/like?userId=cb202a3a-1d25-42ea-9eee-67c7c85b9ef1
2026-05-07 17:56:54 [http-nio-8081-exec-2] DEBUG o.s.security.web.FilterChainProxy - Securing POST /api/v1/posts/1a31afa4-7e4b-4801-9e2d-e37dc45ca555/like?userId=cb202a3a-1d25-42ea-9eee-67c7c85b9ef1
2026-05-07 17:56:54 [http-nio-8081-exec-2] DEBUG o.s.security.web.FilterChainProxy - Secured POST /api/v1/posts/1a31afa4-7e4b-4801-9e2d-e37dc45ca555/like?userId=cb202a3a-1d25-42ea-9eee-67c7c85b9ef1
2026-05-07 17:56:55 [http-nio-8081-exec-4] DEBUG o.s.security.web.FilterChainProxy - Securing POST /api/v1/posts/1a31afa4-7e4b-4801-9e2d-e37dc45ca555/like?userId=cb202a3a-1d25-42ea-9eee-67c7c85b9ef1
2026-05-07 17:56:55 [http-nio-8081-exec-4] DEBUG o.s.security.web.FilterChainProxy - Secured POST /api/v1/posts/1a31afa4-7e4b-4801-9e2d-e37dc45ca555/like?userId=cb202a3a-1d25-42ea-9eee-67c7c85b9ef1
2026-05-07 17:57:06 [http-nio-8081-exec-8] DEBUG o.s.security.web.FilterChainProxy - Securing GET /api/v1/notifications/unread-count
2026-05-07 17:57:06 [http-nio-8081-exec-8] DEBUG o.s.security.web.FilterChainProxy - Secured GET /api/v1/notifications/unread-count
2026-05-07 17:57:06 [http-nio-8081-exec-8] DEBUG o.s.s.a.m.AuthorizationManagerBeforeMethodInterceptor - Authorizing method invocation ReflectiveMethodInvocation: public java.lang.Long com.example.backend.controller.NotificationController.getUnreadCount(java.lang.String); target is of class [com.example.backend.controller.NotificationController]
2026-05-07 17:57:06 [http-nio-8081-exec-8] DEBUG o.s.s.a.m.AuthorizationManagerBeforeMethodInterceptor - Authorized method invocation ReflectiveMethodInvocation: public java.lang.Long com.example.backend.controller.NotificationController.getUnreadCount(java.lang.String); target is of class [com.example.backend.controller.NotificationController]
2026-05-07 17:57:08 [http-nio-8081-exec-5] DEBUG o.s.security.web.FilterChainProxy - Securing OPTIONS /auth/login
2026-05-07 17:57:08 [http-nio-8081-exec-6] DEBUG o.s.security.web.FilterChainProxy - Securing POST /auth/login
2026-05-07 17:57:08 [http-nio-8081-exec-6] DEBUG o.s.security.web.FilterChainProxy - Secured POST /auth/login
2026-05-07 17:57:08 [http-nio-8081-exec-1] DEBUG o.s.security.web.FilterChainProxy - Securing GET /users/me
2026-05-07 17:57:08 [http-nio-8081-exec-1] DEBUG o.s.security.web.FilterChainProxy - Secured GET /users/me
2026-05-07 17:57:08 [http-nio-8081-exec-3] DEBUG o.s.security.web.FilterChainProxy - Securing GET /api/v1/notifications/unread-count
2026-05-07 17:57:08 [http-nio-8081-exec-3] DEBUG o.s.security.web.FilterChainProxy - Secured GET /api/v1/notifications/unread-count
2026-05-07 17:57:08 [http-nio-8081-exec-3] DEBUG o.s.s.a.m.AuthorizationManagerBeforeMethodInterceptor - Authorizing method invocation ReflectiveMethodInvocation: public java.lang.Long com.example.backend.controller.NotificationController.getUnreadCount(java.lang.String); target is of class [com.example.backend.controller.NotificationController]
2026-05-07 17:57:08 [http-nio-8081-exec-3] DEBUG o.s.s.a.m.AuthorizationManagerBeforeMethodInterceptor - Authorized method invocation ReflectiveMethodInvocation: public java.lang.Long com.example.backend.controller.NotificationController.getUnreadCount(java.lang.String); target is of class [com.example.backend.controller.NotificationController]
2026-05-07 17:57:08 [http-nio-8081-exec-10] DEBUG o.s.security.web.FilterChainProxy - Securing GET /api/locations
2026-05-07 17:57:08 [http-nio-8081-exec-10] DEBUG o.s.security.web.FilterChainProxy - Secured GET /api/locations
2026-05-07 17:57:08 [http-nio-8081-exec-7] DEBUG o.s.security.web.FilterChainProxy - Securing GET /api/v1/notifications/unread-count
2026-05-07 17:57:08 [http-nio-8081-exec-7] DEBUG o.s.security.web.FilterChainProxy - Secured GET /api/v1/notifications/unread-count
2026-05-07 17:57:08 [http-nio-8081-exec-7] DEBUG o.s.s.a.m.AuthorizationManagerBeforeMethodInterceptor - Authorizing method invocation ReflectiveMethodInvocation: public java.lang.Long com.example.backend.controller.NotificationController.getUnreadCount(java.lang.String); target is of class [com.example.backend.controller.NotificationController]
2026-05-07 17:57:08 [http-nio-8081-exec-7] DEBUG o.s.s.a.m.AuthorizationManagerBeforeMethodInterceptor - Authorized method invocation ReflectiveMethodInvocation: public java.lang.Long com.example.backend.controller.NotificationController.getUnreadCount(java.lang.String); target is of class [com.example.backend.controller.NotificationController]
2026-05-07 17:57:08 [http-nio-8081-exec-9] DEBUG o.s.security.web.FilterChainProxy - Securing GET /api/locations
2026-05-07 17:57:08 [http-nio-8081-exec-9] DEBUG o.s.security.web.FilterChainProxy - Secured GET /api/locations
2026-05-07 17:57:19 [http-nio-8081-exec-2] DEBUG o.s.security.web.FilterChainProxy - Securing GET /api/locations/9c647745-7d29-4ea8-990d-5c2392e276db
2026-05-07 17:57:19 [http-nio-8081-exec-4] DEBUG o.s.security.web.FilterChainProxy - Securing GET /api/v1/posts/getAll
2026-05-07 17:57:19 [http-nio-8081-exec-4] DEBUG o.s.security.web.FilterChainProxy - Secured GET /api/v1/posts/getAll
2026-05-07 17:57:19 [http-nio-8081-exec-2] DEBUG o.s.security.web.FilterChainProxy - Secured GET /api/locations/9c647745-7d29-4ea8-990d-5c2392e276db
2026-05-07 17:57:19 [http-nio-8081-exec-8] DEBUG o.s.security.web.FilterChainProxy - Securing GET /users/me
2026-05-07 17:57:19 [http-nio-8081-exec-8] DEBUG o.s.security.web.FilterChainProxy - Secured GET /users/me
2026-05-07 17:57:19 [http-nio-8081-exec-5] DEBUG o.s.security.web.FilterChainProxy - Securing GET /api/v1/notifications/unread-count
2026-05-07 17:57:19 [http-nio-8081-exec-5] DEBUG o.s.security.web.FilterChainProxy - Secured GET /api/v1/notifications/unread-count
2026-05-07 17:57:19 [http-nio-8081-exec-5] DEBUG o.s.s.a.m.AuthorizationManagerBeforeMethodInterceptor - Authorizing method invocation ReflectiveMethodInvocation: public java.lang.Long com.example.backend.controller.NotificationController.getUnreadCount(java.lang.String); target is of class [com.example.backend.controller.NotificationController]
2026-05-07 17:57:19 [http-nio-8081-exec-5] DEBUG o.s.s.a.m.AuthorizationManagerBeforeMethodInterceptor - Authorized method invocation ReflectiveMethodInvocation: public java.lang.Long com.example.backend.controller.NotificationController.getUnreadCount(java.lang.String); target is of class [com.example.backend.controller.NotificationController]
2026-05-07 17:57:22 [http-nio-8081-exec-6] DEBUG o.s.security.web.FilterChainProxy - Securing GET /api/v1/notifications/unread-count
2026-05-07 17:57:22 [http-nio-8081-exec-6] DEBUG o.s.security.web.FilterChainProxy - Secured GET /api/v1/notifications/unread-count
2026-05-07 17:57:22 [http-nio-8081-exec-6] DEBUG o.s.s.a.m.AuthorizationManagerBeforeMethodInterceptor - Authorizing method invocation ReflectiveMethodInvocation: public java.lang.Long com.example.backend.controller.NotificationController.getUnreadCount(java.lang.String); target is of class [com.example.backend.controller.NotificationController]
2026-05-07 17:57:22 [http-nio-8081-exec-6] DEBUG o.s.s.a.m.AuthorizationManagerBeforeMethodInterceptor - Authorized method invocation ReflectiveMethodInvocation: public java.lang.Long com.example.backend.controller.NotificationController.getUnreadCount(java.lang.String); target is of class [com.example.backend.controller.NotificationController]
2026-05-07 17:57:34 [http-nio-8081-exec-1] DEBUG o.s.security.web.FilterChainProxy - Securing GET /api/v1/notifications/unread-count
2026-05-07 17:57:34 [http-nio-8081-exec-1] DEBUG o.s.security.web.FilterChainProxy - Secured GET /api/v1/notifications/unread-count
2026-05-07 17:57:34 [http-nio-8081-exec-1] DEBUG o.s.s.a.m.AuthorizationManagerBeforeMethodInterceptor - Authorizing method invocation ReflectiveMethodInvocation: public java.lang.Long com.example.backend.controller.NotificationController.getUnreadCount(java.lang.String); target is of class [com.example.backend.controller.NotificationController]
2026-05-07 17:57:34 [http-nio-8081-exec-1] DEBUG o.s.s.a.m.AuthorizationManagerBeforeMethodInterceptor - Authorized method invocation ReflectiveMethodInvocation: public java.lang.Long com.example.backend.controller.NotificationController.getUnreadCount(java.lang.String); target is of class [com.example.backend.controller.NotificationController]
2026-05-07 17:57:37 [http-nio-8081-exec-3] DEBUG o.s.security.web.FilterChainProxy - Securing GET /api/v1/notifications/unread-count
2026-05-07 17:57:37 [http-nio-8081-exec-3] DEBUG o.s.security.web.FilterChainProxy - Secured GET /api/v1/notifications/unread-count
2026-05-07 17:57:37 [http-nio-8081-exec-3] DEBUG o.s.s.a.m.AuthorizationManagerBeforeMethodInterceptor - Authorizing method invocation ReflectiveMethodInvocation: public java.lang.Long com.example.backend.controller.NotificationController.getUnreadCount(java.lang.String); target is of class [com.example.backend.controller.NotificationController]
2026-05-07 17:57:37 [http-nio-8081-exec-3] DEBUG o.s.s.a.m.AuthorizationManagerBeforeMethodInterceptor - Authorized method invocation ReflectiveMethodInvocation: public java.lang.Long com.example.backend.controller.NotificationController.getUnreadCount(java.lang.String); target is of class [com.example.backend.controller.NotificationController]
2026-05-07 17:57:40 [http-nio-8081-exec-7] DEBUG o.s.security.web.FilterChainProxy - Securing OPTIONS /api/v1/posts/08050bbb-abd0-4294-ac5d-9f2d58c7540d?viewerId=2ea069b0-fdb0-46f0-81d1-a6502ebfcce5
2026-05-07 17:57:40 [http-nio-8081-exec-10] DEBUG o.s.security.web.FilterChainProxy - Securing GET /api/v1/posts/08050bbb-abd0-4294-ac5d-9f2d58c7540d?viewerId=2ea069b0-fdb0-46f0-81d1-a6502ebfcce5
2026-05-07 17:57:40 [http-nio-8081-exec-10] DEBUG o.s.security.web.FilterChainProxy - Secured GET /api/v1/posts/08050bbb-abd0-4294-ac5d-9f2d58c7540d?viewerId=2ea069b0-fdb0-46f0-81d1-a6502ebfcce5
2026-05-07 17:57:40 [http-nio-8081-exec-9] DEBUG o.s.security.web.FilterChainProxy - Securing GET /api/v1/posts/08050bbb-abd0-4294-ac5d-9f2d58c7540d?viewerId=2ea069b0-fdb0-46f0-81d1-a6502ebfcce5
2026-05-07 17:57:40 [http-nio-8081-exec-9] DEBUG o.s.security.web.FilterChainProxy - Secured GET /api/v1/posts/08050bbb-abd0-4294-ac5d-9f2d58c7540d?viewerId=2ea069b0-fdb0-46f0-81d1-a6502ebfcce5
2026-05-07 17:57:40 [http-nio-8081-exec-2] DEBUG o.s.security.web.FilterChainProxy - Securing OPTIONS /api/v1/comments/post/08050bbb-abd0-4294-ac5d-9f2d58c7540d
2026-05-07 17:57:40 [http-nio-8081-exec-8] DEBUG o.s.security.web.FilterChainProxy - Securing GET /api/v1/comments/post/08050bbb-abd0-4294-ac5d-9f2d58c7540d
2026-05-07 17:57:40 [http-nio-8081-exec-8] DEBUG o.s.security.web.FilterChainProxy - Secured GET /api/v1/comments/post/08050bbb-abd0-4294-ac5d-9f2d58c7540d
2026-05-07 17:57:40 [http-nio-8081-exec-5] DEBUG o.s.security.web.FilterChainProxy - Securing GET /api/v1/comments/post/08050bbb-abd0-4294-ac5d-9f2d58c7540d
2026-05-07 17:57:40 [http-nio-8081-exec-5] DEBUG o.s.security.web.FilterChainProxy - Secured GET /api/v1/comments/post/08050bbb-abd0-4294-ac5d-9f2d58c7540d
2026-05-07 17:57:49 [http-nio-8081-exec-4] DEBUG o.s.security.web.FilterChainProxy - Securing GET /api/v1/notifications/unread-count
2026-05-07 17:57:49 [http-nio-8081-exec-4] DEBUG o.s.security.web.FilterChainProxy - Secured GET /api/v1/notifications/unread-count
2026-05-07 17:57:49 [http-nio-8081-exec-4] DEBUG o.s.s.a.m.AuthorizationManagerBeforeMethodInterceptor - Authorizing method invocation ReflectiveMethodInvocation: public java.lang.Long com.example.backend.controller.NotificationController.getUnreadCount(java.lang.String); target is of class [com.example.backend.controller.NotificationController]
2026-05-07 17:57:49 [http-nio-8081-exec-4] DEBUG o.s.s.a.m.AuthorizationManagerBeforeMethodInterceptor - Authorized method invocation ReflectiveMethodInvocation: public java.lang.Long com.example.backend.controller.NotificationController.getUnreadCount(java.lang.String); target is of class [com.example.backend.controller.NotificationController]
2026-05-07 17:57:50 [http-nio-8081-exec-6] DEBUG o.s.security.web.FilterChainProxy - Securing GET /api/v1/comments/post/08050bbb-abd0-4294-ac5d-9f2d58c7540d
2026-05-07 17:57:50 [http-nio-8081-exec-6] DEBUG o.s.security.web.FilterChainProxy - Secured GET /api/v1/comments/post/08050bbb-abd0-4294-ac5d-9f2d58c7540d
2026-05-07 17:57:52 [http-nio-8081-exec-7] DEBUG o.s.security.web.FilterChainProxy - Securing GET /api/v1/notifications/unread-count
2026-05-07 17:57:52 [http-nio-8081-exec-7] DEBUG o.s.security.web.FilterChainProxy - Secured GET /api/v1/notifications/unread-count
2026-05-07 17:57:52 [http-nio-8081-exec-7] DEBUG o.s.s.a.m.AuthorizationManagerBeforeMethodInterceptor - Authorizing method invocation ReflectiveMethodInvocation: public java.lang.Long com.example.backend.controller.NotificationController.getUnreadCount(java.lang.String); target is of class [com.example.backend.controller.NotificationController]
2026-05-07 17:57:52 [http-nio-8081-exec-7] DEBUG o.s.s.a.m.AuthorizationManagerBeforeMethodInterceptor - Authorized method invocation ReflectiveMethodInvocation: public java.lang.Long com.example.backend.controller.NotificationController.getUnreadCount(java.lang.String); target is of class [com.example.backend.controller.NotificationController]
2026-05-07 17:58:00 [http-nio-8081-exec-10] DEBUG o.s.security.web.FilterChainProxy - Securing GET /api/v1/comments/post/08050bbb-abd0-4294-ac5d-9f2d58c7540d
2026-05-07 17:58:00 [http-nio-8081-exec-10] DEBUG o.s.security.web.FilterChainProxy - Secured GET /api/v1/comments/post/08050bbb-abd0-4294-ac5d-9f2d58c7540d
2026-05-07 17:58:04 [http-nio-8081-exec-2] DEBUG o.s.security.web.FilterChainProxy - Securing GET /api/v1/notifications/unread-count
2026-05-07 17:58:04 [http-nio-8081-exec-2] DEBUG o.s.security.web.FilterChainProxy - Secured GET /api/v1/notifications/unread-count
2026-05-07 17:58:04 [http-nio-8081-exec-2] DEBUG o.s.s.a.m.AuthorizationManagerBeforeMethodInterceptor - Authorizing method invocation ReflectiveMethodInvocation: public java.lang.Long com.example.backend.controller.NotificationController.getUnreadCount(java.lang.String); target is of class [com.example.backend.controller.NotificationController]
2026-05-07 17:58:04 [http-nio-8081-exec-2] DEBUG o.s.s.a.m.AuthorizationManagerBeforeMethodInterceptor - Authorized method invocation ReflectiveMethodInvocation: public java.lang.Long com.example.backend.controller.NotificationController.getUnreadCount(java.lang.String); target is of class [com.example.backend.controller.NotificationController]
2026-05-07 17:58:07 [http-nio-8081-exec-9] DEBUG o.s.security.web.FilterChainProxy - Securing GET /api/v1/notifications/unread-count
2026-05-07 17:58:07 [http-nio-8081-exec-9] DEBUG o.s.security.web.FilterChainProxy - Secured GET /api/v1/notifications/unread-count
2026-05-07 17:58:07 [http-nio-8081-exec-9] DEBUG o.s.s.a.m.AuthorizationManagerBeforeMethodInterceptor - Authorizing method invocation ReflectiveMethodInvocation: public java.lang.Long com.example.backend.controller.NotificationController.getUnreadCount(java.lang.String); target is of class [com.example.backend.controller.NotificationController]
2026-05-07 17:58:07 [http-nio-8081-exec-9] DEBUG o.s.s.a.m.AuthorizationManagerBeforeMethodInterceptor - Authorized method invocation ReflectiveMethodInvocation: public java.lang.Long com.example.backend.controller.NotificationController.getUnreadCount(java.lang.String); target is of class [com.example.backend.controller.NotificationController]
2026-05-07 17:58:10 [http-nio-8081-exec-8] DEBUG o.s.security.web.FilterChainProxy - Securing GET /api/v1/comments/post/08050bbb-abd0-4294-ac5d-9f2d58c7540d
2026-05-07 17:58:10 [http-nio-8081-exec-8] DEBUG o.s.security.web.FilterChainProxy - Secured GET /api/v1/comments/post/08050bbb-abd0-4294-ac5d-9f2d58c7540d
2026-05-07 17:58:19 [http-nio-8081-exec-5] DEBUG o.s.security.web.FilterChainProxy - Securing GET /api/v1/notifications/unread-count
2026-05-07 17:58:19 [http-nio-8081-exec-5] DEBUG o.s.security.web.FilterChainProxy - Secured GET /api/v1/notifications/unread-count
2026-05-07 17:58:19 [http-nio-8081-exec-5] DEBUG o.s.s.a.m.AuthorizationManagerBeforeMethodInterceptor - Authorizing method invocation ReflectiveMethodInvocation: public java.lang.Long com.example.backend.controller.NotificationController.getUnreadCount(java.lang.String); target is of class [com.example.backend.controller.NotificationController]
2026-05-07 17:58:19 [http-nio-8081-exec-5] DEBUG o.s.s.a.m.AuthorizationManagerBeforeMethodInterceptor - Authorized method invocation ReflectiveMethodInvocation: public java.lang.Long com.example.backend.controller.NotificationController.getUnreadCount(java.lang.String); target is of class [com.example.backend.controller.NotificationController]
2026-05-07 17:58:20 [http-nio-8081-exec-6] DEBUG o.s.security.web.FilterChainProxy - Securing GET /api/v1/comments/post/08050bbb-abd0-4294-ac5d-9f2d58c7540d
2026-05-07 17:58:20 [http-nio-8081-exec-6] DEBUG o.s.security.web.FilterChainProxy - Secured GET /api/v1/comments/post/08050bbb-abd0-4294-ac5d-9f2d58c7540d
2026-05-07 17:58:22 [http-nio-8081-exec-1] DEBUG o.s.security.web.FilterChainProxy - Securing GET /api/v1/notifications/unread-count
2026-05-07 17:58:22 [http-nio-8081-exec-1] DEBUG o.s.security.web.FilterChainProxy - Secured GET /api/v1/notifications/unread-count
2026-05-07 17:58:22 [http-nio-8081-exec-1] DEBUG o.s.s.a.m.AuthorizationManagerBeforeMethodInterceptor - Authorizing method invocation ReflectiveMethodInvocation: public java.lang.Long com.example.backend.controller.NotificationController.getUnreadCount(java.lang.String); target is of class [com.example.backend.controller.NotificationController]
2026-05-07 17:58:22 [http-nio-8081-exec-1] DEBUG o.s.s.a.m.AuthorizationManagerBeforeMethodInterceptor - Authorized method invocation ReflectiveMethodInvocation: public java.lang.Long com.example.backend.controller.NotificationController.getUnreadCount(java.lang.String); target is of class [com.example.backend.controller.NotificationController]
2026-05-07 17:58:24 [http-nio-8081-exec-3] DEBUG o.s.security.web.FilterChainProxy - Securing OPTIONS /api/v1/comments
2026-05-07 17:58:24 [http-nio-8081-exec-7] DEBUG o.s.security.web.FilterChainProxy - Securing POST /api/v1/comments
2026-05-07 17:58:24 [http-nio-8081-exec-7] DEBUG o.s.security.web.FilterChainProxy - Secured POST /api/v1/comments
2026-05-07 17:58:24 [http-nio-8081-exec-7] DEBUG o.s.s.a.m.AuthorizationManagerBeforeMethodInterceptor - Authorizing method invocation ReflectiveMethodInvocation: public com.example.backend.dto.response.CommentResponse com.example.backend.controller.CommentController.createComment(java.lang.String,com.example.backend.dto.request.CommentRequest); target is of class [com.example.backend.controller.CommentController]
2026-05-07 17:58:24 [http-nio-8081-exec-7] DEBUG o.s.s.a.m.AuthorizationManagerBeforeMethodInterceptor - Authorized method invocation ReflectiveMethodInvocation: public com.example.backend.dto.response.CommentResponse com.example.backend.controller.CommentController.createComment(java.lang.String,com.example.backend.dto.request.CommentRequest); target is of class [com.example.backend.controller.CommentController]
2026-05-07 17:58:24 [http-nio-8081-exec-7] ERROR o.a.c.c.C.[.[.[.[dispatcherServlet] - Servlet.service() for servlet [dispatcherServlet] in context with path [] threw exception [Request processing failed: java.lang.NullPointerException: Cannot invoke "java.lang.Long.longValue()" because the return value of "com.example.backend.entity.Users.getUnreadNotificationCount()" is null] with root cause
java.lang.NullPointerException: Cannot invoke "java.lang.Long.longValue()" because the return value of "com.example.backend.entity.Users.getUnreadNotificationCount()" is null
	at com.example.backend.service.notification.NotificationService.createPostCommentedNotification(NotificationService.java:73)
	at java.base/jdk.internal.reflect.NativeMethodAccessorImpl.invoke0(Native Method)
	at java.base/jdk.internal.reflect.NativeMethodAccessorImpl.invoke(NativeMethodAccessorImpl.java:77)
	at java.base/jdk.internal.reflect.DelegatingMethodAccessorImpl.invoke(DelegatingMethodAccessorImpl.java:43)
	at java.base/java.lang.reflect.Method.invoke(Method.java:569)
	at org.springframework.aop.support.AopUtils.invokeJoinpointUsingReflection(AopUtils.java:359)
	at org.springframework.aop.framework.ReflectiveMethodInvocation.invokeJoinpoint(ReflectiveMethodInvocation.java:190)
	at org.springframework.aop.framework.ReflectiveMethodInvocation.proceed(ReflectiveMethodInvocation.java:158)
	at org.springframework.transaction.interceptor.TransactionInterceptor$1.proceedWithInvocation(TransactionInterceptor.java:133)
	at org.springframework.transaction.interceptor.TransactionAspectSupport.invokeWithinTransaction(TransactionAspectSupport.java:371)
	at org.springframework.transaction.interceptor.TransactionInterceptor.invoke(TransactionInterceptor.java:130)
	at org.springframework.aop.framework.ReflectiveMethodInvocation.proceed(ReflectiveMethodInvocation.java:179)
	at org.springframework.aop.framework.CglibAopProxy$DynamicAdvisedInterceptor.intercept(CglibAopProxy.java:719)
	at com.example.backend.service.notification.NotificationService$$SpringCGLIB$$0.createPostCommentedNotification(<generated>)
	at com.example.backend.service.comment.impl.CommentServiceImpl.createComment(CommentServiceImpl.java:63)
	at java.base/jdk.internal.reflect.NativeMethodAccessorImpl.invoke0(Native Method)
	at java.base/jdk.internal.reflect.NativeMethodAccessorImpl.invoke(NativeMethodAccessorImpl.java:77)
	at java.base/jdk.internal.reflect.DelegatingMethodAccessorImpl.invoke(DelegatingMethodAccessorImpl.java:43)
	at java.base/java.lang.reflect.Method.invoke(Method.java:569)
	at org.springframework.aop.support.AopUtils.invokeJoinpointUsingReflection(AopUtils.java:359)
	at org.springframework.aop.framework.ReflectiveMethodInvocation.invokeJoinpoint(ReflectiveMethodInvocation.java:190)
	at org.springframework.aop.framework.ReflectiveMethodInvocation.proceed(ReflectiveMethodInvocation.java:158)
	at org.springframework.transaction.interceptor.TransactionInterceptor$1.proceedWithInvocation(TransactionInterceptor.java:133)
	at org.springframework.transaction.interceptor.TransactionAspectSupport.invokeWithinTransaction(TransactionAspectSupport.java:371)
	at org.springframework.transaction.interceptor.TransactionInterceptor.invoke(TransactionInterceptor.java:130)
	at org.springframework.aop.framework.ReflectiveMethodInvocation.proceed(ReflectiveMethodInvocation.java:179)
	at org.springframework.aop.framework.CglibAopProxy$DynamicAdvisedInterceptor.intercept(CglibAopProxy.java:719)
	at com.example.backend.service.comment.impl.CommentServiceImpl$$SpringCGLIB$$0.createComment(<generated>)
	at com.example.backend.controller.CommentController.createComment(CommentController.java:27)
	at java.base/jdk.internal.reflect.NativeMethodAccessorImpl.invoke0(Native Method)
	at java.base/jdk.internal.reflect.NativeMethodAccessorImpl.invoke(NativeMethodAccessorImpl.java:77)
	at java.base/jdk.internal.reflect.DelegatingMethodAccessorImpl.invoke(DelegatingMethodAccessorImpl.java:43)
	at java.base/java.lang.reflect.Method.invoke(Method.java:569)
	at org.springframework.aop.support.AopUtils.invokeJoinpointUsingReflection(AopUtils.java:359)
	at org.springframework.aop.framework.ReflectiveMethodInvocation.invokeJoinpoint(ReflectiveMethodInvocation.java:190)
	at org.springframework.aop.framework.ReflectiveMethodInvocation.proceed(ReflectiveMethodInvocation.java:158)
	at org.springframework.security.authorization.method.AuthorizationManagerBeforeMethodInterceptor.proceed(AuthorizationManagerBeforeMethodInterceptor.java:271)
	at org.springframework.security.authorization.method.AuthorizationManagerBeforeMethodInterceptor.attemptAuthorization(AuthorizationManagerBeforeMethodInterceptor.java:266)
	at org.springframework.security.authorization.method.AuthorizationManagerBeforeMethodInterceptor.invoke(AuthorizationManagerBeforeMethodInterceptor.java:197)
	at org.springframework.security.config.annotation.method.configuration.DeferringMethodInterceptor.invoke(DeferringMethodInterceptor.java:44)
	at org.springframework.aop.framework.ReflectiveMethodInvocation.proceed(ReflectiveMethodInvocation.java:179)
	at org.springframework.aop.framework.CglibAopProxy$DynamicAdvisedInterceptor.intercept(CglibAopProxy.java:719)
	at com.example.backend.controller.CommentController$$SpringCGLIB$$0.createComment(<generated>)
	at java.base/jdk.internal.reflect.NativeMethodAccessorImpl.invoke0(Native Method)
	at java.base/jdk.internal.reflect.NativeMethodAccessorImpl.invoke(NativeMethodAccessorImpl.java:77)
	at java.base/jdk.internal.reflect.DelegatingMethodAccessorImpl.invoke(DelegatingMethodAccessorImpl.java:43)
	at java.base/java.lang.reflect.Method.invoke(Method.java:569)
	at org.springframework.web.method.support.InvocableHandlerMethod.doInvoke(InvocableHandlerMethod.java:252)
	at org.springframework.web.method.support.InvocableHandlerMethod.invokeForRequest(InvocableHandlerMethod.java:184)
	at org.springframework.web.servlet.mvc.method.annotation.ServletInvocableHandlerMethod.invokeAndHandle(ServletInvocableHandlerMethod.java:117)
	at org.springframework.web.servlet.mvc.method.annotation.RequestMappingHandlerAdapter.invokeHandlerMethod(RequestMappingHandlerAdapter.java:934)
	at org.springframework.web.servlet.mvc.method.annotation.RequestMappingHandlerAdapter.handleInternal(RequestMappingHandlerAdapter.java:853)
	at org.springframework.web.servlet.mvc.method.AbstractHandlerMethodAdapter.handle(AbstractHandlerMethodAdapter.java:86)
	at org.springframework.web.servlet.DispatcherServlet.doDispatch(DispatcherServlet.java:963)
	at org.springframework.web.servlet.DispatcherServlet.doService(DispatcherServlet.java:866)
	at org.springframework.web.servlet.FrameworkServlet.processRequest(FrameworkServlet.java:1000)
	at org.springframework.web.servlet.FrameworkServlet.doPost(FrameworkServlet.java:903)
	at jakarta.servlet.http.HttpServlet.service(HttpServlet.java:649)
	at org.springframework.web.servlet.FrameworkServlet.service(FrameworkServlet.java:874)
	at jakarta.servlet.http.HttpServlet.service(HttpServlet.java:710)
	at org.apache.catalina.core.ApplicationFilterChain.doFilter(ApplicationFilterChain.java:128)
	at org.apache.tomcat.websocket.server.WsFilter.doFilter(WsFilter.java:53)
	at org.apache.catalina.core.ApplicationFilterChain.doFilter(ApplicationFilterChain.java:107)
	at org.springframework.web.filter.OncePerRequestFilter.doFilter(OncePerRequestFilter.java:110)
	at org.apache.catalina.core.ApplicationFilterChain.doFilter(ApplicationFilterChain.java:107)
	at org.springframework.web.filter.CompositeFilter$VirtualFilterChain.doFilter(CompositeFilter.java:108)
	at org.springframework.security.web.FilterChainProxy.lambda$doFilterInternal$3(FilterChainProxy.java:235)
	at org.springframework.security.web.FilterChainProxy$VirtualFilterChain.doFilter(FilterChainProxy.java:371)
	at org.springframework.security.web.access.intercept.AuthorizationFilter.doFilter(AuthorizationFilter.java:101)
	at org.springframework.security.web.FilterChainProxy$VirtualFilterChain.doFilter(FilterChainProxy.java:380)
	at org.springframework.security.web.access.ExceptionTranslationFilter.doFilter(ExceptionTranslationFilter.java:126)
	at org.springframework.security.web.access.ExceptionTranslationFilter.doFilter(ExceptionTranslationFilter.java:120)
	at org.springframework.security.web.FilterChainProxy$VirtualFilterChain.doFilter(FilterChainProxy.java:380)
	at org.springframework.security.web.authentication.AnonymousAuthenticationFilter.doFilter(AnonymousAuthenticationFilter.java:100)
	at org.springframework.security.web.FilterChainProxy$VirtualFilterChain.doFilter(FilterChainProxy.java:380)
	at org.springframework.security.web.servletapi.SecurityContextHolderAwareRequestFilter.doFilter(SecurityContextHolderAwareRequestFilter.java:181)
	at org.springframework.security.web.FilterChainProxy$VirtualFilterChain.doFilter(FilterChainProxy.java:380)
	at org.springframework.security.web.savedrequest.RequestCacheAwareFilter.doFilter(RequestCacheAwareFilter.java:63)
	at org.springframework.security.web.FilterChainProxy$VirtualFilterChain.doFilter(FilterChainProxy.java:380)
	at com.example.backend.config.JwtFilter.doFilterInternal(JwtFilter.java:71)
	at org.springframework.web.filter.OncePerRequestFilter.doFilter(OncePerRequestFilter.java:116)
	at org.springframework.security.web.FilterChainProxy$VirtualFilterChain.doFilter(FilterChainProxy.java:380)
	at org.springframework.security.web.authentication.logout.LogoutFilter.doFilter(LogoutFilter.java:110)
	at org.springframework.security.web.authentication.logout.LogoutFilter.doFilter(LogoutFilter.java:96)
	at org.springframework.security.web.FilterChainProxy$VirtualFilterChain.doFilter(FilterChainProxy.java:380)
	at org.springframework.web.filter.CorsFilter.doFilterInternal(CorsFilter.java:91)
	at org.springframework.web.filter.OncePerRequestFilter.doFilter(OncePerRequestFilter.java:116)
	at org.springframework.security.web.FilterChainProxy$VirtualFilterChain.doFilter(FilterChainProxy.java:380)
	at org.springframework.security.web.header.HeaderWriterFilter.doHeadersAfter(HeaderWriterFilter.java:90)
	at org.springframework.security.web.header.HeaderWriterFilter.doFilterInternal(HeaderWriterFilter.java:75)
	at org.springframework.web.filter.OncePerRequestFilter.doFilter(OncePerRequestFilter.java:116)
	at org.springframework.security.web.FilterChainProxy$VirtualFilterChain.doFilter(FilterChainProxy.java:380)
	at org.springframework.security.web.context.SecurityContextHolderFilter.doFilter(SecurityContextHolderFilter.java:82)
	at org.springframework.security.web.context.SecurityContextHolderFilter.doFilter(SecurityContextHolderFilter.java:69)
	at org.springframework.security.web.FilterChainProxy$VirtualFilterChain.doFilter(FilterChainProxy.java:380)
	at org.springframework.security.web.context.request.async.WebAsyncManagerIntegrationFilter.doFilterInternal(WebAsyncManagerIntegrationFilter.java:62)
	at org.springframework.web.filter.OncePerRequestFilter.doFilter(OncePerRequestFilter.java:116)
	at org.springframework.security.web.FilterChainProxy$VirtualFilterChain.doFilter(FilterChainProxy.java:380)
	at org.springframework.security.web.session.DisableEncodeUrlFilter.doFilterInternal(DisableEncodeUrlFilter.java:42)
	at org.springframework.web.filter.OncePerRequestFilter.doFilter(OncePerRequestFilter.java:116)
	at org.springframework.security.web.FilterChainProxy$VirtualFilterChain.doFilter(FilterChainProxy.java:380)
	at org.springframework.security.web.FilterChainProxy.doFilterInternal(FilterChainProxy.java:237)
	at org.springframework.security.web.FilterChainProxy.doFilter(FilterChainProxy.java:195)
	at org.springframework.web.filter.CompositeFilter$VirtualFilterChain.doFilter(CompositeFilter.java:113)
	at org.springframework.web.filter.ServletRequestPathFilter.doFilter(ServletRequestPathFilter.java:52)
	at org.springframework.web.filter.CompositeFilter$VirtualFilterChain.doFilter(CompositeFilter.java:113)
	at org.springframework.web.filter.CompositeFilter.doFilter(CompositeFilter.java:74)
	at org.springframework.security.config.annotation.web.configuration.WebSecurityConfiguration$CompositeFilterChainProxy.doFilter(WebSecurityConfiguration.java:317)
	at org.springframework.web.filter.DelegatingFilterProxy.invokeDelegate(DelegatingFilterProxy.java:355)
	at org.springframework.web.filter.DelegatingFilterProxy.doFilter(DelegatingFilterProxy.java:272)
	at org.apache.catalina.core.ApplicationFilterChain.doFilter(ApplicationFilterChain.java:107)
	at org.springframework.web.filter.RequestContextFilter.doFilterInternal(RequestContextFilter.java:100)
	at org.springframework.web.filter.OncePerRequestFilter.doFilter(OncePerRequestFilter.java:116)
	at org.apache.catalina.core.ApplicationFilterChain.doFilter(ApplicationFilterChain.java:107)
	at org.springframework.web.filter.FormContentFilter.doFilterInternal(FormContentFilter.java:93)
	at org.springframework.web.filter.OncePerRequestFilter.doFilter(OncePerRequestFilter.java:116)
	at org.apache.catalina.core.ApplicationFilterChain.doFilter(ApplicationFilterChain.java:107)
	at org.springframework.web.filter.CharacterEncodingFilter.doFilterInternal(CharacterEncodingFilter.java:199)
	at org.springframework.web.filter.OncePerRequestFilter.doFilter(OncePerRequestFilter.java:116)
	at org.apache.catalina.core.ApplicationFilterChain.doFilter(ApplicationFilterChain.java:107)
	at org.apache.catalina.core.StandardWrapperValve.invoke(StandardWrapperValve.java:165)
	at org.apache.catalina.core.StandardContextValve.invoke(StandardContextValve.java:77)
	at org.apache.catalina.authenticator.AuthenticatorBase.invoke(AuthenticatorBase.java:492)
	at org.apache.catalina.core.StandardHostValve.invoke(StandardHostValve.java:113)
	at org.apache.catalina.valves.ErrorReportValve.invoke(ErrorReportValve.java:83)
	at org.apache.catalina.core.StandardEngineValve.invoke(StandardEngineValve.java:72)
	at org.apache.catalina.connector.CoyoteAdapter.service(CoyoteAdapter.java:341)
	at org.apache.coyote.http11.Http11Processor.service(Http11Processor.java:397)
	at org.apache.coyote.AbstractProcessorLight.process(AbstractProcessorLight.java:63)
	at org.apache.coyote.AbstractProtocol$ConnectionHandler.process(AbstractProtocol.java:903)
	at org.apache.tomcat.util.net.NioEndpoint$SocketProcessor.doRun(NioEndpoint.java:1779)
	at org.apache.tomcat.util.net.SocketProcessorBase.run(SocketProcessorBase.java:52)
	at org.apache.tomcat.util.threads.ThreadPoolExecutor.runWorker(ThreadPoolExecutor.java:946)
	at org.apache.tomcat.util.threads.ThreadPoolExecutor$Worker.run(ThreadPoolExecutor.java:480)
	at org.apache.tomcat.util.threads.TaskThread$WrappingRunnable.run(TaskThread.java:57)
	at java.base/java.lang.Thread.run(Thread.java:840)
2026-05-07 17:58:24 [http-nio-8081-exec-7] DEBUG o.s.security.web.FilterChainProxy - Securing GET /error
2026-05-07 17:58:24 [http-nio-8081-exec-7] DEBUG o.s.security.web.FilterChainProxy - Secured GET /error
2026-05-07 17:58:24 [http-nio-8081-exec-7] DEBUG o.s.s.w.a.AnonymousAuthenticationFilter - Set SecurityContextHolder to anonymous SecurityContext
2026-05-07 17:58:30 [http-nio-8081-exec-10] DEBUG o.s.security.web.FilterChainProxy - Securing POST /api/v1/comments
2026-05-07 17:58:30 [http-nio-8081-exec-10] DEBUG o.s.security.web.FilterChainProxy - Secured POST /api/v1/comments
2026-05-07 17:58:30 [http-nio-8081-exec-10] DEBUG o.s.s.a.m.AuthorizationManagerBeforeMethodInterceptor - Authorizing method invocation ReflectiveMethodInvocation: public com.example.backend.dto.response.CommentResponse com.example.backend.controller.CommentController.createComment(java.lang.String,com.example.backend.dto.request.CommentRequest); target is of class [com.example.backend.controller.CommentController]
2026-05-07 17:58:30 [http-nio-8081-exec-10] DEBUG o.s.s.a.m.AuthorizationManagerBeforeMethodInterceptor - Authorized method invocation ReflectiveMethodInvocation: public com.example.backend.dto.response.CommentResponse com.example.backend.controller.CommentController.createComment(java.lang.String,com.example.backend.dto.request.CommentRequest); target is of class [com.example.backend.controller.CommentController]
2026-05-07 17:58:30 [http-nio-8081-exec-10] ERROR o.a.c.c.C.[.[.[.[dispatcherServlet] - Servlet.service() for servlet [dispatcherServlet] in context with path [] threw exception [Request processing failed: java.lang.NullPointerException: Cannot invoke "java.lang.Long.longValue()" because the return value of "com.example.backend.entity.Users.getUnreadNotificationCount()" is null] with root cause
java.lang.NullPointerException: Cannot invoke "java.lang.Long.longValue()" because the return value of "com.example.backend.entity.Users.getUnreadNotificationCount()" is null
	at com.example.backend.service.notification.NotificationService.createPostCommentedNotification(NotificationService.java:73)
	at java.base/jdk.internal.reflect.NativeMethodAccessorImpl.invoke0(Native Method)
	at java.base/jdk.internal.reflect.NativeMethodAccessorImpl.invoke(NativeMethodAccessorImpl.java:77)
	at java.base/jdk.internal.reflect.DelegatingMethodAccessorImpl.invoke(DelegatingMethodAccessorImpl.java:43)
	at java.base/java.lang.reflect.Method.invoke(Method.java:569)
	at org.springframework.aop.support.AopUtils.invokeJoinpointUsingReflection(AopUtils.java:359)
	at org.springframework.aop.framework.ReflectiveMethodInvocation.invokeJoinpoint(ReflectiveMethodInvocation.java:190)
	at org.springframework.aop.framework.ReflectiveMethodInvocation.proceed(ReflectiveMethodInvocation.java:158)
	at org.springframework.transaction.interceptor.TransactionInterceptor$1.proceedWithInvocation(TransactionInterceptor.java:133)
	at org.springframework.transaction.interceptor.TransactionAspectSupport.invokeWithinTransaction(TransactionAspectSupport.java:371)
	at org.springframework.transaction.interceptor.TransactionInterceptor.invoke(TransactionInterceptor.java:130)
	at org.springframework.aop.framework.ReflectiveMethodInvocation.proceed(ReflectiveMethodInvocation.java:179)
	at org.springframework.aop.framework.CglibAopProxy$DynamicAdvisedInterceptor.intercept(CglibAopProxy.java:719)
	at com.example.backend.service.notification.NotificationService$$SpringCGLIB$$0.createPostCommentedNotification(<generated>)
	at com.example.backend.service.comment.impl.CommentServiceImpl.createComment(CommentServiceImpl.java:63)
	at java.base/jdk.internal.reflect.NativeMethodAccessorImpl.invoke0(Native Method)
	at java.base/jdk.internal.reflect.NativeMethodAccessorImpl.invoke(NativeMethodAccessorImpl.java:77)
	at java.base/jdk.internal.reflect.DelegatingMethodAccessorImpl.invoke(DelegatingMethodAccessorImpl.java:43)
	at java.base/java.lang.reflect.Method.invoke(Method.java:569)
	at org.springframework.aop.support.AopUtils.invokeJoinpointUsingReflection(AopUtils.java:359)
	at org.springframework.aop.framework.ReflectiveMethodInvocation.invokeJoinpoint(ReflectiveMethodInvocation.java:190)
	at org.springframework.aop.framework.ReflectiveMethodInvocation.proceed(ReflectiveMethodInvocation.java:158)
	at org.springframework.transaction.interceptor.TransactionInterceptor$1.proceedWithInvocation(TransactionInterceptor.java:133)
	at org.springframework.transaction.interceptor.TransactionAspectSupport.invokeWithinTransaction(TransactionAspectSupport.java:371)
	at org.springframework.transaction.interceptor.TransactionInterceptor.invoke(TransactionInterceptor.java:130)
	at org.springframework.aop.framework.ReflectiveMethodInvocation.proceed(ReflectiveMethodInvocation.java:179)
	at org.springframework.aop.framework.CglibAopProxy$DynamicAdvisedInterceptor.intercept(CglibAopProxy.java:719)
	at com.example.backend.service.comment.impl.CommentServiceImpl$$SpringCGLIB$$0.createComment(<generated>)
	at com.example.backend.controller.CommentController.createComment(CommentController.java:27)
	at java.base/jdk.internal.reflect.NativeMethodAccessorImpl.invoke0(Native Method)
	at java.base/jdk.internal.reflect.NativeMethodAccessorImpl.invoke(NativeMethodAccessorImpl.java:77)
	at java.base/jdk.internal.reflect.DelegatingMethodAccessorImpl.invoke(DelegatingMethodAccessorImpl.java:43)
	at java.base/java.lang.reflect.Method.invoke(Method.java:569)
	at org.springframework.aop.support.AopUtils.invokeJoinpointUsingReflection(AopUtils.java:359)
	at org.springframework.aop.framework.ReflectiveMethodInvocation.invokeJoinpoint(ReflectiveMethodInvocation.java:190)
	at org.springframework.aop.framework.ReflectiveMethodInvocation.proceed(ReflectiveMethodInvocation.java:158)
	at org.springframework.security.authorization.method.AuthorizationManagerBeforeMethodInterceptor.proceed(AuthorizationManagerBeforeMethodInterceptor.java:271)
	at org.springframework.security.authorization.method.AuthorizationManagerBeforeMethodInterceptor.attemptAuthorization(AuthorizationManagerBeforeMethodInterceptor.java:266)
	at org.springframework.security.authorization.method.AuthorizationManagerBeforeMethodInterceptor.invoke(AuthorizationManagerBeforeMethodInterceptor.java:197)
	at org.springframework.security.config.annotation.method.configuration.DeferringMethodInterceptor.invoke(DeferringMethodInterceptor.java:44)
	at org.springframework.aop.framework.ReflectiveMethodInvocation.proceed(ReflectiveMethodInvocation.java:179)
	at org.springframework.aop.framework.CglibAopProxy$DynamicAdvisedInterceptor.intercept(CglibAopProxy.java:719)
	at com.example.backend.controller.CommentController$$SpringCGLIB$$0.createComment(<generated>)
	at java.base/jdk.internal.reflect.NativeMethodAccessorImpl.invoke0(Native Method)
	at java.base/jdk.internal.reflect.NativeMethodAccessorImpl.invoke(NativeMethodAccessorImpl.java:77)
	at java.base/jdk.internal.reflect.DelegatingMethodAccessorImpl.invoke(DelegatingMethodAccessorImpl.java:43)
	at java.base/java.lang.reflect.Method.invoke(Method.java:569)
	at org.springframework.web.method.support.InvocableHandlerMethod.doInvoke(InvocableHandlerMethod.java:252)
	at org.springframework.web.method.support.InvocableHandlerMethod.invokeForRequest(InvocableHandlerMethod.java:184)
	at org.springframework.web.servlet.mvc.method.annotation.ServletInvocableHandlerMethod.invokeAndHandle(ServletInvocableHandlerMethod.java:117)
	at org.springframework.web.servlet.mvc.method.annotation.RequestMappingHandlerAdapter.invokeHandlerMethod(RequestMappingHandlerAdapter.java:934)
	at org.springframework.web.servlet.mvc.method.annotation.RequestMappingHandlerAdapter.handleInternal(RequestMappingHandlerAdapter.java:853)
	at org.springframework.web.servlet.mvc.method.AbstractHandlerMethodAdapter.handle(AbstractHandlerMethodAdapter.java:86)
	at org.springframework.web.servlet.DispatcherServlet.doDispatch(DispatcherServlet.java:963)
	at org.springframework.web.servlet.DispatcherServlet.doService(DispatcherServlet.java:866)
	at org.springframework.web.servlet.FrameworkServlet.processRequest(FrameworkServlet.java:1000)
	at org.springframework.web.servlet.FrameworkServlet.doPost(FrameworkServlet.java:903)
	at jakarta.servlet.http.HttpServlet.service(HttpServlet.java:649)
	at org.springframework.web.servlet.FrameworkServlet.service(FrameworkServlet.java:874)
	at jakarta.servlet.http.HttpServlet.service(HttpServlet.java:710)
	at org.apache.catalina.core.ApplicationFilterChain.doFilter(ApplicationFilterChain.java:128)
	at org.apache.tomcat.websocket.server.WsFilter.doFilter(WsFilter.java:53)
	at org.apache.catalina.core.ApplicationFilterChain.doFilter(ApplicationFilterChain.java:107)
	at org.springframework.web.filter.OncePerRequestFilter.doFilter(OncePerRequestFilter.java:110)
	at org.apache.catalina.core.ApplicationFilterChain.doFilter(ApplicationFilterChain.java:107)
	at org.springframework.web.filter.CompositeFilter$VirtualFilterChain.doFilter(CompositeFilter.java:108)
	at org.springframework.security.web.FilterChainProxy.lambda$doFilterInternal$3(FilterChainProxy.java:235)
	at org.springframework.security.web.FilterChainProxy$VirtualFilterChain.doFilter(FilterChainProxy.java:371)
	at org.springframework.security.web.access.intercept.AuthorizationFilter.doFilter(AuthorizationFilter.java:101)
	at org.springframework.security.web.FilterChainProxy$VirtualFilterChain.doFilter(FilterChainProxy.java:380)
	at org.springframework.security.web.access.ExceptionTranslationFilter.doFilter(ExceptionTranslationFilter.java:126)
	at org.springframework.security.web.access.ExceptionTranslationFilter.doFilter(ExceptionTranslationFilter.java:120)
	at org.springframework.security.web.FilterChainProxy$VirtualFilterChain.doFilter(FilterChainProxy.java:380)
	at org.springframework.security.web.authentication.AnonymousAuthenticationFilter.doFilter(AnonymousAuthenticationFilter.java:100)
	at org.springframework.security.web.FilterChainProxy$VirtualFilterChain.doFilter(FilterChainProxy.java:380)
	at org.springframework.security.web.servletapi.SecurityContextHolderAwareRequestFilter.doFilter(SecurityContextHolderAwareRequestFilter.java:181)
	at org.springframework.security.web.FilterChainProxy$VirtualFilterChain.doFilter(FilterChainProxy.java:380)
	at org.springframework.security.web.savedrequest.RequestCacheAwareFilter.doFilter(RequestCacheAwareFilter.java:63)
	at org.springframework.security.web.FilterChainProxy$VirtualFilterChain.doFilter(FilterChainProxy.java:380)
	at com.example.backend.config.JwtFilter.doFilterInternal(JwtFilter.java:71)
	at org.springframework.web.filter.OncePerRequestFilter.doFilter(OncePerRequestFilter.java:116)
	at org.springframework.security.web.FilterChainProxy$VirtualFilterChain.doFilter(FilterChainProxy.java:380)
	at org.springframework.security.web.authentication.logout.LogoutFilter.doFilter(LogoutFilter.java:110)
	at org.springframework.security.web.authentication.logout.LogoutFilter.doFilter(LogoutFilter.java:96)
	at org.springframework.security.web.FilterChainProxy$VirtualFilterChain.doFilter(FilterChainProxy.java:380)
	at org.springframework.web.filter.CorsFilter.doFilterInternal(CorsFilter.java:91)
	at org.springframework.web.filter.OncePerRequestFilter.doFilter(OncePerRequestFilter.java:116)
	at org.springframework.security.web.FilterChainProxy$VirtualFilterChain.doFilter(FilterChainProxy.java:380)
	at org.springframework.security.web.header.HeaderWriterFilter.doHeadersAfter(HeaderWriterFilter.java:90)
	at org.springframework.security.web.header.HeaderWriterFilter.doFilterInternal(HeaderWriterFilter.java:75)
	at org.springframework.web.filter.OncePerRequestFilter.doFilter(OncePerRequestFilter.java:116)
	at org.springframework.security.web.FilterChainProxy$VirtualFilterChain.doFilter(FilterChainProxy.java:380)
	at org.springframework.security.web.context.SecurityContextHolderFilter.doFilter(SecurityContextHolderFilter.java:82)
	at org.springframework.security.web.context.SecurityContextHolderFilter.doFilter(SecurityContextHolderFilter.java:69)
	at org.springframework.security.web.FilterChainProxy$VirtualFilterChain.doFilter(FilterChainProxy.java:380)
	at org.springframework.security.web.context.request.async.WebAsyncManagerIntegrationFilter.doFilterInternal(WebAsyncManagerIntegrationFilter.java:62)
	at org.springframework.web.filter.OncePerRequestFilter.doFilter(OncePerRequestFilter.java:116)
	at org.springframework.security.web.FilterChainProxy$VirtualFilterChain.doFilter(FilterChainProxy.java:380)
	at org.springframework.security.web.session.DisableEncodeUrlFilter.doFilterInternal(DisableEncodeUrlFilter.java:42)
	at org.springframework.web.filter.OncePerRequestFilter.doFilter(OncePerRequestFilter.java:116)
	at org.springframework.security.web.FilterChainProxy$VirtualFilterChain.doFilter(FilterChainProxy.java:380)
	at org.springframework.security.web.FilterChainProxy.doFilterInternal(FilterChainProxy.java:237)
	at org.springframework.security.web.FilterChainProxy.doFilter(FilterChainProxy.java:195)
	at org.springframework.web.filter.CompositeFilter$VirtualFilterChain.doFilter(CompositeFilter.java:113)
	at org.springframework.web.filter.ServletRequestPathFilter.doFilter(ServletRequestPathFilter.java:52)
	at org.springframework.web.filter.CompositeFilter$VirtualFilterChain.doFilter(CompositeFilter.java:113)
	at org.springframework.web.filter.CompositeFilter.doFilter(CompositeFilter.java:74)
	at org.springframework.security.config.annotation.web.configuration.WebSecurityConfiguration$CompositeFilterChainProxy.doFilter(WebSecurityConfiguration.java:317)
	at org.springframework.web.filter.DelegatingFilterProxy.invokeDelegate(DelegatingFilterProxy.java:355)
	at org.springframework.web.filter.DelegatingFilterProxy.doFilter(DelegatingFilterProxy.java:272)
	at org.apache.catalina.core.ApplicationFilterChain.doFilter(ApplicationFilterChain.java:107)
	at org.springframework.web.filter.RequestContextFilter.doFilterInternal(RequestContextFilter.java:100)
	at org.springframework.web.filter.OncePerRequestFilter.doFilter(OncePerRequestFilter.java:116)
	at org.apache.catalina.core.ApplicationFilterChain.doFilter(ApplicationFilterChain.java:107)
	at org.springframework.web.filter.FormContentFilter.doFilterInternal(FormContentFilter.java:93)
	at org.springframework.web.filter.OncePerRequestFilter.doFilter(OncePerRequestFilter.java:116)
	at org.apache.catalina.core.ApplicationFilterChain.doFilter(ApplicationFilterChain.java:107)
	at org.springframework.web.filter.CharacterEncodingFilter.doFilterInternal(CharacterEncodingFilter.java:199)
	at org.springframework.web.filter.OncePerRequestFilter.doFilter(OncePerRequestFilter.java:116)
	at org.apache.catalina.core.ApplicationFilterChain.doFilter(ApplicationFilterChain.java:107)
	at org.apache.catalina.core.StandardWrapperValve.invoke(StandardWrapperValve.java:165)
	at org.apache.catalina.core.StandardContextValve.invoke(StandardContextValve.java:77)
	at org.apache.catalina.authenticator.AuthenticatorBase.invoke(AuthenticatorBase.java:492)
	at org.apache.catalina.core.StandardHostValve.invoke(StandardHostValve.java:113)
	at org.apache.catalina.valves.ErrorReportValve.invoke(ErrorReportValve.java:83)
	at org.apache.catalina.core.StandardEngineValve.invoke(StandardEngineValve.java:72)
	at org.apache.catalina.connector.CoyoteAdapter.service(CoyoteAdapter.java:341)
	at org.apache.coyote.http11.Http11Processor.service(Http11Processor.java:397)
	at org.apache.coyote.AbstractProcessorLight.process(AbstractProcessorLight.java:63)
	at org.apache.coyote.AbstractProtocol$ConnectionHandler.process(AbstractProtocol.java:903)
	at org.apache.tomcat.util.net.NioEndpoint$SocketProcessor.doRun(NioEndpoint.java:1779)
	at org.apache.tomcat.util.net.SocketProcessorBase.run(SocketProcessorBase.java:52)
	at org.apache.tomcat.util.threads.ThreadPoolExecutor.runWorker(ThreadPoolExecutor.java:946)
	at org.apache.tomcat.util.threads.ThreadPoolExecutor$Worker.run(ThreadPoolExecutor.java:480)
	at org.apache.tomcat.util.threads.TaskThread$WrappingRunnable.run(TaskThread.java:57)
	at java.base/java.lang.Thread.run(Thread.java:840)
2026-05-07 17:58:30 [http-nio-8081-exec-10] DEBUG o.s.security.web.FilterChainProxy - Securing GET /error
2026-05-07 17:58:30 [http-nio-8081-exec-10] DEBUG o.s.security.web.FilterChainProxy - Secured GET /error
2026-05-07 17:58:30 [http-nio-8081-exec-10] DEBUG o.s.s.w.a.AnonymousAuthenticationFilter - Set SecurityContextHolder to anonymous SecurityContext
2026-05-07 17:58:30 [http-nio-8081-exec-2] DEBUG o.s.security.web.FilterChainProxy - Securing GET /api/v1/comments/post/08050bbb-abd0-4294-ac5d-9f2d58c7540d
2026-05-07 17:58:30 [http-nio-8081-exec-2] DEBUG o.s.security.web.FilterChainProxy - Secured GET /api/v1/comments/post/08050bbb-abd0-4294-ac5d-9f2d58c7540d
2026-05-07 17:58:34 [http-nio-8081-exec-9] DEBUG o.s.security.web.FilterChainProxy - Securing GET /api/v1/notifications/unread-count
2026-05-07 17:58:34 [http-nio-8081-exec-9] DEBUG o.s.security.web.FilterChainProxy - Secured GET /api/v1/notifications/unread-count
2026-05-07 17:58:34 [http-nio-8081-exec-9] DEBUG o.s.s.a.m.AuthorizationManagerBeforeMethodInterceptor - Authorizing method invocation ReflectiveMethodInvocation: public java.lang.Long com.example.backend.controller.NotificationController.getUnreadCount(java.lang.String); target is of class [com.example.backend.controller.NotificationController]
2026-05-07 17:58:34 [http-nio-8081-exec-9] DEBUG o.s.s.a.m.AuthorizationManagerBeforeMethodInterceptor - Authorized method invocation ReflectiveMethodInvocation: public java.lang.Long com.example.backend.controller.NotificationController.getUnreadCount(java.lang.String); target is of class [com.example.backend.controller.NotificationController]
2026-05-07 17:58:40 [http-nio-8081-exec-8] DEBUG o.s.security.web.FilterChainProxy - Securing GET /api/v1/comments/post/08050bbb-abd0-4294-ac5d-9f2d58c7540d
2026-05-07 17:58:40 [http-nio-8081-exec-8] DEBUG o.s.security.web.FilterChainProxy - Secured GET /api/v1/comments/post/08050bbb-abd0-4294-ac5d-9f2d58c7540d
2026-05-07 17:58:42 [http-nio-8081-exec-5] DEBUG o.s.security.web.FilterChainProxy - Securing POST /api/v1/comments
2026-05-07 17:58:42 [http-nio-8081-exec-5] DEBUG o.s.security.web.FilterChainProxy - Secured POST /api/v1/comments
2026-05-07 17:58:42 [http-nio-8081-exec-5] DEBUG o.s.s.a.m.AuthorizationManagerBeforeMethodInterceptor - Authorizing method invocation ReflectiveMethodInvocation: public com.example.backend.dto.response.CommentResponse com.example.backend.controller.CommentController.createComment(java.lang.String,com.example.backend.dto.request.CommentRequest); target is of class [com.example.backend.controller.CommentController]
2026-05-07 17:58:42 [http-nio-8081-exec-5] DEBUG o.s.s.a.m.AuthorizationManagerBeforeMethodInterceptor - Authorized method invocation ReflectiveMethodInvocation: public com.example.backend.dto.response.CommentResponse com.example.backend.controller.CommentController.createComment(java.lang.String,com.example.backend.dto.request.CommentRequest); target is of class [com.example.backend.controller.CommentController]
2026-05-07 17:58:42 [http-nio-8081-exec-5] ERROR o.a.c.c.C.[.[.[.[dispatcherServlet] - Servlet.service() for servlet [dispatcherServlet] in context with path [] threw exception [Request processing failed: java.lang.NullPointerException: Cannot invoke "java.lang.Long.longValue()" because the return value of "com.example.backend.entity.Users.getUnreadNotificationCount()" is null] with root cause
java.lang.NullPointerException: Cannot invoke "java.lang.Long.longValue()" because the return value of "com.example.backend.entity.Users.getUnreadNotificationCount()" is null
	at com.example.backend.service.notification.NotificationService.createPostCommentedNotification(NotificationService.java:73)
	at java.base/jdk.internal.reflect.NativeMethodAccessorImpl.invoke0(Native Method)
	at java.base/jdk.internal.reflect.NativeMethodAccessorImpl.invoke(NativeMethodAccessorImpl.java:77)
	at java.base/jdk.internal.reflect.DelegatingMethodAccessorImpl.invoke(DelegatingMethodAccessorImpl.java:43)
	at java.base/java.lang.reflect.Method.invoke(Method.java:569)
	at org.springframework.aop.support.AopUtils.invokeJoinpointUsingReflection(AopUtils.java:359)
	at org.springframework.aop.framework.ReflectiveMethodInvocation.invokeJoinpoint(ReflectiveMethodInvocation.java:190)
	at org.springframework.aop.framework.ReflectiveMethodInvocation.proceed(ReflectiveMethodInvocation.java:158)
	at org.springframework.transaction.interceptor.TransactionInterceptor$1.proceedWithInvocation(TransactionInterceptor.java:133)
	at org.springframework.transaction.interceptor.TransactionAspectSupport.invokeWithinTransaction(TransactionAspectSupport.java:371)
	at org.springframework.transaction.interceptor.TransactionInterceptor.invoke(TransactionInterceptor.java:130)
	at org.springframework.aop.framework.ReflectiveMethodInvocation.proceed(ReflectiveMethodInvocation.java:179)
	at org.springframework.aop.framework.CglibAopProxy$DynamicAdvisedInterceptor.intercept(CglibAopProxy.java:719)
	at com.example.backend.service.notification.NotificationService$$SpringCGLIB$$0.createPostCommentedNotification(<generated>)
	at com.example.backend.service.comment.impl.CommentServiceImpl.createComment(CommentServiceImpl.java:63)
	at java.base/jdk.internal.reflect.NativeMethodAccessorImpl.invoke0(Native Method)
	at java.base/jdk.internal.reflect.NativeMethodAccessorImpl.invoke(NativeMethodAccessorImpl.java:77)
	at java.base/jdk.internal.reflect.DelegatingMethodAccessorImpl.invoke(DelegatingMethodAccessorImpl.java:43)
	at java.base/java.lang.reflect.Method.invoke(Method.java:569)
	at org.springframework.aop.support.AopUtils.invokeJoinpointUsingReflection(AopUtils.java:359)
	at org.springframework.aop.framework.ReflectiveMethodInvocation.invokeJoinpoint(ReflectiveMethodInvocation.java:190)
	at org.springframework.aop.framework.ReflectiveMethodInvocation.proceed(ReflectiveMethodInvocation.java:158)
	at org.springframework.transaction.interceptor.TransactionInterceptor$1.proceedWithInvocation(TransactionInterceptor.java:133)
	at org.springframework.transaction.interceptor.TransactionAspectSupport.invokeWithinTransaction(TransactionAspectSupport.java:371)
	at org.springframework.transaction.interceptor.TransactionInterceptor.invoke(TransactionInterceptor.java:130)
	at org.springframework.aop.framework.ReflectiveMethodInvocation.proceed(ReflectiveMethodInvocation.java:179)
	at org.springframework.aop.framework.CglibAopProxy$DynamicAdvisedInterceptor.intercept(CglibAopProxy.java:719)
	at com.example.backend.service.comment.impl.CommentServiceImpl$$SpringCGLIB$$0.createComment(<generated>)
	at com.example.backend.controller.CommentController.createComment(CommentController.java:27)
	at java.base/jdk.internal.reflect.NativeMethodAccessorImpl.invoke0(Native Method)
	at java.base/jdk.internal.reflect.NativeMethodAccessorImpl.invoke(NativeMethodAccessorImpl.java:77)
	at java.base/jdk.internal.reflect.DelegatingMethodAccessorImpl.invoke(DelegatingMethodAccessorImpl.java:43)
	at java.base/java.lang.reflect.Method.invoke(Method.java:569)
	at org.springframework.aop.support.AopUtils.invokeJoinpointUsingReflection(AopUtils.java:359)
	at org.springframework.aop.framework.ReflectiveMethodInvocation.invokeJoinpoint(ReflectiveMethodInvocation.java:190)
	at org.springframework.aop.framework.ReflectiveMethodInvocation.proceed(ReflectiveMethodInvocation.java:158)
	at org.springframework.security.authorization.method.AuthorizationManagerBeforeMethodInterceptor.proceed(AuthorizationManagerBeforeMethodInterceptor.java:271)
	at org.springframework.security.authorization.method.AuthorizationManagerBeforeMethodInterceptor.attemptAuthorization(AuthorizationManagerBeforeMethodInterceptor.java:266)
	at org.springframework.security.authorization.method.AuthorizationManagerBeforeMethodInterceptor.invoke(AuthorizationManagerBeforeMethodInterceptor.java:197)
	at org.springframework.security.config.annotation.method.configuration.DeferringMethodInterceptor.invoke(DeferringMethodInterceptor.java:44)
	at org.springframework.aop.framework.ReflectiveMethodInvocation.proceed(ReflectiveMethodInvocation.java:179)
	at org.springframework.aop.framework.CglibAopProxy$DynamicAdvisedInterceptor.intercept(CglibAopProxy.java:719)
	at com.example.backend.controller.CommentController$$SpringCGLIB$$0.createComment(<generated>)
	at java.base/jdk.internal.reflect.NativeMethodAccessorImpl.invoke0(Native Method)
	at java.base/jdk.internal.reflect.NativeMethodAccessorImpl.invoke(NativeMethodAccessorImpl.java:77)
	at java.base/jdk.internal.reflect.DelegatingMethodAccessorImpl.invoke(DelegatingMethodAccessorImpl.java:43)
	at java.base/java.lang.reflect.Method.invoke(Method.java:569)
	at org.springframework.web.method.support.InvocableHandlerMethod.doInvoke(InvocableHandlerMethod.java:252)
	at org.springframework.web.method.support.InvocableHandlerMethod.invokeForRequest(InvocableHandlerMethod.java:184)
	at org.springframework.web.servlet.mvc.method.annotation.ServletInvocableHandlerMethod.invokeAndHandle(ServletInvocableHandlerMethod.java:117)
	at org.springframework.web.servlet.mvc.method.annotation.RequestMappingHandlerAdapter.invokeHandlerMethod(RequestMappingHandlerAdapter.java:934)
	at org.springframework.web.servlet.mvc.method.annotation.RequestMappingHandlerAdapter.handleInternal(RequestMappingHandlerAdapter.java:853)
	at org.springframework.web.servlet.mvc.method.AbstractHandlerMethodAdapter.handle(AbstractHandlerMethodAdapter.java:86)
	at org.springframework.web.servlet.DispatcherServlet.doDispatch(DispatcherServlet.java:963)
	at org.springframework.web.servlet.DispatcherServlet.doService(DispatcherServlet.java:866)
	at org.springframework.web.servlet.FrameworkServlet.processRequest(FrameworkServlet.java:1000)
	at org.springframework.web.servlet.FrameworkServlet.doPost(FrameworkServlet.java:903)
	at jakarta.servlet.http.HttpServlet.service(HttpServlet.java:649)
	at org.springframework.web.servlet.FrameworkServlet.service(FrameworkServlet.java:874)
	at jakarta.servlet.http.HttpServlet.service(HttpServlet.java:710)
	at org.apache.catalina.core.ApplicationFilterChain.doFilter(ApplicationFilterChain.java:128)
	at org.apache.tomcat.websocket.server.WsFilter.doFilter(WsFilter.java:53)
	at org.apache.catalina.core.ApplicationFilterChain.doFilter(ApplicationFilterChain.java:107)
	at org.springframework.web.filter.OncePerRequestFilter.doFilter(OncePerRequestFilter.java:110)
	at org.apache.catalina.core.ApplicationFilterChain.doFilter(ApplicationFilterChain.java:107)
	at org.springframework.web.filter.CompositeFilter$VirtualFilterChain.doFilter(CompositeFilter.java:108)
	at org.springframework.security.web.FilterChainProxy.lambda$doFilterInternal$3(FilterChainProxy.java:235)
	at org.springframework.security.web.FilterChainProxy$VirtualFilterChain.doFilter(FilterChainProxy.java:371)
	at org.springframework.security.web.access.intercept.AuthorizationFilter.doFilter(AuthorizationFilter.java:101)
	at org.springframework.security.web.FilterChainProxy$VirtualFilterChain.doFilter(FilterChainProxy.java:380)
	at org.springframework.security.web.access.ExceptionTranslationFilter.doFilter(ExceptionTranslationFilter.java:126)
	at org.springframework.security.web.access.ExceptionTranslationFilter.doFilter(ExceptionTranslationFilter.java:120)
	at org.springframework.security.web.FilterChainProxy$VirtualFilterChain.doFilter(FilterChainProxy.java:380)
	at org.springframework.security.web.authentication.AnonymousAuthenticationFilter.doFilter(AnonymousAuthenticationFilter.java:100)
	at org.springframework.security.web.FilterChainProxy$VirtualFilterChain.doFilter(FilterChainProxy.java:380)
	at org.springframework.security.web.servletapi.SecurityContextHolderAwareRequestFilter.doFilter(SecurityContextHolderAwareRequestFilter.java:181)
	at org.springframework.security.web.FilterChainProxy$VirtualFilterChain.doFilter(FilterChainProxy.java:380)
	at org.springframework.security.web.savedrequest.RequestCacheAwareFilter.doFilter(RequestCacheAwareFilter.java:63)
	at org.springframework.security.web.FilterChainProxy$VirtualFilterChain.doFilter(FilterChainProxy.java:380)
	at com.example.backend.config.JwtFilter.doFilterInternal(JwtFilter.java:71)
	at org.springframework.web.filter.OncePerRequestFilter.doFilter(OncePerRequestFilter.java:116)
	at org.springframework.security.web.FilterChainProxy$VirtualFilterChain.doFilter(FilterChainProxy.java:380)
	at org.springframework.security.web.authentication.logout.LogoutFilter.doFilter(LogoutFilter.java:110)
	at org.springframework.security.web.authentication.logout.LogoutFilter.doFilter(LogoutFilter.java:96)
	at org.springframework.security.web.FilterChainProxy$VirtualFilterChain.doFilter(FilterChainProxy.java:380)
	at org.springframework.web.filter.CorsFilter.doFilterInternal(CorsFilter.java:91)
	at org.springframework.web.filter.OncePerRequestFilter.doFilter(OncePerRequestFilter.java:116)
	at org.springframework.security.web.FilterChainProxy$VirtualFilterChain.doFilter(FilterChainProxy.java:380)
	at org.springframework.security.web.header.HeaderWriterFilter.doHeadersAfter(HeaderWriterFilter.java:90)
	at org.springframework.security.web.header.HeaderWriterFilter.doFilterInternal(HeaderWriterFilter.java:75)
	at org.springframework.web.filter.OncePerRequestFilter.doFilter(OncePerRequestFilter.java:116)
	at org.springframework.security.web.FilterChainProxy$VirtualFilterChain.doFilter(FilterChainProxy.java:380)
	at org.springframework.security.web.context.SecurityContextHolderFilter.doFilter(SecurityContextHolderFilter.java:82)
	at org.springframework.security.web.context.SecurityContextHolderFilter.doFilter(SecurityContextHolderFilter.java:69)
	at org.springframework.security.web.FilterChainProxy$VirtualFilterChain.doFilter(FilterChainProxy.java:380)
	at org.springframework.security.web.context.request.async.WebAsyncManagerIntegrationFilter.doFilterInternal(WebAsyncManagerIntegrationFilter.java:62)
	at org.springframework.web.filter.OncePerRequestFilter.doFilter(OncePerRequestFilter.java:116)
	at org.springframework.security.web.FilterChainProxy$VirtualFilterChain.doFilter(FilterChainProxy.java:380)
	at org.springframework.security.web.session.DisableEncodeUrlFilter.doFilterInternal(DisableEncodeUrlFilter.java:42)
	at org.springframework.web.filter.OncePerRequestFilter.doFilter(OncePerRequestFilter.java:116)
	at org.springframework.security.web.FilterChainProxy$VirtualFilterChain.doFilter(FilterChainProxy.java:380)
	at org.springframework.security.web.FilterChainProxy.doFilterInternal(FilterChainProxy.java:237)
	at org.springframework.security.web.FilterChainProxy.doFilter(FilterChainProxy.java:195)
	at org.springframework.web.filter.CompositeFilter$VirtualFilterChain.doFilter(CompositeFilter.java:113)
	at org.springframework.web.filter.ServletRequestPathFilter.doFilter(ServletRequestPathFilter.java:52)
	at org.springframework.web.filter.CompositeFilter$VirtualFilterChain.doFilter(CompositeFilter.java:113)
	at org.springframework.web.filter.CompositeFilter.doFilter(CompositeFilter.java:74)
	at org.springframework.security.config.annotation.web.configuration.WebSecurityConfiguration$CompositeFilterChainProxy.doFilter(WebSecurityConfiguration.java:317)
	at org.springframework.web.filter.DelegatingFilterProxy.invokeDelegate(DelegatingFilterProxy.java:355)
	at org.springframework.web.filter.DelegatingFilterProxy.doFilter(DelegatingFilterProxy.java:272)
	at org.apache.catalina.core.ApplicationFilterChain.doFilter(ApplicationFilterChain.java:107)
	at org.springframework.web.filter.RequestContextFilter.doFilterInternal(RequestContextFilter.java:100)
	at org.springframework.web.filter.OncePerRequestFilter.doFilter(OncePerRequestFilter.java:116)
	at org.apache.catalina.core.ApplicationFilterChain.doFilter(ApplicationFilterChain.java:107)
	at org.springframework.web.filter.FormContentFilter.doFilterInternal(FormContentFilter.java:93)
	at org.springframework.web.filter.OncePerRequestFilter.doFilter(OncePerRequestFilter.java:116)
	at org.apache.catalina.core.ApplicationFilterChain.doFilter(ApplicationFilterChain.java:107)
	at org.springframework.web.filter.CharacterEncodingFilter.doFilterInternal(CharacterEncodingFilter.java:199)
	at org.springframework.web.filter.OncePerRequestFilter.doFilter(OncePerRequestFilter.java:116)
	at org.apache.catalina.core.ApplicationFilterChain.doFilter(ApplicationFilterChain.java:107)
	at org.apache.catalina.core.StandardWrapperValve.invoke(StandardWrapperValve.java:165)
	at org.apache.catalina.core.StandardContextValve.invoke(StandardContextValve.java:77)
	at org.apache.catalina.authenticator.AuthenticatorBase.invoke(AuthenticatorBase.java:492)
	at org.apache.catalina.core.StandardHostValve.invoke(StandardHostValve.java:113)
	at org.apache.catalina.valves.ErrorReportValve.invoke(ErrorReportValve.java:83)
	at org.apache.catalina.core.StandardEngineValve.invoke(StandardEngineValve.java:72)
	at org.apache.catalina.connector.CoyoteAdapter.service(CoyoteAdapter.java:341)
	at org.apache.coyote.http11.Http11Processor.service(Http11Processor.java:397)
	at org.apache.coyote.AbstractProcessorLight.process(AbstractProcessorLight.java:63)
	at org.apache.coyote.AbstractProtocol$ConnectionHandler.process(AbstractProtocol.java:903)
	at org.apache.tomcat.util.net.NioEndpoint$SocketProcessor.doRun(NioEndpoint.java:1779)
	at org.apache.tomcat.util.net.SocketProcessorBase.run(SocketProcessorBase.java:52)
	at org.apache.tomcat.util.threads.ThreadPoolExecutor.runWorker(ThreadPoolExecutor.java:946)
	at org.apache.tomcat.util.threads.ThreadPoolExecutor$Worker.run(ThreadPoolExecutor.java:480)
	at org.apache.tomcat.util.threads.TaskThread$WrappingRunnable.run(TaskThread.java:57)
	at java.base/java.lang.Thread.run(Thread.java:840)
2026-05-07 17:58:42 [http-nio-8081-exec-5] DEBUG o.s.security.web.FilterChainProxy - Securing GET /error
2026-05-07 17:58:42 [http-nio-8081-exec-5] DEBUG o.s.security.web.FilterChainProxy - Secured GET /error
2026-05-07 17:58:42 [http-nio-8081-exec-5] DEBUG o.s.s.w.a.AnonymousAuthenticationFilter - Set SecurityContextHolder to anonymous SecurityContext
2026-05-07 17:58:49 [http-nio-8081-exec-4] DEBUG o.s.security.web.FilterChainProxy - Securing GET /api/v1/notifications/unread-count
2026-05-07 17:58:49 [http-nio-8081-exec-4] DEBUG o.s.security.web.FilterChainProxy - Secured GET /api/v1/notifications/unread-count
2026-05-07 17:58:49 [http-nio-8081-exec-4] DEBUG o.s.s.a.m.AuthorizationManagerBeforeMethodInterceptor - Authorizing method invocation ReflectiveMethodInvocation: public java.lang.Long com.example.backend.controller.NotificationController.getUnreadCount(java.lang.String); target is of class [com.example.backend.controller.NotificationController]
2026-05-07 17:58:49 [http-nio-8081-exec-4] DEBUG o.s.s.a.m.AuthorizationManagerBeforeMethodInterceptor - Authorized method invocation ReflectiveMethodInvocation: public java.lang.Long com.example.backend.controller.NotificationController.getUnreadCount(java.lang.String); target is of class [com.example.backend.controller.NotificationController]
2026-05-07 17:58:50 [http-nio-8081-exec-6] DEBUG o.s.security.web.FilterChainProxy - Securing GET /api/v1/comments/post/08050bbb-abd0-4294-ac5d-9f2d58c7540d
2026-05-07 17:58:50 [http-nio-8081-exec-6] DEBUG o.s.security.web.FilterChainProxy - Secured GET /api/v1/comments/post/08050bbb-abd0-4294-ac5d-9f2d58c7540d
2026-05-07 17:58:59 [http-nio-8081-exec-1] DEBUG o.s.security.web.FilterChainProxy - Securing GET /api/v1/notifications/unread-count
2026-05-07 17:58:59 [http-nio-8081-exec-1] DEBUG o.s.security.web.FilterChainProxy - Secured GET /api/v1/notifications/unread-count
2026-05-07 17:58:59 [http-nio-8081-exec-1] DEBUG o.s.s.a.m.AuthorizationManagerBeforeMethodInterceptor - Authorizing method invocation ReflectiveMethodInvocation: public java.lang.Long com.example.backend.controller.NotificationController.getUnreadCount(java.lang.String); target is of class [com.example.backend.controller.NotificationController]
2026-05-07 17:58:59 [http-nio-8081-exec-1] DEBUG o.s.s.a.m.AuthorizationManagerBeforeMethodInterceptor - Authorized method invocation ReflectiveMethodInvocation: public java.lang.Long com.example.backend.controller.NotificationController.getUnreadCount(java.lang.String); target is of class [com.example.backend.controller.NotificationController]
2026-05-07 17:59:00 [http-nio-8081-exec-3] DEBUG o.s.security.web.FilterChainProxy - Securing GET /api/v1/comments/post/08050bbb-abd0-4294-ac5d-9f2d58c7540d
2026-05-07 17:59:00 [http-nio-8081-exec-3] DEBUG o.s.security.web.FilterChainProxy - Secured GET /api/v1/comments/post/08050bbb-abd0-4294-ac5d-9f2d58c7540d
2026-05-07 17:59:04 [http-nio-8081-exec-7] DEBUG o.s.security.web.FilterChainProxy - Securing GET /api/v1/notifications/unread-count
2026-05-07 17:59:04 [http-nio-8081-exec-7] DEBUG o.s.security.web.FilterChainProxy - Secured GET /api/v1/notifications/unread-count
2026-05-07 17:59:04 [http-nio-8081-exec-7] DEBUG o.s.s.a.m.AuthorizationManagerBeforeMethodInterceptor - Authorizing method invocation ReflectiveMethodInvocation: public java.lang.Long com.example.backend.controller.NotificationController.getUnreadCount(java.lang.String); target is of class [com.example.backend.controller.NotificationController]
2026-05-07 17:59:04 [http-nio-8081-exec-7] DEBUG o.s.s.a.m.AuthorizationManagerBeforeMethodInterceptor - Authorized method invocation ReflectiveMethodInvocation: public java.lang.Long com.example.backend.controller.NotificationController.getUnreadCount(java.lang.String); target is of class [com.example.backend.controller.NotificationController]
2026-05-07 17:59:11 [http-nio-8081-exec-10] DEBUG o.s.security.web.FilterChainProxy - Securing OPTIONS /api/v1/posts/08050bbb-abd0-4294-ac5d-9f2d58c7540d
2026-05-07 17:59:11 [http-nio-8081-exec-2] DEBUG o.s.security.web.FilterChainProxy - Securing GET /api/v1/posts/08050bbb-abd0-4294-ac5d-9f2d58c7540d
2026-05-07 17:59:11 [http-nio-8081-exec-2] DEBUG o.s.security.web.FilterChainProxy - Secured GET /api/v1/posts/08050bbb-abd0-4294-ac5d-9f2d58c7540d
2026-05-07 17:59:11 [http-nio-8081-exec-9] DEBUG o.s.security.web.FilterChainProxy - Securing GET /users/me
2026-05-07 17:59:11 [http-nio-8081-exec-9] DEBUG o.s.security.web.FilterChainProxy - Secured GET /users/me
2026-05-07 17:59:11 [http-nio-8081-exec-8] DEBUG o.s.security.web.FilterChainProxy - Securing GET /api/v1/comments/post/08050bbb-abd0-4294-ac5d-9f2d58c7540d
2026-05-07 17:59:11 [http-nio-8081-exec-8] DEBUG o.s.security.web.FilterChainProxy - Secured GET /api/v1/comments/post/08050bbb-abd0-4294-ac5d-9f2d58c7540d
2026-05-07 17:59:11 [http-nio-8081-exec-5] DEBUG o.s.security.web.FilterChainProxy - Securing GET /api/v1/notifications/unread-count
2026-05-07 17:59:11 [http-nio-8081-exec-5] DEBUG o.s.security.web.FilterChainProxy - Secured GET /api/v1/notifications/unread-count
2026-05-07 17:59:11 [http-nio-8081-exec-5] DEBUG o.s.s.a.m.AuthorizationManagerBeforeMethodInterceptor - Authorizing method invocation ReflectiveMethodInvocation: public java.lang.Long com.example.backend.controller.NotificationController.getUnreadCount(java.lang.String); target is of class [com.example.backend.controller.NotificationController]
2026-05-07 17:59:11 [http-nio-8081-exec-5] DEBUG o.s.s.a.m.AuthorizationManagerBeforeMethodInterceptor - Authorized method invocation ReflectiveMethodInvocation: public java.lang.Long com.example.backend.controller.NotificationController.getUnreadCount(java.lang.String); target is of class [com.example.backend.controller.NotificationController]
2026-05-07 17:59:11 [http-nio-8081-exec-4] DEBUG o.s.security.web.FilterChainProxy - Securing GET /api/v1/posts/08050bbb-abd0-4294-ac5d-9f2d58c7540d?viewerId=2ea069b0-fdb0-46f0-81d1-a6502ebfcce5
2026-05-07 17:59:11 [http-nio-8081-exec-4] DEBUG o.s.security.web.FilterChainProxy - Secured GET /api/v1/posts/08050bbb-abd0-4294-ac5d-9f2d58c7540d?viewerId=2ea069b0-fdb0-46f0-81d1-a6502ebfcce5
2026-05-07 17:59:11 [http-nio-8081-exec-6] DEBUG o.s.security.web.FilterChainProxy - Securing GET /api/v1/comments/post/08050bbb-abd0-4294-ac5d-9f2d58c7540d
2026-05-07 17:59:11 [http-nio-8081-exec-6] DEBUG o.s.security.web.FilterChainProxy - Secured GET /api/v1/comments/post/08050bbb-abd0-4294-ac5d-9f2d58c7540d
2026-05-07 17:59:12 [http-nio-8081-exec-1] DEBUG o.s.security.web.FilterChainProxy - Securing GET /api/locations/7a362581-f0df-43d4-b7c7-074bde1b7c3d
2026-05-07 17:59:12 [http-nio-8081-exec-3] DEBUG o.s.security.web.FilterChainProxy - Securing GET /api/v1/posts/getAll
2026-05-07 17:59:12 [http-nio-8081-exec-1] DEBUG o.s.security.web.FilterChainProxy - Secured GET /api/locations/7a362581-f0df-43d4-b7c7-074bde1b7c3d
2026-05-07 17:59:12 [http-nio-8081-exec-3] DEBUG o.s.security.web.FilterChainProxy - Secured GET /api/v1/posts/getAll
2026-05-07 17:59:12 [http-nio-8081-exec-7] DEBUG o.s.security.web.FilterChainProxy - Securing GET /users/me
2026-05-07 17:59:12 [http-nio-8081-exec-7] DEBUG o.s.security.web.FilterChainProxy - Secured GET /users/me
2026-05-07 17:59:12 [http-nio-8081-exec-10] DEBUG o.s.security.web.FilterChainProxy - Securing GET /api/v1/notifications/unread-count
2026-05-07 17:59:12 [http-nio-8081-exec-10] DEBUG o.s.security.web.FilterChainProxy - Secured GET /api/v1/notifications/unread-count
2026-05-07 17:59:12 [http-nio-8081-exec-10] DEBUG o.s.s.a.m.AuthorizationManagerBeforeMethodInterceptor - Authorizing method invocation ReflectiveMethodInvocation: public java.lang.Long com.example.backend.controller.NotificationController.getUnreadCount(java.lang.String); target is of class [com.example.backend.controller.NotificationController]
2026-05-07 17:59:12 [http-nio-8081-exec-10] DEBUG o.s.s.a.m.AuthorizationManagerBeforeMethodInterceptor - Authorized method invocation ReflectiveMethodInvocation: public java.lang.Long com.example.backend.controller.NotificationController.getUnreadCount(java.lang.String); target is of class [com.example.backend.controller.NotificationController]
2026-05-07 17:59:21 [http-nio-8081-exec-9] DEBUG o.s.security.web.FilterChainProxy - Securing GET /api/v1/comments/post/08050bbb-abd0-4294-ac5d-9f2d58c7540d
2026-05-07 17:59:21 [http-nio-8081-exec-9] DEBUG o.s.security.web.FilterChainProxy - Secured GET /api/v1/comments/post/08050bbb-abd0-4294-ac5d-9f2d58c7540d
2026-05-07 17:59:26 [http-nio-8081-exec-2] DEBUG o.s.security.web.FilterChainProxy - Securing GET /api/v1/notifications/unread-count
2026-05-07 17:59:26 [http-nio-8081-exec-2] DEBUG o.s.security.web.FilterChainProxy - Secured GET /api/v1/notifications/unread-count
2026-05-07 17:59:26 [http-nio-8081-exec-2] DEBUG o.s.s.a.m.AuthorizationManagerBeforeMethodInterceptor - Authorizing method invocation ReflectiveMethodInvocation: public java.lang.Long com.example.backend.controller.NotificationController.getUnreadCount(java.lang.String); target is of class [com.example.backend.controller.NotificationController]
2026-05-07 17:59:26 [http-nio-8081-exec-2] DEBUG o.s.s.a.m.AuthorizationManagerBeforeMethodInterceptor - Authorized method invocation ReflectiveMethodInvocation: public java.lang.Long com.example.backend.controller.NotificationController.getUnreadCount(java.lang.String); target is of class [com.example.backend.controller.NotificationController]
2026-05-07 17:59:28 [http-nio-8081-exec-8] DEBUG o.s.security.web.FilterChainProxy - Securing GET /api/v1/notifications/unread-count
2026-05-07 17:59:28 [http-nio-8081-exec-8] DEBUG o.s.security.web.FilterChainProxy - Secured GET /api/v1/notifications/unread-count
2026-05-07 17:59:28 [http-nio-8081-exec-8] DEBUG o.s.s.a.m.AuthorizationManagerBeforeMethodInterceptor - Authorizing method invocation ReflectiveMethodInvocation: public java.lang.Long com.example.backend.controller.NotificationController.getUnreadCount(java.lang.String); target is of class [com.example.backend.controller.NotificationController]
2026-05-07 17:59:28 [http-nio-8081-exec-8] DEBUG o.s.s.a.m.AuthorizationManagerBeforeMethodInterceptor - Authorized method invocation ReflectiveMethodInvocation: public java.lang.Long com.example.backend.controller.NotificationController.getUnreadCount(java.lang.String); target is of class [com.example.backend.controller.NotificationController]
2026-05-07 17:59:31 [http-nio-8081-exec-5] DEBUG o.s.security.web.FilterChainProxy - Securing GET /api/v1/comments/post/08050bbb-abd0-4294-ac5d-9f2d58c7540d
2026-05-07 17:59:31 [http-nio-8081-exec-5] DEBUG o.s.security.web.FilterChainProxy - Secured GET /api/v1/comments/post/08050bbb-abd0-4294-ac5d-9f2d58c7540d
2026-05-07 17:59:41 [http-nio-8081-exec-6] DEBUG o.s.security.web.FilterChainProxy - Securing GET /api/v1/comments/post/08050bbb-abd0-4294-ac5d-9f2d58c7540d
2026-05-07 17:59:41 [http-nio-8081-exec-4] DEBUG o.s.security.web.FilterChainProxy - Securing GET /api/v1/notifications/unread-count
2026-05-07 17:59:41 [http-nio-8081-exec-6] DEBUG o.s.security.web.FilterChainProxy - Secured GET /api/v1/comments/post/08050bbb-abd0-4294-ac5d-9f2d58c7540d
2026-05-07 17:59:41 [http-nio-8081-exec-4] DEBUG o.s.security.web.FilterChainProxy - Secured GET /api/v1/notifications/unread-count
2026-05-07 17:59:41 [http-nio-8081-exec-4] DEBUG o.s.s.a.m.AuthorizationManagerBeforeMethodInterceptor - Authorizing method invocation ReflectiveMethodInvocation: public java.lang.Long com.example.backend.controller.NotificationController.getUnreadCount(java.lang.String); target is of class [com.example.backend.controller.NotificationController]
2026-05-07 17:59:41 [http-nio-8081-exec-4] DEBUG o.s.s.a.m.AuthorizationManagerBeforeMethodInterceptor - Authorized method invocation ReflectiveMethodInvocation: public java.lang.Long com.example.backend.controller.NotificationController.getUnreadCount(java.lang.String); target is of class [com.example.backend.controller.NotificationController]
2026-05-07 17:59:43 [http-nio-8081-exec-7] DEBUG o.s.security.web.FilterChainProxy - Securing GET /api/v1/notifications/unread-count
2026-05-07 17:59:43 [http-nio-8081-exec-7] DEBUG o.s.security.web.FilterChainProxy - Secured GET /api/v1/notifications/unread-count
2026-05-07 17:59:43 [http-nio-8081-exec-7] DEBUG o.s.s.a.m.AuthorizationManagerBeforeMethodInterceptor - Authorizing method invocation ReflectiveMethodInvocation: public java.lang.Long com.example.backend.controller.NotificationController.getUnreadCount(java.lang.String); target is of class [com.example.backend.controller.NotificationController]
2026-05-07 17:59:43 [http-nio-8081-exec-7] DEBUG o.s.s.a.m.AuthorizationManagerBeforeMethodInterceptor - Authorized method invocation ReflectiveMethodInvocation: public java.lang.Long com.example.backend.controller.NotificationController.getUnreadCount(java.lang.String); target is of class [com.example.backend.controller.NotificationController]
2026-05-07 17:59:48 [http-nio-8081-exec-1] DEBUG o.s.security.web.FilterChainProxy - Securing POST /api/v1/comments
2026-05-07 17:59:48 [http-nio-8081-exec-1] DEBUG o.s.security.web.FilterChainProxy - Secured POST /api/v1/comments
2026-05-07 17:59:48 [http-nio-8081-exec-1] DEBUG o.s.s.a.m.AuthorizationManagerBeforeMethodInterceptor - Authorizing method invocation ReflectiveMethodInvocation: public com.example.backend.dto.response.CommentResponse com.example.backend.controller.CommentController.createComment(java.lang.String,com.example.backend.dto.request.CommentRequest); target is of class [com.example.backend.controller.CommentController]
2026-05-07 17:59:48 [http-nio-8081-exec-1] DEBUG o.s.s.a.m.AuthorizationManagerBeforeMethodInterceptor - Authorized method invocation ReflectiveMethodInvocation: public com.example.backend.dto.response.CommentResponse com.example.backend.controller.CommentController.createComment(java.lang.String,com.example.backend.dto.request.CommentRequest); target is of class [com.example.backend.controller.CommentController]
2026-05-07 17:59:48 [http-nio-8081-exec-1] ERROR o.a.c.c.C.[.[.[.[dispatcherServlet] - Servlet.service() for servlet [dispatcherServlet] in context with path [] threw exception [Request processing failed: java.lang.NullPointerException: Cannot invoke "java.lang.Long.longValue()" because the return value of "com.example.backend.entity.Users.getUnreadNotificationCount()" is null] with root cause
java.lang.NullPointerException: Cannot invoke "java.lang.Long.longValue()" because the return value of "com.example.backend.entity.Users.getUnreadNotificationCount()" is null
	at com.example.backend.service.notification.NotificationService.createPostCommentedNotification(NotificationService.java:73)
	at java.base/jdk.internal.reflect.NativeMethodAccessorImpl.invoke0(Native Method)
	at java.base/jdk.internal.reflect.NativeMethodAccessorImpl.invoke(NativeMethodAccessorImpl.java:77)
	at java.base/jdk.internal.reflect.DelegatingMethodAccessorImpl.invoke(DelegatingMethodAccessorImpl.java:43)
	at java.base/java.lang.reflect.Method.invoke(Method.java:569)
	at org.springframework.aop.support.AopUtils.invokeJoinpointUsingReflection(AopUtils.java:359)
	at org.springframework.aop.framework.ReflectiveMethodInvocation.invokeJoinpoint(ReflectiveMethodInvocation.java:190)
	at org.springframework.aop.framework.ReflectiveMethodInvocation.proceed(ReflectiveMethodInvocation.java:158)
	at org.springframework.transaction.interceptor.TransactionInterceptor$1.proceedWithInvocation(TransactionInterceptor.java:133)
	at org.springframework.transaction.interceptor.TransactionAspectSupport.invokeWithinTransaction(TransactionAspectSupport.java:371)
	at org.springframework.transaction.interceptor.TransactionInterceptor.invoke(TransactionInterceptor.java:130)
	at org.springframework.aop.framework.ReflectiveMethodInvocation.proceed(ReflectiveMethodInvocation.java:179)
	at org.springframework.aop.framework.CglibAopProxy$DynamicAdvisedInterceptor.intercept(CglibAopProxy.java:719)
	at com.example.backend.service.notification.NotificationService$$SpringCGLIB$$0.createPostCommentedNotification(<generated>)
	at com.example.backend.service.comment.impl.CommentServiceImpl.createComment(CommentServiceImpl.java:63)
	at java.base/jdk.internal.reflect.NativeMethodAccessorImpl.invoke0(Native Method)
	at java.base/jdk.internal.reflect.NativeMethodAccessorImpl.invoke(NativeMethodAccessorImpl.java:77)
	at java.base/jdk.internal.reflect.DelegatingMethodAccessorImpl.invoke(DelegatingMethodAccessorImpl.java:43)
	at java.base/java.lang.reflect.Method.invoke(Method.java:569)
	at org.springframework.aop.support.AopUtils.invokeJoinpointUsingReflection(AopUtils.java:359)
	at org.springframework.aop.framework.ReflectiveMethodInvocation.invokeJoinpoint(ReflectiveMethodInvocation.java:190)
	at org.springframework.aop.framework.ReflectiveMethodInvocation.proceed(ReflectiveMethodInvocation.java:158)
	at org.springframework.transaction.interceptor.TransactionInterceptor$1.proceedWithInvocation(TransactionInterceptor.java:133)
	at org.springframework.transaction.interceptor.TransactionAspectSupport.invokeWithinTransaction(TransactionAspectSupport.java:371)
	at org.springframework.transaction.interceptor.TransactionInterceptor.invoke(TransactionInterceptor.java:130)
	at org.springframework.aop.framework.ReflectiveMethodInvocation.proceed(ReflectiveMethodInvocation.java:179)
	at org.springframework.aop.framework.CglibAopProxy$DynamicAdvisedInterceptor.intercept(CglibAopProxy.java:719)
	at com.example.backend.service.comment.impl.CommentServiceImpl$$SpringCGLIB$$0.createComment(<generated>)
	at com.example.backend.controller.CommentController.createComment(CommentController.java:27)
	at java.base/jdk.internal.reflect.NativeMethodAccessorImpl.invoke0(Native Method)
	at java.base/jdk.internal.reflect.NativeMethodAccessorImpl.invoke(NativeMethodAccessorImpl.java:77)
	at java.base/jdk.internal.reflect.DelegatingMethodAccessorImpl.invoke(DelegatingMethodAccessorImpl.java:43)
	at java.base/java.lang.reflect.Method.invoke(Method.java:569)
	at org.springframework.aop.support.AopUtils.invokeJoinpointUsingReflection(AopUtils.java:359)
	at org.springframework.aop.framework.ReflectiveMethodInvocation.invokeJoinpoint(ReflectiveMethodInvocation.java:190)
	at org.springframework.aop.framework.ReflectiveMethodInvocation.proceed(ReflectiveMethodInvocation.java:158)
	at org.springframework.security.authorization.method.AuthorizationManagerBeforeMethodInterceptor.proceed(AuthorizationManagerBeforeMethodInterceptor.java:271)
	at org.springframework.security.authorization.method.AuthorizationManagerBeforeMethodInterceptor.attemptAuthorization(AuthorizationManagerBeforeMethodInterceptor.java:266)
	at org.springframework.security.authorization.method.AuthorizationManagerBeforeMethodInterceptor.invoke(AuthorizationManagerBeforeMethodInterceptor.java:197)
	at org.springframework.security.config.annotation.method.configuration.DeferringMethodInterceptor.invoke(DeferringMethodInterceptor.java:44)
	at org.springframework.aop.framework.ReflectiveMethodInvocation.proceed(ReflectiveMethodInvocation.java:179)
	at org.springframework.aop.framework.CglibAopProxy$DynamicAdvisedInterceptor.intercept(CglibAopProxy.java:719)
	at com.example.backend.controller.CommentController$$SpringCGLIB$$0.createComment(<generated>)
	at java.base/jdk.internal.reflect.NativeMethodAccessorImpl.invoke0(Native Method)
	at java.base/jdk.internal.reflect.NativeMethodAccessorImpl.invoke(NativeMethodAccessorImpl.java:77)
	at java.base/jdk.internal.reflect.DelegatingMethodAccessorImpl.invoke(DelegatingMethodAccessorImpl.java:43)
	at java.base/java.lang.reflect.Method.invoke(Method.java:569)
	at org.springframework.web.method.support.InvocableHandlerMethod.doInvoke(InvocableHandlerMethod.java:252)
	at org.springframework.web.method.support.InvocableHandlerMethod.invokeForRequest(InvocableHandlerMethod.java:184)
	at org.springframework.web.servlet.mvc.method.annotation.ServletInvocableHandlerMethod.invokeAndHandle(ServletInvocableHandlerMethod.java:117)
	at org.springframework.web.servlet.mvc.method.annotation.RequestMappingHandlerAdapter.invokeHandlerMethod(RequestMappingHandlerAdapter.java:934)
	at org.springframework.web.servlet.mvc.method.annotation.RequestMappingHandlerAdapter.handleInternal(RequestMappingHandlerAdapter.java:853)
	at org.springframework.web.servlet.mvc.method.AbstractHandlerMethodAdapter.handle(AbstractHandlerMethodAdapter.java:86)
	at org.springframework.web.servlet.DispatcherServlet.doDispatch(DispatcherServlet.java:963)
	at org.springframework.web.servlet.DispatcherServlet.doService(DispatcherServlet.java:866)
	at org.springframework.web.servlet.FrameworkServlet.processRequest(FrameworkServlet.java:1000)
	at org.springframework.web.servlet.FrameworkServlet.doPost(FrameworkServlet.java:903)
	at jakarta.servlet.http.HttpServlet.service(HttpServlet.java:649)
	at org.springframework.web.servlet.FrameworkServlet.service(FrameworkServlet.java:874)
	at jakarta.servlet.http.HttpServlet.service(HttpServlet.java:710)
	at org.apache.catalina.core.ApplicationFilterChain.doFilter(ApplicationFilterChain.java:128)
	at org.apache.tomcat.websocket.server.WsFilter.doFilter(WsFilter.java:53)
	at org.apache.catalina.core.ApplicationFilterChain.doFilter(ApplicationFilterChain.java:107)
	at org.springframework.web.filter.OncePerRequestFilter.doFilter(OncePerRequestFilter.java:110)
	at org.apache.catalina.core.ApplicationFilterChain.doFilter(ApplicationFilterChain.java:107)
	at org.springframework.web.filter.CompositeFilter$VirtualFilterChain.doFilter(CompositeFilter.java:108)
	at org.springframework.security.web.FilterChainProxy.lambda$doFilterInternal$3(FilterChainProxy.java:235)
	at org.springframework.security.web.FilterChainProxy$VirtualFilterChain.doFilter(FilterChainProxy.java:371)
	at org.springframework.security.web.access.intercept.AuthorizationFilter.doFilter(AuthorizationFilter.java:101)
	at org.springframework.security.web.FilterChainProxy$VirtualFilterChain.doFilter(FilterChainProxy.java:380)
	at org.springframework.security.web.access.ExceptionTranslationFilter.doFilter(ExceptionTranslationFilter.java:126)
	at org.springframework.security.web.access.ExceptionTranslationFilter.doFilter(ExceptionTranslationFilter.java:120)
	at org.springframework.security.web.FilterChainProxy$VirtualFilterChain.doFilter(FilterChainProxy.java:380)
	at org.springframework.security.web.authentication.AnonymousAuthenticationFilter.doFilter(AnonymousAuthenticationFilter.java:100)
	at org.springframework.security.web.FilterChainProxy$VirtualFilterChain.doFilter(FilterChainProxy.java:380)
	at org.springframework.security.web.servletapi.SecurityContextHolderAwareRequestFilter.doFilter(SecurityContextHolderAwareRequestFilter.java:181)
	at org.springframework.security.web.FilterChainProxy$VirtualFilterChain.doFilter(FilterChainProxy.java:380)
	at org.springframework.security.web.savedrequest.RequestCacheAwareFilter.doFilter(RequestCacheAwareFilter.java:63)
	at org.springframework.security.web.FilterChainProxy$VirtualFilterChain.doFilter(FilterChainProxy.java:380)
	at com.example.backend.config.JwtFilter.doFilterInternal(JwtFilter.java:71)
	at org.springframework.web.filter.OncePerRequestFilter.doFilter(OncePerRequestFilter.java:116)
	at org.springframework.security.web.FilterChainProxy$VirtualFilterChain.doFilter(FilterChainProxy.java:380)
	at org.springframework.security.web.authentication.logout.LogoutFilter.doFilter(LogoutFilter.java:110)
	at org.springframework.security.web.authentication.logout.LogoutFilter.doFilter(LogoutFilter.java:96)
	at org.springframework.security.web.FilterChainProxy$VirtualFilterChain.doFilter(FilterChainProxy.java:380)
	at org.springframework.web.filter.CorsFilter.doFilterInternal(CorsFilter.java:91)
	at org.springframework.web.filter.OncePerRequestFilter.doFilter(OncePerRequestFilter.java:116)
	at org.springframework.security.web.FilterChainProxy$VirtualFilterChain.doFilter(FilterChainProxy.java:380)
	at org.springframework.security.web.header.HeaderWriterFilter.doHeadersAfter(HeaderWriterFilter.java:90)
	at org.springframework.security.web.header.HeaderWriterFilter.doFilterInternal(HeaderWriterFilter.java:75)
	at org.springframework.web.filter.OncePerRequestFilter.doFilter(OncePerRequestFilter.java:116)
	at org.springframework.security.web.FilterChainProxy$VirtualFilterChain.doFilter(FilterChainProxy.java:380)
	at org.springframework.security.web.context.SecurityContextHolderFilter.doFilter(SecurityContextHolderFilter.java:82)
	at org.springframework.security.web.context.SecurityContextHolderFilter.doFilter(SecurityContextHolderFilter.java:69)
	at org.springframework.security.web.FilterChainProxy$VirtualFilterChain.doFilter(FilterChainProxy.java:380)
	at org.springframework.security.web.context.request.async.WebAsyncManagerIntegrationFilter.doFilterInternal(WebAsyncManagerIntegrationFilter.java:62)
	at org.springframework.web.filter.OncePerRequestFilter.doFilter(OncePerRequestFilter.java:116)
	at org.springframework.security.web.FilterChainProxy$VirtualFilterChain.doFilter(FilterChainProxy.java:380)
	at org.springframework.security.web.session.DisableEncodeUrlFilter.doFilterInternal(DisableEncodeUrlFilter.java:42)
	at org.springframework.web.filter.OncePerRequestFilter.doFilter(OncePerRequestFilter.java:116)
	at org.springframework.security.web.FilterChainProxy$VirtualFilterChain.doFilter(FilterChainProxy.java:380)
	at org.springframework.security.web.FilterChainProxy.doFilterInternal(FilterChainProxy.java:237)
	at org.springframework.security.web.FilterChainProxy.doFilter(FilterChainProxy.java:195)
	at org.springframework.web.filter.CompositeFilter$VirtualFilterChain.doFilter(CompositeFilter.java:113)
	at org.springframework.web.filter.ServletRequestPathFilter.doFilter(ServletRequestPathFilter.java:52)
	at org.springframework.web.filter.CompositeFilter$VirtualFilterChain.doFilter(CompositeFilter.java:113)
	at org.springframework.web.filter.CompositeFilter.doFilter(CompositeFilter.java:74)
	at org.springframework.security.config.annotation.web.configuration.WebSecurityConfiguration$CompositeFilterChainProxy.doFilter(WebSecurityConfiguration.java:317)
	at org.springframework.web.filter.DelegatingFilterProxy.invokeDelegate(DelegatingFilterProxy.java:355)
	at org.springframework.web.filter.DelegatingFilterProxy.doFilter(DelegatingFilterProxy.java:272)
	at org.apache.catalina.core.ApplicationFilterChain.doFilter(ApplicationFilterChain.java:107)
	at org.springframework.web.filter.RequestContextFilter.doFilterInternal(RequestContextFilter.java:100)
	at org.springframework.web.filter.OncePerRequestFilter.doFilter(OncePerRequestFilter.java:116)
	at org.apache.catalina.core.ApplicationFilterChain.doFilter(ApplicationFilterChain.java:107)
	at org.springframework.web.filter.FormContentFilter.doFilterInternal(FormContentFilter.java:93)
	at org.springframework.web.filter.OncePerRequestFilter.doFilter(OncePerRequestFilter.java:116)
	at org.apache.catalina.core.ApplicationFilterChain.doFilter(ApplicationFilterChain.java:107)
	at org.springframework.web.filter.CharacterEncodingFilter.doFilterInternal(CharacterEncodingFilter.java:199)
	at org.springframework.web.filter.OncePerRequestFilter.doFilter(OncePerRequestFilter.java:116)
	at org.apache.catalina.core.ApplicationFilterChain.doFilter(ApplicationFilterChain.java:107)
	at org.apache.catalina.core.StandardWrapperValve.invoke(StandardWrapperValve.java:165)
	at org.apache.catalina.core.StandardContextValve.invoke(StandardContextValve.java:77)
	at org.apache.catalina.authenticator.AuthenticatorBase.invoke(AuthenticatorBase.java:492)
	at org.apache.catalina.core.StandardHostValve.invoke(StandardHostValve.java:113)
	at org.apache.catalina.valves.ErrorReportValve.invoke(ErrorReportValve.java:83)
	at org.apache.catalina.core.StandardEngineValve.invoke(StandardEngineValve.java:72)
	at org.apache.catalina.connector.CoyoteAdapter.service(CoyoteAdapter.java:341)
	at org.apache.coyote.http11.Http11Processor.service(Http11Processor.java:397)
	at org.apache.coyote.AbstractProcessorLight.process(AbstractProcessorLight.java:63)
	at org.apache.coyote.AbstractProtocol$ConnectionHandler.process(AbstractProtocol.java:903)
	at org.apache.tomcat.util.net.NioEndpoint$SocketProcessor.doRun(NioEndpoint.java:1779)
	at org.apache.tomcat.util.net.SocketProcessorBase.run(SocketProcessorBase.java:52)
	at org.apache.tomcat.util.threads.ThreadPoolExecutor.runWorker(ThreadPoolExecutor.java:946)
	at org.apache.tomcat.util.threads.ThreadPoolExecutor$Worker.run(ThreadPoolExecutor.java:480)
	at org.apache.tomcat.util.threads.TaskThread$WrappingRunnable.run(TaskThread.java:57)
	at java.base/java.lang.Thread.run(Thread.java:840)
2026-05-07 17:59:48 [http-nio-8081-exec-1] DEBUG o.s.security.web.FilterChainProxy - Securing GET /error
2026-05-07 17:59:48 [http-nio-8081-exec-1] DEBUG o.s.security.web.FilterChainProxy - Secured GET /error
2026-05-07 17:59:48 [http-nio-8081-exec-1] DEBUG o.s.s.w.a.AnonymousAuthenticationFilter - Set SecurityContextHolder to anonymous SecurityContext
2026-05-07 17:59:51 [http-nio-8081-exec-10] DEBUG o.s.security.web.FilterChainProxy - Securing GET /api/v1/comments/post/08050bbb-abd0-4294-ac5d-9f2d58c7540d
2026-05-07 17:59:51 [http-nio-8081-exec-10] DEBUG o.s.security.web.FilterChainProxy - Secured GET /api/v1/comments/post/08050bbb-abd0-4294-ac5d-9f2d58c7540d
2026-05-07 17:59:53 [http-nio-8081-exec-3] DEBUG o.s.security.web.FilterChainProxy - Securing GET /api/v1/posts/08050bbb-abd0-4294-ac5d-9f2d58c7540d
2026-05-07 17:59:53 [http-nio-8081-exec-3] DEBUG o.s.security.web.FilterChainProxy - Secured GET /api/v1/posts/08050bbb-abd0-4294-ac5d-9f2d58c7540d
2026-05-07 17:59:53 [http-nio-8081-exec-3] DEBUG o.s.s.w.a.AnonymousAuthenticationFilter - Set SecurityContextHolder to anonymous SecurityContext
2026-05-07 17:59:53 [http-nio-8081-exec-9] DEBUG o.s.security.web.FilterChainProxy - Securing GET /api/v1/comments/post/08050bbb-abd0-4294-ac5d-9f2d58c7540d
2026-05-07 17:59:53 [http-nio-8081-exec-9] DEBUG o.s.security.web.FilterChainProxy - Secured GET /api/v1/comments/post/08050bbb-abd0-4294-ac5d-9f2d58c7540d
2026-05-07 17:59:53 [http-nio-8081-exec-9] DEBUG o.s.s.w.a.AnonymousAuthenticationFilter - Set SecurityContextHolder to anonymous SecurityContext
2026-05-07 17:59:57 [http-nio-8081-exec-2] DEBUG o.s.security.web.FilterChainProxy - Securing GET /api/v1/notifications/unread-count
2026-05-07 17:59:57 [http-nio-8081-exec-2] DEBUG o.s.security.web.FilterChainProxy - Secured GET /api/v1/notifications/unread-count
2026-05-07 17:59:57 [http-nio-8081-exec-2] DEBUG o.s.s.a.m.AuthorizationManagerBeforeMethodInterceptor - Authorizing method invocation ReflectiveMethodInvocation: public java.lang.Long com.example.backend.controller.NotificationController.getUnreadCount(java.lang.String); target is of class [com.example.backend.controller.NotificationController]
2026-05-07 17:59:57 [http-nio-8081-exec-2] DEBUG o.s.s.a.m.AuthorizationManagerBeforeMethodInterceptor - Authorized method invocation ReflectiveMethodInvocation: public java.lang.Long com.example.backend.controller.NotificationController.getUnreadCount(java.lang.String); target is of class [com.example.backend.controller.NotificationController]
2026-05-07 18:00:04 [http-nio-8081-exec-8] DEBUG o.s.security.web.FilterChainProxy - Securing GET /api/v1/notifications/unread-count
2026-05-07 18:00:04 [http-nio-8081-exec-8] DEBUG o.s.security.web.FilterChainProxy - Secured GET /api/v1/notifications/unread-count
2026-05-07 18:00:04 [http-nio-8081-exec-8] DEBUG o.s.s.a.m.AuthorizationManagerBeforeMethodInterceptor - Authorizing method invocation ReflectiveMethodInvocation: public java.lang.Long com.example.backend.controller.NotificationController.getUnreadCount(java.lang.String); target is of class [com.example.backend.controller.NotificationController]
2026-05-07 18:00:04 [http-nio-8081-exec-8] DEBUG o.s.s.a.m.AuthorizationManagerBeforeMethodInterceptor - Authorized method invocation ReflectiveMethodInvocation: public java.lang.Long com.example.backend.controller.NotificationController.getUnreadCount(java.lang.String); target is of class [com.example.backend.controller.NotificationController]
2026-05-07 18:00:05 [http-nio-8081-exec-5] DEBUG o.s.security.web.FilterChainProxy - Securing GET /api/locations/7a362581-f0df-43d4-b7c7-074bde1b7c3d
2026-05-07 18:00:05 [http-nio-8081-exec-4] DEBUG o.s.security.web.FilterChainProxy - Securing GET /api/v1/posts/getAll
2026-05-07 18:00:05 [http-nio-8081-exec-5] DEBUG o.s.security.web.FilterChainProxy - Secured GET /api/locations/7a362581-f0df-43d4-b7c7-074bde1b7c3d
2026-05-07 18:00:05 [http-nio-8081-exec-4] DEBUG o.s.security.web.FilterChainProxy - Secured GET /api/v1/posts/getAll
2026-05-07 18:00:05 [http-nio-8081-exec-6] DEBUG o.s.security.web.FilterChainProxy - Securing GET /users/me
2026-05-07 18:00:05 [http-nio-8081-exec-6] DEBUG o.s.security.web.FilterChainProxy - Secured GET /users/me
2026-05-07 18:00:05 [http-nio-8081-exec-7] DEBUG o.s.security.web.FilterChainProxy - Securing GET /api/v1/notifications/unread-count
2026-05-07 18:00:05 [http-nio-8081-exec-7] DEBUG o.s.security.web.FilterChainProxy - Secured GET /api/v1/notifications/unread-count
2026-05-07 18:00:05 [http-nio-8081-exec-7] DEBUG o.s.s.a.m.AuthorizationManagerBeforeMethodInterceptor - Authorizing method invocation ReflectiveMethodInvocation: public java.lang.Long com.example.backend.controller.NotificationController.getUnreadCount(java.lang.String); target is of class [com.example.backend.controller.NotificationController]
2026-05-07 18:00:05 [http-nio-8081-exec-7] DEBUG o.s.s.a.m.AuthorizationManagerBeforeMethodInterceptor - Authorized method invocation ReflectiveMethodInvocation: public java.lang.Long com.example.backend.controller.NotificationController.getUnreadCount(java.lang.String); target is of class [com.example.backend.controller.NotificationController]
2026-05-07 18:00:09 [http-nio-8081-exec-1] DEBUG o.s.security.web.FilterChainProxy - Securing GET /api/locations/7a362581-f0df-43d4-b7c7-074bde1b7c3d
2026-05-07 18:00:09 [http-nio-8081-exec-10] DEBUG o.s.security.web.FilterChainProxy - Securing GET /api/v1/posts/getAll
2026-05-07 18:00:09 [http-nio-8081-exec-3] DEBUG o.s.security.web.FilterChainProxy - Securing GET /users/me
2026-05-07 18:00:09 [http-nio-8081-exec-3] DEBUG o.s.security.web.FilterChainProxy - Secured GET /users/me
2026-05-07 18:00:09 [http-nio-8081-exec-1] DEBUG o.s.security.web.FilterChainProxy - Secured GET /api/locations/7a362581-f0df-43d4-b7c7-074bde1b7c3d
2026-05-07 18:00:09 [http-nio-8081-exec-10] DEBUG o.s.security.web.FilterChainProxy - Secured GET /api/v1/posts/getAll
2026-05-07 18:00:09 [http-nio-8081-exec-9] DEBUG o.s.security.web.FilterChainProxy - Securing GET /api/v1/notifications/unread-count
2026-05-07 18:00:09 [http-nio-8081-exec-9] DEBUG o.s.security.web.FilterChainProxy - Secured GET /api/v1/notifications/unread-count
2026-05-07 18:00:09 [http-nio-8081-exec-9] DEBUG o.s.s.a.m.AuthorizationManagerBeforeMethodInterceptor - Authorizing method invocation ReflectiveMethodInvocation: public java.lang.Long com.example.backend.controller.NotificationController.getUnreadCount(java.lang.String); target is of class [com.example.backend.controller.NotificationController]
2026-05-07 18:00:09 [http-nio-8081-exec-9] DEBUG o.s.s.a.m.AuthorizationManagerBeforeMethodInterceptor - Authorized method invocation ReflectiveMethodInvocation: public java.lang.Long com.example.backend.controller.NotificationController.getUnreadCount(java.lang.String); target is of class [com.example.backend.controller.NotificationController]
2026-05-07 18:00:12 [http-nio-8081-exec-8] DEBUG o.s.security.web.FilterChainProxy - Securing GET /api/v1/notifications/unread-count
2026-05-07 18:00:12 [http-nio-8081-exec-8] DEBUG o.s.security.web.FilterChainProxy - Secured GET /api/v1/notifications/unread-count
2026-05-07 18:00:12 [http-nio-8081-exec-8] DEBUG o.s.s.a.m.AuthorizationManagerBeforeMethodInterceptor - Authorizing method invocation ReflectiveMethodInvocation: public java.lang.Long com.example.backend.controller.NotificationController.getUnreadCount(java.lang.String); target is of class [com.example.backend.controller.NotificationController]
2026-05-07 18:00:12 [http-nio-8081-exec-8] DEBUG o.s.s.a.m.AuthorizationManagerBeforeMethodInterceptor - Authorized method invocation ReflectiveMethodInvocation: public java.lang.Long com.example.backend.controller.NotificationController.getUnreadCount(java.lang.String); target is of class [com.example.backend.controller.NotificationController]
2026-05-07 18:00:13 [http-nio-8081-exec-7] DEBUG o.s.security.web.FilterChainProxy - Securing GET /api/v1/notifications
2026-05-07 18:00:13 [http-nio-8081-exec-7] DEBUG o.s.security.web.FilterChainProxy - Secured GET /api/v1/notifications
2026-05-07 18:00:13 [http-nio-8081-exec-7] DEBUG o.s.s.a.m.AuthorizationManagerBeforeMethodInterceptor - Authorizing method invocation ReflectiveMethodInvocation: public org.springframework.data.domain.Page com.example.backend.controller.NotificationController.getMyNotifications(java.lang.String,int,int); target is of class [com.example.backend.controller.NotificationController]
2026-05-07 18:00:13 [http-nio-8081-exec-7] DEBUG o.s.s.a.m.AuthorizationManagerBeforeMethodInterceptor - Authorized method invocation ReflectiveMethodInvocation: public org.springframework.data.domain.Page com.example.backend.controller.NotificationController.getMyNotifications(java.lang.String,int,int); target is of class [com.example.backend.controller.NotificationController]
2026-05-07 18:00:13 [http-nio-8081-exec-4] DEBUG o.s.security.web.FilterChainProxy - Securing GET /api/v1/notifications
2026-05-07 18:00:13 [http-nio-8081-exec-4] DEBUG o.s.security.web.FilterChainProxy - Secured GET /api/v1/notifications
2026-05-07 18:00:13 [http-nio-8081-exec-4] DEBUG o.s.s.a.m.AuthorizationManagerBeforeMethodInterceptor - Authorizing method invocation ReflectiveMethodInvocation: public org.springframework.data.domain.Page com.example.backend.controller.NotificationController.getMyNotifications(java.lang.String,int,int); target is of class [com.example.backend.controller.NotificationController]
2026-05-07 18:00:13 [http-nio-8081-exec-4] DEBUG o.s.s.a.m.AuthorizationManagerBeforeMethodInterceptor - Authorized method invocation ReflectiveMethodInvocation: public org.springframework.data.domain.Page com.example.backend.controller.NotificationController.getMyNotifications(java.lang.String,int,int); target is of class [com.example.backend.controller.NotificationController]
2026-05-07 18:00:13 [http-nio-8081-exec-3] DEBUG o.s.security.web.FilterChainProxy - Securing POST /auth/login
2026-05-07 18:00:13 [http-nio-8081-exec-3] DEBUG o.s.security.web.FilterChainProxy - Secured POST /auth/login
2026-05-07 18:00:13 [http-nio-8081-exec-3] DEBUG o.s.s.w.a.AnonymousAuthenticationFilter - Set SecurityContextHolder to anonymous SecurityContext
2026-05-07 18:00:13 [http-nio-8081-exec-1] DEBUG o.s.security.web.FilterChainProxy - Securing GET /users/me
2026-05-07 18:00:13 [http-nio-8081-exec-1] DEBUG o.s.security.web.FilterChainProxy - Secured GET /users/me
2026-05-07 18:00:13 [http-nio-8081-exec-9] DEBUG o.s.security.web.FilterChainProxy - Securing GET /api/v1/notifications/unread-count
2026-05-07 18:00:13 [http-nio-8081-exec-9] DEBUG o.s.security.web.FilterChainProxy - Secured GET /api/v1/notifications/unread-count
2026-05-07 18:00:13 [http-nio-8081-exec-9] DEBUG o.s.s.a.m.AuthorizationManagerBeforeMethodInterceptor - Authorizing method invocation ReflectiveMethodInvocation: public java.lang.Long com.example.backend.controller.NotificationController.getUnreadCount(java.lang.String); target is of class [com.example.backend.controller.NotificationController]
2026-05-07 18:00:13 [http-nio-8081-exec-9] DEBUG o.s.s.a.m.AuthorizationManagerBeforeMethodInterceptor - Authorized method invocation ReflectiveMethodInvocation: public java.lang.Long com.example.backend.controller.NotificationController.getUnreadCount(java.lang.String); target is of class [com.example.backend.controller.NotificationController]
2026-05-07 18:00:13 [http-nio-8081-exec-10] DEBUG o.s.security.web.FilterChainProxy - Securing GET /api/locations
2026-05-07 18:00:13 [http-nio-8081-exec-10] DEBUG o.s.security.web.FilterChainProxy - Secured GET /api/locations
2026-05-07 18:00:13 [http-nio-8081-exec-2] DEBUG o.s.security.web.FilterChainProxy - Securing GET /api/v1/notifications/unread-count
2026-05-07 18:00:13 [http-nio-8081-exec-2] DEBUG o.s.security.web.FilterChainProxy - Secured GET /api/v1/notifications/unread-count
2026-05-07 18:00:13 [http-nio-8081-exec-2] DEBUG o.s.s.a.m.AuthorizationManagerBeforeMethodInterceptor - Authorizing method invocation ReflectiveMethodInvocation: public java.lang.Long com.example.backend.controller.NotificationController.getUnreadCount(java.lang.String); target is of class [com.example.backend.controller.NotificationController]
2026-05-07 18:00:13 [http-nio-8081-exec-2] DEBUG o.s.s.a.m.AuthorizationManagerBeforeMethodInterceptor - Authorized method invocation ReflectiveMethodInvocation: public java.lang.Long com.example.backend.controller.NotificationController.getUnreadCount(java.lang.String); target is of class [com.example.backend.controller.NotificationController]
2026-05-07 18:00:14 [http-nio-8081-exec-8] DEBUG o.s.security.web.FilterChainProxy - Securing GET /api/locations
2026-05-07 18:00:14 [http-nio-8081-exec-8] DEBUG o.s.security.web.FilterChainProxy - Secured GET /api/locations
2026-05-07 18:00:15 [http-nio-8081-exec-5] DEBUG o.s.security.web.FilterChainProxy - Securing GET /api/locations
2026-05-07 18:00:15 [http-nio-8081-exec-5] DEBUG o.s.security.web.FilterChainProxy - Secured GET /api/locations
2026-05-07 18:00:15 [http-nio-8081-exec-6] DEBUG o.s.security.web.FilterChainProxy - Securing GET /api/locations
2026-05-07 18:00:15 [http-nio-8081-exec-6] DEBUG o.s.security.web.FilterChainProxy - Secured GET /api/locations
2026-05-07 18:00:19 [http-nio-8081-exec-7] DEBUG o.s.security.web.FilterChainProxy - Securing GET /api/v1/notifications
2026-05-07 18:00:19 [http-nio-8081-exec-7] DEBUG o.s.security.web.FilterChainProxy - Secured GET /api/v1/notifications
2026-05-07 18:00:19 [http-nio-8081-exec-7] DEBUG o.s.s.a.m.AuthorizationManagerBeforeMethodInterceptor - Authorizing method invocation ReflectiveMethodInvocation: public org.springframework.data.domain.Page com.example.backend.controller.NotificationController.getMyNotifications(java.lang.String,int,int); target is of class [com.example.backend.controller.NotificationController]
2026-05-07 18:00:19 [http-nio-8081-exec-7] DEBUG o.s.s.a.m.AuthorizationManagerBeforeMethodInterceptor - Authorized method invocation ReflectiveMethodInvocation: public org.springframework.data.domain.Page com.example.backend.controller.NotificationController.getMyNotifications(java.lang.String,int,int); target is of class [com.example.backend.controller.NotificationController]
2026-05-07 18:00:19 [http-nio-8081-exec-4] DEBUG o.s.security.web.FilterChainProxy - Securing GET /api/v1/notifications
2026-05-07 18:00:19 [http-nio-8081-exec-4] DEBUG o.s.security.web.FilterChainProxy - Secured GET /api/v1/notifications
2026-05-07 18:00:19 [http-nio-8081-exec-4] DEBUG o.s.s.a.m.AuthorizationManagerBeforeMethodInterceptor - Authorizing method invocation ReflectiveMethodInvocation: public org.springframework.data.domain.Page com.example.backend.controller.NotificationController.getMyNotifications(java.lang.String,int,int); target is of class [com.example.backend.controller.NotificationController]
2026-05-07 18:00:19 [http-nio-8081-exec-4] DEBUG o.s.s.a.m.AuthorizationManagerBeforeMethodInterceptor - Authorized method invocation ReflectiveMethodInvocation: public org.springframework.data.domain.Page com.example.backend.controller.NotificationController.getMyNotifications(java.lang.String,int,int); target is of class [com.example.backend.controller.NotificationController]
2026-05-07 18:00:25 [http-nio-8081-exec-3] DEBUG o.s.security.web.FilterChainProxy - Securing GET /api/v1/notifications/unread-count
2026-05-07 18:00:25 [http-nio-8081-exec-3] DEBUG o.s.security.web.FilterChainProxy - Secured GET /api/v1/notifications/unread-count
2026-05-07 18:00:25 [http-nio-8081-exec-3] DEBUG o.s.s.a.m.AuthorizationManagerBeforeMethodInterceptor - Authorizing method invocation ReflectiveMethodInvocation: public java.lang.Long com.example.backend.controller.NotificationController.getUnreadCount(java.lang.String); target is of class [com.example.backend.controller.NotificationController]
2026-05-07 18:00:25 [http-nio-8081-exec-3] DEBUG o.s.s.a.m.AuthorizationManagerBeforeMethodInterceptor - Authorized method invocation ReflectiveMethodInvocation: public java.lang.Long com.example.backend.controller.NotificationController.getUnreadCount(java.lang.String); target is of class [com.example.backend.controller.NotificationController]
2026-05-07 18:00:27 [http-nio-8081-exec-1] DEBUG o.s.security.web.FilterChainProxy - Securing GET /api/v1/notifications/unread-count
2026-05-07 18:00:27 [http-nio-8081-exec-1] DEBUG o.s.security.web.FilterChainProxy - Secured GET /api/v1/notifications/unread-count
2026-05-07 18:00:27 [http-nio-8081-exec-1] DEBUG o.s.s.a.m.AuthorizationManagerBeforeMethodInterceptor - Authorizing method invocation ReflectiveMethodInvocation: public java.lang.Long com.example.backend.controller.NotificationController.getUnreadCount(java.lang.String); target is of class [com.example.backend.controller.NotificationController]
2026-05-07 18:00:27 [http-nio-8081-exec-1] DEBUG o.s.s.a.m.AuthorizationManagerBeforeMethodInterceptor - Authorized method invocation ReflectiveMethodInvocation: public java.lang.Long com.example.backend.controller.NotificationController.getUnreadCount(java.lang.String); target is of class [com.example.backend.controller.NotificationController]
2026-05-07 18:00:28 [http-nio-8081-exec-9] DEBUG o.s.security.web.FilterChainProxy - Securing GET /api/v1/notifications/unread-count
2026-05-07 18:00:28 [http-nio-8081-exec-9] DEBUG o.s.security.web.FilterChainProxy - Secured GET /api/v1/notifications/unread-count
2026-05-07 18:00:28 [http-nio-8081-exec-9] DEBUG o.s.s.a.m.AuthorizationManagerBeforeMethodInterceptor - Authorizing method invocation ReflectiveMethodInvocation: public java.lang.Long com.example.backend.controller.NotificationController.getUnreadCount(java.lang.String); target is of class [com.example.backend.controller.NotificationController]
2026-05-07 18:00:28 [http-nio-8081-exec-9] DEBUG o.s.s.a.m.AuthorizationManagerBeforeMethodInterceptor - Authorized method invocation ReflectiveMethodInvocation: public java.lang.Long com.example.backend.controller.NotificationController.getUnreadCount(java.lang.String); target is of class [com.example.backend.controller.NotificationController]
2026-05-07 18:00:40 [http-nio-8081-exec-2] DEBUG o.s.security.web.FilterChainProxy - Securing GET /api/v1/notifications/unread-count
2026-05-07 18:00:40 [http-nio-8081-exec-2] DEBUG o.s.security.web.FilterChainProxy - Secured GET /api/v1/notifications/unread-count
2026-05-07 18:00:40 [http-nio-8081-exec-2] DEBUG o.s.s.a.m.AuthorizationManagerBeforeMethodInterceptor - Authorizing method invocation ReflectiveMethodInvocation: public java.lang.Long com.example.backend.controller.NotificationController.getUnreadCount(java.lang.String); target is of class [com.example.backend.controller.NotificationController]
2026-05-07 18:00:40 [http-nio-8081-exec-2] DEBUG o.s.s.a.m.AuthorizationManagerBeforeMethodInterceptor - Authorized method invocation ReflectiveMethodInvocation: public java.lang.Long com.example.backend.controller.NotificationController.getUnreadCount(java.lang.String); target is of class [com.example.backend.controller.NotificationController]
2026-05-07 18:00:42 [http-nio-8081-exec-10] DEBUG o.s.security.web.FilterChainProxy - Securing GET /api/v1/notifications/unread-count
2026-05-07 18:00:42 [http-nio-8081-exec-10] DEBUG o.s.security.web.FilterChainProxy - Secured GET /api/v1/notifications/unread-count
2026-05-07 18:00:42 [http-nio-8081-exec-10] DEBUG o.s.s.a.m.AuthorizationManagerBeforeMethodInterceptor - Authorizing method invocation ReflectiveMethodInvocation: public java.lang.Long com.example.backend.controller.NotificationController.getUnreadCount(java.lang.String); target is of class [com.example.backend.controller.NotificationController]
2026-05-07 18:00:42 [http-nio-8081-exec-10] DEBUG o.s.s.a.m.AuthorizationManagerBeforeMethodInterceptor - Authorized method invocation ReflectiveMethodInvocation: public java.lang.Long com.example.backend.controller.NotificationController.getUnreadCount(java.lang.String); target is of class [com.example.backend.controller.NotificationController]
2026-05-07 18:00:43 [http-nio-8081-exec-8] DEBUG o.s.security.web.FilterChainProxy - Securing GET /api/v1/notifications/unread-count
2026-05-07 18:00:43 [http-nio-8081-exec-8] DEBUG o.s.security.web.FilterChainProxy - Secured GET /api/v1/notifications/unread-count
2026-05-07 18:00:43 [http-nio-8081-exec-8] DEBUG o.s.s.a.m.AuthorizationManagerBeforeMethodInterceptor - Authorizing method invocation ReflectiveMethodInvocation: public java.lang.Long com.example.backend.controller.NotificationController.getUnreadCount(java.lang.String); target is of class [com.example.backend.controller.NotificationController]
2026-05-07 18:00:43 [http-nio-8081-exec-8] DEBUG o.s.s.a.m.AuthorizationManagerBeforeMethodInterceptor - Authorized method invocation ReflectiveMethodInvocation: public java.lang.Long com.example.backend.controller.NotificationController.getUnreadCount(java.lang.String); target is of class [com.example.backend.controller.NotificationController]
2026-05-07 18:00:55 [http-nio-8081-exec-5] DEBUG o.s.security.web.FilterChainProxy - Securing GET /api/v1/notifications/unread-count
2026-05-07 18:00:55 [http-nio-8081-exec-5] DEBUG o.s.security.web.FilterChainProxy - Secured GET /api/v1/notifications/unread-count
2026-05-07 18:00:55 [http-nio-8081-exec-5] DEBUG o.s.s.a.m.AuthorizationManagerBeforeMethodInterceptor - Authorizing method invocation ReflectiveMethodInvocation: public java.lang.Long com.example.backend.controller.NotificationController.getUnreadCount(java.lang.String); target is of class [com.example.backend.controller.NotificationController]
2026-05-07 18:00:55 [http-nio-8081-exec-5] DEBUG o.s.s.a.m.AuthorizationManagerBeforeMethodInterceptor - Authorized method invocation ReflectiveMethodInvocation: public java.lang.Long com.example.backend.controller.NotificationController.getUnreadCount(java.lang.String); target is of class [com.example.backend.controller.NotificationController]
2026-05-07 18:00:58 [http-nio-8081-exec-6] DEBUG o.s.security.web.FilterChainProxy - Securing GET /api/v1/notifications/unread-count
2026-05-07 18:00:58 [http-nio-8081-exec-6] DEBUG o.s.security.web.FilterChainProxy - Secured GET /api/v1/notifications/unread-count
2026-05-07 18:00:58 [http-nio-8081-exec-6] DEBUG o.s.s.a.m.AuthorizationManagerBeforeMethodInterceptor - Authorizing method invocation ReflectiveMethodInvocation: public java.lang.Long com.example.backend.controller.NotificationController.getUnreadCount(java.lang.String); target is of class [com.example.backend.controller.NotificationController]
2026-05-07 18:00:58 [http-nio-8081-exec-6] DEBUG o.s.s.a.m.AuthorizationManagerBeforeMethodInterceptor - Authorized method invocation ReflectiveMethodInvocation: public java.lang.Long com.example.backend.controller.NotificationController.getUnreadCount(java.lang.String); target is of class [com.example.backend.controller.NotificationController]
2026-05-07 18:00:58 [http-nio-8081-exec-7] DEBUG o.s.security.web.FilterChainProxy - Securing GET /api/v1/notifications/unread-count
2026-05-07 18:00:58 [http-nio-8081-exec-7] DEBUG o.s.security.web.FilterChainProxy - Secured GET /api/v1/notifications/unread-count
2026-05-07 18:00:58 [http-nio-8081-exec-7] DEBUG o.s.s.a.m.AuthorizationManagerBeforeMethodInterceptor - Authorizing method invocation ReflectiveMethodInvocation: public java.lang.Long com.example.backend.controller.NotificationController.getUnreadCount(java.lang.String); target is of class [com.example.backend.controller.NotificationController]
2026-05-07 18:00:58 [http-nio-8081-exec-7] DEBUG o.s.s.a.m.AuthorizationManagerBeforeMethodInterceptor - Authorized method invocation ReflectiveMethodInvocation: public java.lang.Long com.example.backend.controller.NotificationController.getUnreadCount(java.lang.String); target is of class [com.example.backend.controller.NotificationController]
2026-05-07 18:01:10 [http-nio-8081-exec-3] DEBUG o.s.security.web.FilterChainProxy - Securing GET /api/v1/notifications/unread-count
2026-05-07 18:01:10 [http-nio-8081-exec-3] DEBUG o.s.security.web.FilterChainProxy - Secured GET /api/v1/notifications/unread-count
2026-05-07 18:01:10 [http-nio-8081-exec-3] DEBUG o.s.s.a.m.AuthorizationManagerBeforeMethodInterceptor - Authorizing method invocation ReflectiveMethodInvocation: public java.lang.Long com.example.backend.controller.NotificationController.getUnreadCount(java.lang.String); target is of class [com.example.backend.controller.NotificationController]
2026-05-07 18:01:10 [http-nio-8081-exec-3] DEBUG o.s.s.a.m.AuthorizationManagerBeforeMethodInterceptor - Authorized method invocation ReflectiveMethodInvocation: public java.lang.Long com.example.backend.controller.NotificationController.getUnreadCount(java.lang.String); target is of class [com.example.backend.controller.NotificationController]
2026-05-07 18:01:13 [http-nio-8081-exec-1] DEBUG o.s.security.web.FilterChainProxy - Securing GET /api/v1/notifications/unread-count
2026-05-07 18:01:13 [http-nio-8081-exec-1] DEBUG o.s.security.web.FilterChainProxy - Secured GET /api/v1/notifications/unread-count
2026-05-07 18:01:13 [http-nio-8081-exec-1] DEBUG o.s.s.a.m.AuthorizationManagerBeforeMethodInterceptor - Authorizing method invocation ReflectiveMethodInvocation: public java.lang.Long com.example.backend.controller.NotificationController.getUnreadCount(java.lang.String); target is of class [com.example.backend.controller.NotificationController]
2026-05-07 18:01:13 [http-nio-8081-exec-1] DEBUG o.s.s.a.m.AuthorizationManagerBeforeMethodInterceptor - Authorized method invocation ReflectiveMethodInvocation: public java.lang.Long com.example.backend.controller.NotificationController.getUnreadCount(java.lang.String); target is of class [com.example.backend.controller.NotificationController]
2026-05-07 18:01:13 [http-nio-8081-exec-9] DEBUG o.s.security.web.FilterChainProxy - Securing GET /api/v1/notifications/unread-count
2026-05-07 18:01:13 [http-nio-8081-exec-9] DEBUG o.s.security.web.FilterChainProxy - Secured GET /api/v1/notifications/unread-count
2026-05-07 18:01:13 [http-nio-8081-exec-9] DEBUG o.s.s.a.m.AuthorizationManagerBeforeMethodInterceptor - Authorizing method invocation ReflectiveMethodInvocation: public java.lang.Long com.example.backend.controller.NotificationController.getUnreadCount(java.lang.String); target is of class [com.example.backend.controller.NotificationController]
2026-05-07 18:01:13 [http-nio-8081-exec-9] DEBUG o.s.s.a.m.AuthorizationManagerBeforeMethodInterceptor - Authorized method invocation ReflectiveMethodInvocation: public java.lang.Long com.example.backend.controller.NotificationController.getUnreadCount(java.lang.String); target is of class [com.example.backend.controller.NotificationController]
2026-05-07 18:01:16 [http-nio-8081-exec-10] DEBUG o.s.security.web.FilterChainProxy - Securing POST /auth/login
2026-05-07 18:01:16 [http-nio-8081-exec-10] DEBUG o.s.security.web.FilterChainProxy - Secured POST /auth/login
2026-05-07 18:01:16 [http-nio-8081-exec-10] DEBUG o.s.s.w.a.AnonymousAuthenticationFilter - Set SecurityContextHolder to anonymous SecurityContext
2026-05-07 18:01:16 [http-nio-8081-exec-8] DEBUG o.s.security.web.FilterChainProxy - Securing POST /api/v1/comments
2026-05-07 18:01:16 [http-nio-8081-exec-8] DEBUG o.s.security.web.FilterChainProxy - Secured POST /api/v1/comments
2026-05-07 18:01:16 [http-nio-8081-exec-8] DEBUG o.s.s.a.m.AuthorizationManagerBeforeMethodInterceptor - Authorizing method invocation ReflectiveMethodInvocation: public com.example.backend.dto.response.CommentResponse com.example.backend.controller.CommentController.createComment(java.lang.String,com.example.backend.dto.request.CommentRequest); target is of class [com.example.backend.controller.CommentController]
2026-05-07 18:01:16 [http-nio-8081-exec-8] DEBUG o.s.s.a.m.AuthorizationManagerBeforeMethodInterceptor - Authorized method invocation ReflectiveMethodInvocation: public com.example.backend.dto.response.CommentResponse com.example.backend.controller.CommentController.createComment(java.lang.String,com.example.backend.dto.request.CommentRequest); target is of class [com.example.backend.controller.CommentController]
2026-05-07 18:01:16 [http-nio-8081-exec-8] ERROR o.a.c.c.C.[.[.[.[dispatcherServlet] - Servlet.service() for servlet [dispatcherServlet] in context with path [] threw exception [Request processing failed: java.lang.RuntimeException: Post not found] with root cause
java.lang.RuntimeException: Post not found
	at com.example.backend.service.comment.impl.CommentServiceImpl.lambda$createComment$1(CommentServiceImpl.java:39)
	at java.base/java.util.Optional.orElseThrow(Optional.java:403)
	at com.example.backend.service.comment.impl.CommentServiceImpl.createComment(CommentServiceImpl.java:39)
	at java.base/jdk.internal.reflect.NativeMethodAccessorImpl.invoke0(Native Method)
	at java.base/jdk.internal.reflect.NativeMethodAccessorImpl.invoke(NativeMethodAccessorImpl.java:77)
	at java.base/jdk.internal.reflect.DelegatingMethodAccessorImpl.invoke(DelegatingMethodAccessorImpl.java:43)
	at java.base/java.lang.reflect.Method.invoke(Method.java:569)
	at org.springframework.aop.support.AopUtils.invokeJoinpointUsingReflection(AopUtils.java:359)
	at org.springframework.aop.framework.ReflectiveMethodInvocation.invokeJoinpoint(ReflectiveMethodInvocation.java:190)
	at org.springframework.aop.framework.ReflectiveMethodInvocation.proceed(ReflectiveMethodInvocation.java:158)
	at org.springframework.transaction.interceptor.TransactionInterceptor$1.proceedWithInvocation(TransactionInterceptor.java:133)
	at org.springframework.transaction.interceptor.TransactionAspectSupport.invokeWithinTransaction(TransactionAspectSupport.java:371)
	at org.springframework.transaction.interceptor.TransactionInterceptor.invoke(TransactionInterceptor.java:130)
	at org.springframework.aop.framework.ReflectiveMethodInvocation.proceed(ReflectiveMethodInvocation.java:179)
	at org.springframework.aop.framework.CglibAopProxy$DynamicAdvisedInterceptor.intercept(CglibAopProxy.java:719)
	at com.example.backend.service.comment.impl.CommentServiceImpl$$SpringCGLIB$$0.createComment(<generated>)
	at com.example.backend.controller.CommentController.createComment(CommentController.java:27)
	at java.base/jdk.internal.reflect.NativeMethodAccessorImpl.invoke0(Native Method)
	at java.base/jdk.internal.reflect.NativeMethodAccessorImpl.invoke(NativeMethodAccessorImpl.java:77)
	at java.base/jdk.internal.reflect.DelegatingMethodAccessorImpl.invoke(DelegatingMethodAccessorImpl.java:43)
	at java.base/java.lang.reflect.Method.invoke(Method.java:569)
	at org.springframework.aop.support.AopUtils.invokeJoinpointUsingReflection(AopUtils.java:359)
	at org.springframework.aop.framework.ReflectiveMethodInvocation.invokeJoinpoint(ReflectiveMethodInvocation.java:190)
	at org.springframework.aop.framework.ReflectiveMethodInvocation.proceed(ReflectiveMethodInvocation.java:158)
	at org.springframework.security.authorization.method.AuthorizationManagerBeforeMethodInterceptor.proceed(AuthorizationManagerBeforeMethodInterceptor.java:271)
	at org.springframework.security.authorization.method.AuthorizationManagerBeforeMethodInterceptor.attemptAuthorization(AuthorizationManagerBeforeMethodInterceptor.java:266)
	at org.springframework.security.authorization.method.AuthorizationManagerBeforeMethodInterceptor.invoke(AuthorizationManagerBeforeMethodInterceptor.java:197)
	at org.springframework.security.config.annotation.method.configuration.DeferringMethodInterceptor.invoke(DeferringMethodInterceptor.java:44)
	at org.springframework.aop.framework.ReflectiveMethodInvocation.proceed(ReflectiveMethodInvocation.java:179)
	at org.springframework.aop.framework.CglibAopProxy$DynamicAdvisedInterceptor.intercept(CglibAopProxy.java:719)
	at com.example.backend.controller.CommentController$$SpringCGLIB$$0.createComment(<generated>)
	at java.base/jdk.internal.reflect.NativeMethodAccessorImpl.invoke0(Native Method)
	at java.base/jdk.internal.reflect.NativeMethodAccessorImpl.invoke(NativeMethodAccessorImpl.java:77)
	at java.base/jdk.internal.reflect.DelegatingMethodAccessorImpl.invoke(DelegatingMethodAccessorImpl.java:43)
	at java.base/java.lang.reflect.Method.invoke(Method.java:569)
	at org.springframework.web.method.support.InvocableHandlerMethod.doInvoke(InvocableHandlerMethod.java:252)
	at org.springframework.web.method.support.InvocableHandlerMethod.invokeForRequest(InvocableHandlerMethod.java:184)
	at org.springframework.web.servlet.mvc.method.annotation.ServletInvocableHandlerMethod.invokeAndHandle(ServletInvocableHandlerMethod.java:117)
	at org.springframework.web.servlet.mvc.method.annotation.RequestMappingHandlerAdapter.invokeHandlerMethod(RequestMappingHandlerAdapter.java:934)
	at org.springframework.web.servlet.mvc.method.annotation.RequestMappingHandlerAdapter.handleInternal(RequestMappingHandlerAdapter.java:853)
	at org.springframework.web.servlet.mvc.method.AbstractHandlerMethodAdapter.handle(AbstractHandlerMethodAdapter.java:86)
	at org.springframework.web.servlet.DispatcherServlet.doDispatch(DispatcherServlet.java:963)
	at org.springframework.web.servlet.DispatcherServlet.doService(DispatcherServlet.java:866)
	at org.springframework.web.servlet.FrameworkServlet.processRequest(FrameworkServlet.java:1000)
	at org.springframework.web.servlet.FrameworkServlet.doPost(FrameworkServlet.java:903)
	at jakarta.servlet.http.HttpServlet.service(HttpServlet.java:649)
	at org.springframework.web.servlet.FrameworkServlet.service(FrameworkServlet.java:874)
	at jakarta.servlet.http.HttpServlet.service(HttpServlet.java:710)
	at org.apache.catalina.core.ApplicationFilterChain.doFilter(ApplicationFilterChain.java:128)
	at org.apache.tomcat.websocket.server.WsFilter.doFilter(WsFilter.java:53)
	at org.apache.catalina.core.ApplicationFilterChain.doFilter(ApplicationFilterChain.java:107)
	at org.springframework.web.filter.OncePerRequestFilter.doFilter(OncePerRequestFilter.java:110)
	at org.apache.catalina.core.ApplicationFilterChain.doFilter(ApplicationFilterChain.java:107)
	at org.springframework.web.filter.CompositeFilter$VirtualFilterChain.doFilter(CompositeFilter.java:108)
	at org.springframework.security.web.FilterChainProxy.lambda$doFilterInternal$3(FilterChainProxy.java:235)
	at org.springframework.security.web.FilterChainProxy$VirtualFilterChain.doFilter(FilterChainProxy.java:371)
	at org.springframework.security.web.access.intercept.AuthorizationFilter.doFilter(AuthorizationFilter.java:101)
	at org.springframework.security.web.FilterChainProxy$VirtualFilterChain.doFilter(FilterChainProxy.java:380)
	at org.springframework.security.web.access.ExceptionTranslationFilter.doFilter(ExceptionTranslationFilter.java:126)
	at org.springframework.security.web.access.ExceptionTranslationFilter.doFilter(ExceptionTranslationFilter.java:120)
	at org.springframework.security.web.FilterChainProxy$VirtualFilterChain.doFilter(FilterChainProxy.java:380)
	at org.springframework.security.web.authentication.AnonymousAuthenticationFilter.doFilter(AnonymousAuthenticationFilter.java:100)
	at org.springframework.security.web.FilterChainProxy$VirtualFilterChain.doFilter(FilterChainProxy.java:380)
	at org.springframework.security.web.servletapi.SecurityContextHolderAwareRequestFilter.doFilter(SecurityContextHolderAwareRequestFilter.java:181)
	at org.springframework.security.web.FilterChainProxy$VirtualFilterChain.doFilter(FilterChainProxy.java:380)
	at org.springframework.security.web.savedrequest.RequestCacheAwareFilter.doFilter(RequestCacheAwareFilter.java:63)
	at org.springframework.security.web.FilterChainProxy$VirtualFilterChain.doFilter(FilterChainProxy.java:380)
	at com.example.backend.config.JwtFilter.doFilterInternal(JwtFilter.java:71)
	at org.springframework.web.filter.OncePerRequestFilter.doFilter(OncePerRequestFilter.java:116)
	at org.springframework.security.web.FilterChainProxy$VirtualFilterChain.doFilter(FilterChainProxy.java:380)
	at org.springframework.security.web.authentication.logout.LogoutFilter.doFilter(LogoutFilter.java:110)
	at org.springframework.security.web.authentication.logout.LogoutFilter.doFilter(LogoutFilter.java:96)
	at org.springframework.security.web.FilterChainProxy$VirtualFilterChain.doFilter(FilterChainProxy.java:380)
	at org.springframework.web.filter.CorsFilter.doFilterInternal(CorsFilter.java:91)
	at org.springframework.web.filter.OncePerRequestFilter.doFilter(OncePerRequestFilter.java:116)
	at org.springframework.security.web.FilterChainProxy$VirtualFilterChain.doFilter(FilterChainProxy.java:380)
	at org.springframework.security.web.header.HeaderWriterFilter.doHeadersAfter(HeaderWriterFilter.java:90)
	at org.springframework.security.web.header.HeaderWriterFilter.doFilterInternal(HeaderWriterFilter.java:75)
	at org.springframework.web.filter.OncePerRequestFilter.doFilter(OncePerRequestFilter.java:116)
	at org.springframework.security.web.FilterChainProxy$VirtualFilterChain.doFilter(FilterChainProxy.java:380)
	at org.springframework.security.web.context.SecurityContextHolderFilter.doFilter(SecurityContextHolderFilter.java:82)
	at org.springframework.security.web.context.SecurityContextHolderFilter.doFilter(SecurityContextHolderFilter.java:69)
	at org.springframework.security.web.FilterChainProxy$VirtualFilterChain.doFilter(FilterChainProxy.java:380)
	at org.springframework.security.web.context.request.async.WebAsyncManagerIntegrationFilter.doFilterInternal(WebAsyncManagerIntegrationFilter.java:62)
	at org.springframework.web.filter.OncePerRequestFilter.doFilter(OncePerRequestFilter.java:116)
	at org.springframework.security.web.FilterChainProxy$VirtualFilterChain.doFilter(FilterChainProxy.java:380)
	at org.springframework.security.web.session.DisableEncodeUrlFilter.doFilterInternal(DisableEncodeUrlFilter.java:42)
	at org.springframework.web.filter.OncePerRequestFilter.doFilter(OncePerRequestFilter.java:116)
	at org.springframework.security.web.FilterChainProxy$VirtualFilterChain.doFilter(FilterChainProxy.java:380)
	at org.springframework.security.web.FilterChainProxy.doFilterInternal(FilterChainProxy.java:237)
	at org.springframework.security.web.FilterChainProxy.doFilter(FilterChainProxy.java:195)
	at org.springframework.web.filter.CompositeFilter$VirtualFilterChain.doFilter(CompositeFilter.java:113)
	at org.springframework.web.filter.ServletRequestPathFilter.doFilter(ServletRequestPathFilter.java:52)
	at org.springframework.web.filter.CompositeFilter$VirtualFilterChain.doFilter(CompositeFilter.java:113)
	at org.springframework.web.filter.CompositeFilter.doFilter(CompositeFilter.java:74)
	at org.springframework.security.config.annotation.web.configuration.WebSecurityConfiguration$CompositeFilterChainProxy.doFilter(WebSecurityConfiguration.java:317)
	at org.springframework.web.filter.DelegatingFilterProxy.invokeDelegate(DelegatingFilterProxy.java:355)
	at org.springframework.web.filter.DelegatingFilterProxy.doFilter(DelegatingFilterProxy.java:272)
	at org.apache.catalina.core.ApplicationFilterChain.doFilter(ApplicationFilterChain.java:107)
	at org.springframework.web.filter.RequestContextFilter.doFilterInternal(RequestContextFilter.java:100)
	at org.springframework.web.filter.OncePerRequestFilter.doFilter(OncePerRequestFilter.java:116)
	at org.apache.catalina.core.ApplicationFilterChain.doFilter(ApplicationFilterChain.java:107)
	at org.springframework.web.filter.FormContentFilter.doFilterInternal(FormContentFilter.java:93)
	at org.springframework.web.filter.OncePerRequestFilter.doFilter(OncePerRequestFilter.java:116)
	at org.apache.catalina.core.ApplicationFilterChain.doFilter(ApplicationFilterChain.java:107)
	at org.springframework.web.filter.CharacterEncodingFilter.doFilterInternal(CharacterEncodingFilter.java:199)
	at org.springframework.web.filter.OncePerRequestFilter.doFilter(OncePerRequestFilter.java:116)
	at org.apache.catalina.core.ApplicationFilterChain.doFilter(ApplicationFilterChain.java:107)
	at org.apache.catalina.core.StandardWrapperValve.invoke(StandardWrapperValve.java:165)
	at org.apache.catalina.core.StandardContextValve.invoke(StandardContextValve.java:77)
	at org.apache.catalina.authenticator.AuthenticatorBase.invoke(AuthenticatorBase.java:492)
	at org.apache.catalina.core.StandardHostValve.invoke(StandardHostValve.java:113)
	at org.apache.catalina.valves.ErrorReportValve.invoke(ErrorReportValve.java:83)
	at org.apache.catalina.core.StandardEngineValve.invoke(StandardEngineValve.java:72)
	at org.apache.catalina.connector.CoyoteAdapter.service(CoyoteAdapter.java:341)
	at org.apache.coyote.http11.Http11Processor.service(Http11Processor.java:397)
	at org.apache.coyote.AbstractProcessorLight.process(AbstractProcessorLight.java:63)
	at org.apache.coyote.AbstractProtocol$ConnectionHandler.process(AbstractProtocol.java:903)
	at org.apache.tomcat.util.net.NioEndpoint$SocketProcessor.doRun(NioEndpoint.java:1779)
	at org.apache.tomcat.util.net.SocketProcessorBase.run(SocketProcessorBase.java:52)
	at org.apache.tomcat.util.threads.ThreadPoolExecutor.runWorker(ThreadPoolExecutor.java:946)
	at org.apache.tomcat.util.threads.ThreadPoolExecutor$Worker.run(ThreadPoolExecutor.java:480)
	at org.apache.tomcat.util.threads.TaskThread$WrappingRunnable.run(TaskThread.java:57)
	at java.base/java.lang.Thread.run(Thread.java:840)
2026-05-07 18:01:16 [http-nio-8081-exec-8] DEBUG o.s.security.web.FilterChainProxy - Securing GET /error
2026-05-07 18:01:16 [http-nio-8081-exec-8] DEBUG o.s.security.web.FilterChainProxy - Secured GET /error
2026-05-07 18:01:16 [http-nio-8081-exec-8] DEBUG o.s.s.w.a.AnonymousAuthenticationFilter - Set SecurityContextHolder to anonymous SecurityContext
2026-05-07 18:01:25 [http-nio-8081-exec-7] DEBUG o.s.security.web.FilterChainProxy - Securing GET /api/v1/notifications/unread-count
2026-05-07 18:01:25 [http-nio-8081-exec-7] DEBUG o.s.security.web.FilterChainProxy - Secured GET /api/v1/notifications/unread-count
2026-05-07 18:01:25 [http-nio-8081-exec-7] DEBUG o.s.s.a.m.AuthorizationManagerBeforeMethodInterceptor - Authorizing method invocation ReflectiveMethodInvocation: public java.lang.Long com.example.backend.controller.NotificationController.getUnreadCount(java.lang.String); target is of class [com.example.backend.controller.NotificationController]
2026-05-07 18:01:25 [http-nio-8081-exec-7] DEBUG o.s.s.a.m.AuthorizationManagerBeforeMethodInterceptor - Authorized method invocation ReflectiveMethodInvocation: public java.lang.Long com.example.backend.controller.NotificationController.getUnreadCount(java.lang.String); target is of class [com.example.backend.controller.NotificationController]
2026-05-07 18:01:28 [http-nio-8081-exec-4] DEBUG o.s.security.web.FilterChainProxy - Securing GET /api/v1/notifications/unread-count
2026-05-07 18:01:28 [http-nio-8081-exec-4] DEBUG o.s.security.web.FilterChainProxy - Secured GET /api/v1/notifications/unread-count
2026-05-07 18:01:28 [http-nio-8081-exec-4] DEBUG o.s.s.a.m.AuthorizationManagerBeforeMethodInterceptor - Authorizing method invocation ReflectiveMethodInvocation: public java.lang.Long com.example.backend.controller.NotificationController.getUnreadCount(java.lang.String); target is of class [com.example.backend.controller.NotificationController]
2026-05-07 18:01:28 [http-nio-8081-exec-4] DEBUG o.s.s.a.m.AuthorizationManagerBeforeMethodInterceptor - Authorized method invocation ReflectiveMethodInvocation: public java.lang.Long com.example.backend.controller.NotificationController.getUnreadCount(java.lang.String); target is of class [com.example.backend.controller.NotificationController]
2026-05-07 18:01:28 [http-nio-8081-exec-3] DEBUG o.s.security.web.FilterChainProxy - Securing GET /api/v1/notifications/unread-count
2026-05-07 18:01:28 [http-nio-8081-exec-3] DEBUG o.s.security.web.FilterChainProxy - Secured GET /api/v1/notifications/unread-count
2026-05-07 18:01:28 [http-nio-8081-exec-3] DEBUG o.s.s.a.m.AuthorizationManagerBeforeMethodInterceptor - Authorizing method invocation ReflectiveMethodInvocation: public java.lang.Long com.example.backend.controller.NotificationController.getUnreadCount(java.lang.String); target is of class [com.example.backend.controller.NotificationController]
2026-05-07 18:01:28 [http-nio-8081-exec-3] DEBUG o.s.s.a.m.AuthorizationManagerBeforeMethodInterceptor - Authorized method invocation ReflectiveMethodInvocation: public java.lang.Long com.example.backend.controller.NotificationController.getUnreadCount(java.lang.String); target is of class [com.example.backend.controller.NotificationController]
2026-05-07 18:01:40 [http-nio-8081-exec-1] DEBUG o.s.security.web.FilterChainProxy - Securing GET /api/v1/notifications/unread-count
2026-05-07 18:01:40 [http-nio-8081-exec-1] DEBUG o.s.security.web.FilterChainProxy - Secured GET /api/v1/notifications/unread-count
2026-05-07 18:01:40 [http-nio-8081-exec-1] DEBUG o.s.s.a.m.AuthorizationManagerBeforeMethodInterceptor - Authorizing method invocation ReflectiveMethodInvocation: public java.lang.Long com.example.backend.controller.NotificationController.getUnreadCount(java.lang.String); target is of class [com.example.backend.controller.NotificationController]
2026-05-07 18:01:40 [http-nio-8081-exec-1] DEBUG o.s.s.a.m.AuthorizationManagerBeforeMethodInterceptor - Authorized method invocation ReflectiveMethodInvocation: public java.lang.Long com.example.backend.controller.NotificationController.getUnreadCount(java.lang.String); target is of class [com.example.backend.controller.NotificationController]
2026-05-07 18:01:43 [http-nio-8081-exec-9] DEBUG o.s.security.web.FilterChainProxy - Securing GET /api/v1/notifications/unread-count
2026-05-07 18:01:43 [http-nio-8081-exec-9] DEBUG o.s.security.web.FilterChainProxy - Secured GET /api/v1/notifications/unread-count
2026-05-07 18:01:43 [http-nio-8081-exec-9] DEBUG o.s.s.a.m.AuthorizationManagerBeforeMethodInterceptor - Authorizing method invocation ReflectiveMethodInvocation: public java.lang.Long com.example.backend.controller.NotificationController.getUnreadCount(java.lang.String); target is of class [com.example.backend.controller.NotificationController]
2026-05-07 18:01:43 [http-nio-8081-exec-9] DEBUG o.s.s.a.m.AuthorizationManagerBeforeMethodInterceptor - Authorized method invocation ReflectiveMethodInvocation: public java.lang.Long com.example.backend.controller.NotificationController.getUnreadCount(java.lang.String); target is of class [com.example.backend.controller.NotificationController]
2026-05-07 18:01:43 [http-nio-8081-exec-2] DEBUG o.s.security.web.FilterChainProxy - Securing GET /api/v1/notifications/unread-count
2026-05-07 18:01:43 [http-nio-8081-exec-2] DEBUG o.s.security.web.FilterChainProxy - Secured GET /api/v1/notifications/unread-count
2026-05-07 18:01:43 [http-nio-8081-exec-2] DEBUG o.s.s.a.m.AuthorizationManagerBeforeMethodInterceptor - Authorizing method invocation ReflectiveMethodInvocation: public java.lang.Long com.example.backend.controller.NotificationController.getUnreadCount(java.lang.String); target is of class [com.example.backend.controller.NotificationController]
2026-05-07 18:01:43 [http-nio-8081-exec-2] DEBUG o.s.s.a.m.AuthorizationManagerBeforeMethodInterceptor - Authorized method invocation ReflectiveMethodInvocation: public java.lang.Long com.example.backend.controller.NotificationController.getUnreadCount(java.lang.String); target is of class [com.example.backend.controller.NotificationController]
2026-05-07 18:01:48 [http-nio-8081-exec-10] DEBUG o.s.security.web.FilterChainProxy - Securing POST /api/v1/posts/1a31afa4-7e4b-4801-9e2d-e37dc45ca555/like?userId=cb202a3a-1d25-42ea-9eee-67c7c85b9ef1
2026-05-07 18:01:48 [http-nio-8081-exec-10] DEBUG o.s.security.web.FilterChainProxy - Secured POST /api/v1/posts/1a31afa4-7e4b-4801-9e2d-e37dc45ca555/like?userId=cb202a3a-1d25-42ea-9eee-67c7c85b9ef1
2026-05-07 18:01:48 [http-nio-8081-exec-8] DEBUG o.s.security.web.FilterChainProxy - Securing POST /api/v1/posts/1a31afa4-7e4b-4801-9e2d-e37dc45ca555/like?userId=cb202a3a-1d25-42ea-9eee-67c7c85b9ef1
2026-05-07 18:01:48 [http-nio-8081-exec-8] DEBUG o.s.security.web.FilterChainProxy - Secured POST /api/v1/posts/1a31afa4-7e4b-4801-9e2d-e37dc45ca555/like?userId=cb202a3a-1d25-42ea-9eee-67c7c85b9ef1
2026-05-07 18:01:57 [http-nio-8081-exec-5] DEBUG o.s.security.web.FilterChainProxy - Securing GET /api/v1/notifications/unread-count
2026-05-07 18:01:57 [http-nio-8081-exec-5] DEBUG o.s.security.web.FilterChainProxy - Secured GET /api/v1/notifications/unread-count
2026-05-07 18:01:57 [http-nio-8081-exec-5] DEBUG o.s.s.a.m.AuthorizationManagerBeforeMethodInterceptor - Authorizing method invocation ReflectiveMethodInvocation: public java.lang.Long com.example.backend.controller.NotificationController.getUnreadCount(java.lang.String); target is of class [com.example.backend.controller.NotificationController]
2026-05-07 18:01:57 [http-nio-8081-exec-5] DEBUG o.s.s.a.m.AuthorizationManagerBeforeMethodInterceptor - Authorized method invocation ReflectiveMethodInvocation: public java.lang.Long com.example.backend.controller.NotificationController.getUnreadCount(java.lang.String); target is of class [com.example.backend.controller.NotificationController]
2026-05-07 18:01:58 [http-nio-8081-exec-6] DEBUG o.s.security.web.FilterChainProxy - Securing GET /api/v1/notifications/unread-count
2026-05-07 18:01:58 [http-nio-8081-exec-6] DEBUG o.s.security.web.FilterChainProxy - Secured GET /api/v1/notifications/unread-count
2026-05-07 18:01:58 [http-nio-8081-exec-6] DEBUG o.s.s.a.m.AuthorizationManagerBeforeMethodInterceptor - Authorizing method invocation ReflectiveMethodInvocation: public java.lang.Long com.example.backend.controller.NotificationController.getUnreadCount(java.lang.String); target is of class [com.example.backend.controller.NotificationController]
2026-05-07 18:01:58 [http-nio-8081-exec-6] DEBUG o.s.s.a.m.AuthorizationManagerBeforeMethodInterceptor - Authorized method invocation ReflectiveMethodInvocation: public java.lang.Long com.example.backend.controller.NotificationController.getUnreadCount(java.lang.String); target is of class [com.example.backend.controller.NotificationController]
2026-05-07 18:01:59 [http-nio-8081-exec-7] DEBUG o.s.security.web.FilterChainProxy - Securing GET /api/v1/notifications/unread-count
2026-05-07 18:01:59 [http-nio-8081-exec-7] DEBUG o.s.security.web.FilterChainProxy - Secured GET /api/v1/notifications/unread-count
2026-05-07 18:01:59 [http-nio-8081-exec-7] DEBUG o.s.s.a.m.AuthorizationManagerBeforeMethodInterceptor - Authorizing method invocation ReflectiveMethodInvocation: public java.lang.Long com.example.backend.controller.NotificationController.getUnreadCount(java.lang.String); target is of class [com.example.backend.controller.NotificationController]
2026-05-07 18:01:59 [http-nio-8081-exec-7] DEBUG o.s.s.a.m.AuthorizationManagerBeforeMethodInterceptor - Authorized method invocation ReflectiveMethodInvocation: public java.lang.Long com.example.backend.controller.NotificationController.getUnreadCount(java.lang.String); target is of class [com.example.backend.controller.NotificationController]
2026-05-07 18:02:02 [SpringApplicationShutdownHook] INFO  o.s.boot.tomcat.GracefulShutdown - Commencing graceful shutdown. Waiting for active requests to complete
2026-05-07 18:02:02 [tomcat-shutdown] INFO  o.s.boot.tomcat.GracefulShutdown - Graceful shutdown complete
2026-05-07 18:02:02 [SpringApplicationShutdownHook] INFO  o.s.o.j.LocalContainerEntityManagerFactoryBean - Closing JPA EntityManagerFactory for persistence unit 'default'
2026-05-07 18:02:02 [SpringApplicationShutdownHook] INFO  com.zaxxer.hikari.HikariDataSource - HikariPool-1 - Shutdown initiated...
2026-05-07 18:02:02 [SpringApplicationShutdownHook] INFO  com.zaxxer.hikari.HikariDataSource - HikariPool-1 - Shutdown completed.
